ship_id,vessel_class,vessel_type,timestamp,source,speed_kn,sog_kn,load_ratio,draft_ratio,trim_m,days_since_cleaning,wind_speed_ms,wind_rel_deg,wave_height_m,wave_rel_deg,current_kn,fuel_tpd,design_speed_kn,mcr_kw,displacement_t,length_m,block_coefficient,aux_sea_kw
FEEDER-01,FEEDER,container,2025-01-01 00:00:00,synthetic,16.7658,16.7870,0.8691,0.9706,0.3509,500.2423,8.3813,5.0178,1.8181,33.1252,0.0212,43.6897,19.0000,13000,31000,170,0.6500,800
FEEDER-01,FEEDER,container,2025-01-01 03:00:00,synthetic,16.7513,16.7517,0.8741,0.9705,0.4868,500.3673,7.9002,6.1722,1.9208,6.8623,0.0005,44.8151,19.0000,13000,31000,170,0.6500,800
FEEDER-01,FEEDER,container,2025-01-01 06:00:00,synthetic,16.8246,16.8845,0.8654,0.9715,0.2742,500.4923,7.6443,0.1419,1.6180,0.0000,0.0599,42.9282,19.0000,13000,31000,170,0.6500,800
FEEDER-01,FEEDER,container,2025-01-01 09:00:00,synthetic,17.1603,17.3904,0.8775,0.9701,0.3897,500.6173,11.6730,14.4342,2.3942,28.2323,0.2301,49.2257,19.0000,13000,31000,170,0.6500,800
FEEDER-01,FEEDER,container,2025-01-01 12:00:00,synthetic,16.5808,16.7675,0.8766,0.9715,0.3914,500.7423,10.3487,28.6802,1.9065,17.7185,0.1867,41.0975,19.0000,13000,31000,170,0.6500,800
FEEDER-01,FEEDER,container,2025-01-01 15:00:00,synthetic,16.6064,16.8282,0.8921,0.9721,0.2416,500.8673,7.3436,21.3340,1.7706,0.3958,0.2218,41.8497,19.0000,13000,31000,170,0.6500,800
FEEDER-01,FEEDER,container,2025-01-01 18:00:00,synthetic,16.7137,17.1195,0.8815,0.9703,-0.0533,500.9923,10.0658,9.1730,1.9328,0.0000,0.4058,45.8645,19.0000,13000,31000,170,0.6500,800
FEEDER-01,FEEDER,container,2025-01-01 21:00:00,synthetic,16.8247,17.1894,0.8802,0.9720,-0.0552,501.1173,8.5350,19.2946,2.2391,27.3333,0.3647,44.0593,19.0000,13000,31000,170,0.6500,800
FEEDER-01,FEEDER,container,2025-01-02 00:00:00,synthetic,16.7732,16.9440,0.8785,0.9751,0.1740,501.2423,11.1711,18.4909,2.7198,23.6363,0.1708,45.8022,19.0000,13000,31000,170,0.6500,800
FEEDER-01,FEEDER,container,2025-01-02 03:00:00,synthetic,16.4412,16.7090,0.8718,0.9764,0.4294,501.3673,10.2815,21.6873,2.7367,59.6059,0.2678,41.6876,19.0000,13000,31000,170,0.6500,800
FEEDER-01,FEEDER,container,2025-01-02 06:00:00,synthetic,16.6134,17.0918,0.8912,0.9783,0.4847,501.4923,12.6938,23.7739,3.0947,16.5217,0.4784,45.8061,19.0000,13000,31000,170,0.6500,800
FEEDER-01,FEEDER,container,2025-01-02 09:00:00,synthetic,17.0450,17.7007,0.8944,0.9784,0.7728,501.6173,11.2165,21.3297,2.5344,13.6509,0.6557,48.1367,19.0000,13000,31000,170,0.6500,800
FEEDER-01,FEEDER,container,2025-01-02 12:00:00,synthetic,16.7054,17.4400,0.8702,0.9760,0.7597,501.7423,12.1821,31.6726,2.8111,67.6635,0.7345,44.8994,19.0000,13000,31000,170,0.6500,800
FEEDER-01,FEEDER,container,2025-01-02 15:00:00,synthetic,16.9373,17.2691,0.8985,0.9735,0.8923,501.8673,11.7232,40.5304,3.0832,65.1715,0.3318,45.6025,19.0000,13000,31000,170,0.6500,800
FEEDER-01,FEEDER,container,2025-01-02 18:00:00,synthetic,16.8724,17.0884,0.8756,0.9738,0.8161,501.9923,12.9898,42.9404,3.7233,46.5628,0.2160,47.0876,19.0000,13000,31000,170,0.6500,800
FEEDER-01,FEEDER,container,2025-01-02 21:00:00,synthetic,16.8766,16.9905,0.8748,0.9730,0.7330,502.1173,9.5411,44.1034,2.5127,5.0781,0.1139,43.7672,19.0000,13000,31000,170,0.6500,800
FEEDER-01,FEEDER,container,2025-01-03 00:00:00,synthetic,16.6717,16.7869,0.8871,0.9717,0.6285,502.2423,8.5414,53.1110,1.9235,32.8147,0.1152,40.4642,19.0000,13000,31000,170,0.6500,800
FEEDER-01,FEEDER,container,2025-01-03 03:00:00,synthetic,16.6587,17.0317,0.8880,0.9716,0.3255,502.3673,10.7586,46.7938,2.1963,20.4415,0.3730,40.7873,19.0000,13000,31000,170,0.6500,800
FEEDER-01,FEEDER,container,2025-01-03 06:00:00,synthetic,16.9915,17.1772,0.8816,0.9725,0.5199,502.4923,7.0641,50.1343,1.1352,51.0456,0.1857,42.1825,19.0000,13000,31000,170,0.6500,800
FEEDER-01,FEEDER,container,2025-01-03 09:00:00,synthetic,17.1071,17.6336,0.8789,0.9705,0.4271,502.6173,7.3320,53.5089,1.2740,40.8003,0.5265,43.1498,19.0000,13000,31000,170,0.6500,800
FEEDER-01,FEEDER,container,2025-01-03 12:00:00,synthetic,17.4410,17.8815,0.8941,0.9699,0.3137,502.7423,9.3214,51.2476,1.5810,91.3202,0.4404,45.2936,19.0000,13000,31000,170,0.6500,800
FEEDER-01,FEEDER,container,2025-01-03 15:00:00,synthetic,17.5916,17.8903,0.8761,0.9720,0.1486,502.8673,6.4541,52.2789,1.3149,12.9929,0.2987,47.1662,19.0000,13000,31000,170,0.6500,800
FEEDER-01,FEEDER,container,2025-01-03 18:00:00,synthetic,17.5571,17.9728,0.8816,0.9705,0.1307,502.9923,7.4787,45.5790,1.1625,16.5456,0.4157,47.2447,19.0000,13000,31000,170,0.6500,800
FEEDER-01,FEEDER,container,2025-01-03 21:00:00,synthetic,17.8034,18.3427,0.8993,0.9717,0.4004,503.1173,4.7084,53.0464,0.8306,59.1621,0.5392,47.0425,19.0000,13000,31000,170,0.6500,800
FEEDER-01,FEEDER,container,2025-01-04 00:00:00,synthetic,17.7265,18.3402,0.8690,0.9710,0.7102,503.2423,6.2895,64.2255,0.7984,77.2614,0.6137,47.0824,19.0000,13000,31000,170,0.6500,800
FEEDER-01,FEEDER,container,2025-01-04 03:00:00,synthetic,17.7466,18.2095,0.8777,0.9718,0.4630,503.3673,5.0737,66.7038,0.8327,2.0254,0.4629,44.4606,19.0000,13000,31000,170,0.6500,800
FEEDER-01,FEEDER,container,2025-01-04 06:00:00,synthetic,17.5266,18.0447,0.8926,0.9733,0.4138,503.4923,4.7693,66.2219,0.7608,22.8367,0.5182,43.2731,19.0000,13000,31000,170,0.6500,800
FEEDER-01,FEEDER,container,2025-01-04 09:00:00,synthetic,17.4268,17.7577,0.8876,0.9743,0.2669,503.6173,2.7871,76.1480,0.7464,69.5579,0.3309,41.8899,19.0000,13000,31000,170,0.6500,800
FEEDER-01,FEEDER,container,2025-01-04 12:00:00,synthetic,17.1865,17.3764,0.8913,0.9755,0.4194,503.7423,5.0088,87.2500,0.8234,121.1511,0.1899,40.9847,19.0000,13000,31000,170,0.6500,800
FEEDER-01,FEEDER,container,2025-01-04 15:00:00,synthetic,17.3486,17.5141,0.8691,0.9739,0.4650,503.8673,4.7703,85.7916,0.9523,132.9856,0.1656,40.0103,19.0000,13000,31000,170,0.6500,800
FEEDER-01,FEEDER,container,2025-01-04 18:00:00,synthetic,17.0230,17.0522,0.8855,0.9754,0.3746,503.9923,5.7986,91.8539,1.2139,81.4914,0.0293,40.8016,19.0000,13000,31000,170,0.6500,800
FEEDER-01,FEEDER,container,2025-01-04 21:00:00,synthetic,17.1742,17.3664,0.8795,0.9742,0.3903,504.1173,6.0056,103.4740,1.0611,99.2078,0.1922,40.4281,19.0000,13000,31000,170,0.6500,800
FEEDER-01,FEEDER,container,2025-01-05 00:00:00,synthetic,17.0909,17.1832,0.9051,0.9746,0.3254,504.2423,5.2763,95.7512,1.0980,74.8296,0.0923,41.3605,19.0000,13000,31000,170,0.6500,800
FEEDER-01,FEEDER,container,2025-01-05 03:00:00,synthetic,17.3102,17.3635,0.8904,0.9749,0.5674,504.3673,3.9086,100.8056,1.0536,116.6358,0.0533,40.8873,19.0000,13000,31000,170,0.6500,800
FEEDER-01,FEEDER,container,2025-01-05 06:00:00,synthetic,17.3974,17.3106,0.8821,0.9755,0.6466,504.4923,4.9991,91.6071,0.9699,129.8203,-0.0868,41.2795,19.0000,13000,31000,170,0.6500,800
FEEDER-01,FEEDER,container,2025-01-05 09:00:00,synthetic,17.6918,17.7713,0.8852,0.9759,0.7413,504.6173,1.8877,91.3793,1.0136,122.7799,0.0795,44.7726,19.0000,13000,31000,170,0.6500,800
FEEDER-01,FEEDER,container,2025-01-05 12:00:00,synthetic,17.6985,17.6700,0.8829,0.9747,0.3464,504.7423,2.2171,89.0213,1.1126,88.2962,-0.0285,45.1877,19.0000,13000,31000,170,0.6500,800
FEEDER-01,FEEDER,container,2025-01-05 15:00:00,synthetic,17.2202,17.3714,0.8893,0.9729,0.3426,504.8673,1.0692,90.7133,1.0492,69.7500,0.1513,39.6800,19.0000,13000,31000,170,0.6500,800
FEEDER-01,FEEDER,container,2025-01-05 18:00:00,synthetic,17.1536,17.4642,0.8738,0.9741,0.6526,504.9923,1.0822,111.9546,1.0330,112.1595,0.3105,37.7997,19.0000,13000,31000,170,0.6500,800
FEEDER-01,FEEDER,container,2025-01-05 21:00:00,synthetic,16.8683,17.0937,0.8960,0.9743,0.8428,505.1173,2.6269,121.0488,0.9849,155.5685,0.2254,36.1017,19.0000,13000,31000,170,0.6500,800
FEEDER-01,FEEDER,container,2025-01-06 00:00:00,synthetic,16.7774,16.9961,0.8691,0.9758,0.5645,505.2423,1.5956,122.0545,0.9590,112.0416,0.2187,37.8142,19.0000,13000,31000,170,0.6500,800
FEEDER-01,FEEDER,container,2025-01-06 03:00:00,synthetic,17.1308,17.2647,0.8844,0.9757,0.5182,505.3673,0.8369,119.1367,0.9401,73.7510,0.1338,41.2129,19.0000,13000,31000,170,0.6500,800
FEEDER-01,FEEDER,container,2025-01-06 06:00:00,synthetic,17.2301,17.4424,0.8741,0.9738,0.3438,505.4923,0.0000,133.4541,1.0037,124.4539,0.2124,39.1434,19.0000,13000,31000,170,0.6500,800
FEEDER-01,FEEDER,container,2025-01-06 09:00:00,synthetic,17.0288,17.2002,0.8828,0.9751,0.5995,505.6173,0.0000,133.8829,0.9377,126.9073,0.1714,38.8709,19.0000,13000,31000,170,0.6500,800
FEEDER-01,FEEDER,container,2025-01-06 12:00:00,synthetic,16.8017,16.8994,0.8922,0.9745,0.6335,505.7423,2.2198,142.8610,0.7541,97.3286,0.0976,37.0970,19.0000,13000,31000,170,0.6500,800
FEEDER-01,FEEDER,container,2025-01-06 15:00:00,synthetic,16.8398,16.9398,0.8652,0.9750,0.5189,505.8673,1.6192,140.9840,0.6430,146.7850,0.1000,39.4862,19.0000,13000,31000,170,0.6500,800
FEEDER-01,FEEDER,container,2025-01-06 18:00:00,synthetic,16.6079,16.4559,0.8806,0.9741,0.5247,505.9923,3.8523,141.1393,0.5764,153.7894,-0.1521,38.3636,19.0000,13000,31000,170,0.6500,800
FEEDER-01,FEEDER,container,2025-01-06 21:00:00,synthetic,16.5370,16.3806,0.8679,0.9763,0.1450,506.1173,3.5162,135.1912,0.5997,180.0000,-0.1563,36.1183,19.0000,13000,31000,170,0.6500,800
FEEDER-01,FEEDER,container,2025-01-07 09:00:00,synthetic,13.2579,13.3192,0.9555,0.9917,-0.1119,506.6173,2.4397,118.9043,0.4103,131.8949,0.0613,22.4271,19.0000,13000,31000,170,0.6500,800
FEEDER-01,FEEDER,container,2025-01-07 12:00:00,synthetic,13.3943,13.3809,0.9672,0.9921,-0.1478,506.7423,3.8358,96.3194,0.4272,71.1494,-0.0134,22.2692,19.0000,13000,31000,170,0.6500,800
FEEDER-01,FEEDER,container,2025-01-07 15:00:00,synthetic,13.4546,13.2674,0.9720,0.9943,0.0203,506.8673,5.2934,106.0699,0.5222,79.4468,-0.1872,22.8095,19.0000,13000,31000,170,0.6500,800
FEEDER-01,FEEDER,container,2025-01-07 18:00:00,synthetic,13.5747,13.3335,0.9598,0.9936,-0.1756,506.9923,2.9743,110.2920,0.3134,112.7219,-0.2412,24.0088,19.0000,13000,31000,170,0.6500,800
FEEDER-01,FEEDER,container,2025-01-07 21:00:00,synthetic,13.9232,14.0010,0.9687,0.9941,-0.1206,507.1173,4.2856,103.0811,0.3986,105.3356,0.0778,24.8154,19.0000,13000,31000,170,0.6500,800
FEEDER-01,FEEDER,container,2025-01-08 00:00:00,synthetic,13.4294,13.5463,0.9735,0.9903,-0.0909,507.2423,3.7895,97.0594,0.3676,83.0735,0.1169,23.5576,19.0000,13000,31000,170,0.6500,800
FEEDER-01,FEEDER,container,2025-01-08 03:00:00,synthetic,13.3434,13.3631,0.9505,0.9902,0.1782,507.3673,4.8144,93.1602,0.4787,125.4512,0.0197,23.3928,19.0000,13000,31000,170,0.6500,800
FEEDER-01,FEEDER,container,2025-01-08 06:00:00,synthetic,13.5229,13.3845,0.9741,0.9898,0.1557,507.4923,6.4467,87.7577,0.6778,77.7389,-0.1384,22.4922,19.0000,13000,31000,170,0.6500,800
FEEDER-01,FEEDER,container,2025-01-08 09:00:00,synthetic,13.2102,12.8292,0.9594,0.9886,0.1424,507.6173,5.9058,104.4261,0.8312,57.0836,-0.3811,20.8394,19.0000,13000,31000,170,0.6500,800
FEEDER-01,FEEDER,container,2025-01-08 12:00:00,synthetic,13.6022,13.1106,0.9499,0.9902,0.2792,507.7423,4.5864,91.7118,0.7496,86.1103,-0.4916,24.4198,19.0000,13000,31000,170,0.6500,800
FEEDER-01,FEEDER,container,2025-01-08 15:00:00,synthetic,13.6832,13.3346,0.9627,0.9897,0.0937,507.8673,6.5792,93.3429,1.0421,105.3497,-0.3485,24.8302,19.0000,13000,31000,170,0.6500,800
FEEDER-01,FEEDER,container,2025-01-08 18:00:00,synthetic,13.8484,13.4506,0.9590,0.9895,0.0751,507.9923,5.1104,83.3757,0.7595,91.9248,-0.3978,25.0869,19.0000,13000,31000,170,0.6500,800
FEEDER-01,FEEDER,container,2025-01-08 21:00:00,synthetic,13.6829,13.1554,0.9457,0.9890,0.0227,508.1173,2.6395,99.6439,0.4850,107.9995,-0.5275,24.0485,19.0000,13000,31000,170,0.6500,800
FEEDER-01,FEEDER,container,2025-01-09 00:00:00,synthetic,13.8413,13.2077,0.9487,0.9863,0.0182,508.2423,0.8811,97.5914,0.2411,134.9411,-0.6335,24.9332,19.0000,13000,31000,170,0.6500,800
FEEDER-01,FEEDER,container,2025-01-09 03:00:00,synthetic,14.0215,13.5210,0.9761,0.9848,0.1578,508.3673,1.4514,102.0994,0.1698,74.2297,-0.5005,25.5617,19.0000,13000,31000,170,0.6500,800
FEEDER-01,FEEDER,container,2025-01-09 06:00:00,synthetic,13.9901,13.5020,0.9625,0.9862,0.2502,508.4923,1.5839,97.5225,0.1745,86.9297,-0.4881,24.7402,19.0000,13000,31000,170,0.6500,800
FEEDER-01,FEEDER,container,2025-01-09 09:00:00,synthetic,13.9654,13.4038,0.9745,0.9832,0.1499,508.6173,0.7109,94.9859,0.3124,133.6122,-0.5616,25.4163,19.0000,13000,31000,170,0.6500,800
FEEDER-01,FEEDER,container,2025-01-09 12:00:00,synthetic,13.9532,13.3714,0.9556,0.9823,0.1817,508.7423,0.0708,92.0575,0.2577,42.8738,-0.5817,24.5636,19.0000,13000,31000,170,0.6500,800
FEEDER-01,FEEDER,container,2025-01-09 15:00:00,synthetic,13.7053,13.4971,0.9517,0.9818,0.4101,508.8673,0.9025,100.5290,0.2597,99.1867,-0.2082,23.9318,19.0000,13000,31000,170,0.6500,800
FEEDER-01,FEEDER,container,2025-01-09 18:00:00,synthetic,13.6573,13.6499,0.9429,0.9843,0.2929,508.9923,0.1632,100.9848,0.1793,131.7078,-0.0074,23.7350,19.0000,13000,31000,170,0.6500,800
FEEDER-01,FEEDER,container,2025-01-09 21:00:00,synthetic,13.6179,13.8401,0.9694,0.9854,0.3217,509.1173,0.4290,102.4261,0.1000,132.7765,0.2223,22.9995,19.0000,13000,31000,170,0.6500,800
FEEDER-01,FEEDER,container,2025-01-10 00:00:00,synthetic,13.6989,13.6365,0.9638,0.9847,0.3002,509.2423,2.1364,98.4637,0.1012,114.9666,-0.0624,23.3382,19.0000,13000,31000,170,0.6500,800
FEEDER-01,FEEDER,container,2025-01-10 03:00:00,synthetic,13.8931,13.8103,0.9556,0.9866,0.2984,509.3673,0.0000,90.5493,0.1004,107.6853,-0.0829,25.9497,19.0000,13000,31000,170,0.6500,800
FEEDER-01,FEEDER,container,2025-01-10 06:00:00,synthetic,13.6163,13.4369,0.9518,0.9856,0.0680,509.4923,1.2678,89.3455,0.1027,63.3199,-0.1794,23.0267,19.0000,13000,31000,170,0.6500,800
FEEDER-01,FEEDER,container,2025-01-10 09:00:00,synthetic,13.5908,13.5053,0.9710,0.9870,0.2881,509.6173,3.0291,99.5548,0.1374,133.8843,-0.0855,23.5955,19.0000,13000,31000,170,0.6500,800
FEEDER-01,FEEDER,container,2025-01-10 12:00:00,synthetic,13.9078,13.9921,0.9579,0.9852,0.1829,509.7423,3.1759,98.6942,0.2745,68.6927,0.0842,24.9619,19.0000,13000,31000,170,0.6500,800
FEEDER-01,FEEDER,container,2025-01-10 15:00:00,synthetic,13.6942,13.8252,0.9581,0.9867,0.3434,509.8673,4.8709,77.8056,0.3189,49.2953,0.1310,24.1179,19.0000,13000,31000,170,0.6500,800
FEEDER-01,FEEDER,container,2025-01-10 18:00:00,synthetic,13.5067,13.4949,0.9537,0.9862,0.2589,509.9923,3.5546,64.6376,0.2225,74.3344,-0.0118,23.9248,19.0000,13000,31000,170,0.6500,800
FEEDER-01,FEEDER,container,2025-01-10 21:00:00,synthetic,13.5719,13.4575,0.9556,0.9848,0.1763,510.1173,4.1963,88.4328,0.1934,76.1074,-0.1144,23.6268,19.0000,13000,31000,170,0.6500,800
FEEDER-01,FEEDER,container,2025-01-11 00:00:00,synthetic,13.7589,13.7471,0.9652,0.9846,0.3643,510.2423,4.2033,87.9260,0.3152,93.0934,-0.0118,23.6614,19.0000,13000,31000,170,0.6500,800
FEEDER-01,FEEDER,container,2025-01-11 03:00:00,synthetic,13.7336,13.8348,0.9456,0.9850,0.5147,510.3673,4.2797,80.4691,0.1951,91.2382,0.1012,24.4468,19.0000,13000,31000,170,0.6500,800
FEEDER-01,FEEDER,container,2025-01-12 06:00:00,synthetic,14.5077,14.7963,0.5784,0.8932,0.7035,511.4923,2.2024,81.9382,0.1232,37.4218,0.2886,25.3358,19.0000,13000,31000,170,0.6500,800
FEEDER-01,FEEDER,container,2025-01-12 09:00:00,synthetic,14.4771,14.6294,0.5703,0.8958,0.7018,511.6173,3.7023,94.2992,0.2769,38.0306,0.1524,25.1856,19.0000,13000,31000,170,0.6500,800
FEEDER-01,FEEDER,container,2025-01-12 12:00:00,synthetic,14.7049,14.7258,0.5700,0.8970,0.8078,511.7423,3.1560,98.7409,0.4718,61.2053,0.0209,28.2302,19.0000,13000,31000,170,0.6500,800
FEEDER-01,FEEDER,container,2025-01-12 15:00:00,synthetic,14.2757,14.3805,0.5693,0.8983,0.8034,511.8673,3.8171,103.3143,0.4053,146.9586,0.1048,24.8987,19.0000,13000,31000,170,0.6500,800
FEEDER-01,FEEDER,container,2025-01-12 18:00:00,synthetic,14.0059,13.9942,0.6004,0.9022,0.7522,511.9923,4.9420,86.1628,0.3135,57.4589,-0.0117,23.8507,19.0000,13000,31000,170,0.6500,800
FEEDER-01,FEEDER,container,2025-01-12 21:00:00,synthetic,13.7167,13.8326,0.5723,0.9028,0.7417,512.1173,2.6257,91.6429,0.4072,109.9507,0.1159,22.6367,19.0000,13000,31000,170,0.6500,800
FEEDER-01,FEEDER,container,2025-01-13 00:00:00,synthetic,13.6548,13.7570,0.5857,0.9033,0.8662,512.2423,4.3465,108.8827,0.4583,92.8350,0.1021,22.7944,19.0000,13000,31000,170,0.6500,800
FEEDER-01,FEEDER,container,2025-01-13 03:00:00,synthetic,13.8644,14.0894,0.5663,0.9041,0.7599,512.3673,3.2003,113.5372,0.5277,107.5364,0.2250,22.8425,19.0000,13000,31000,170,0.6500,800
FEEDER-01,FEEDER,container,2025-01-13 06:00:00,synthetic,14.0499,14.3630,0.5920,0.9028,0.7351,512.4923,3.3301,109.8928,0.5695,108.7748,0.3132,23.2840,19.0000,13000,31000,170,0.6500,800
FEEDER-01,FEEDER,container,2025-01-13 09:00:00,synthetic,14.1461,14.5753,0.5712,0.9022,0.7309,512.6173,1.9106,103.6201,0.4579,144.7146,0.4291,24.3767,19.0000,13000,31000,170,0.6500,800
FEEDER-01,FEEDER,container,2025-01-13 12:00:00,synthetic,13.8685,14.2018,0.5755,0.9015,0.8514,512.7423,4.4954,85.4078,0.5405,100.0204,0.3333,23.6457,19.0000,13000,31000,170,0.6500,800
FEEDER-01,FEEDER,container,2025-01-13 15:00:00,synthetic,13.4579,13.8384,0.5567,0.9022,0.8277,512.8673,3.7427,74.1526,0.6214,83.7784,0.3805,22.2460,19.0000,13000,31000,170,0.6500,800
FEEDER-01,FEEDER,container,2025-01-13 18:00:00,synthetic,13.6260,14.1026,0.5861,0.9020,1.0830,512.9923,5.7990,72.6492,0.6191,105.0667,0.4766,22.6922,19.0000,13000,31000,170,0.6500,800
FEEDER-01,FEEDER,container,2025-01-13 21:00:00,synthetic,13.6499,13.8605,0.5883,0.9021,1.0441,513.1173,4.5790,79.7806,0.6231,63.9506,0.2106,22.9465,19.0000,13000,31000,170,0.6500,800
FEEDER-01,FEEDER,container,2025-01-14 00:00:00,synthetic,13.8647,14.3304,0.5631,0.9034,0.9945,513.2423,7.0289,66.7883,1.0648,93.4969,0.4658,24.4225,19.0000,13000,31000,170,0.6500,800
FEEDER-01,FEEDER,container,2025-01-14 03:00:00,synthetic,14.0874,14.8836,0.5867,0.9044,0.9561,513.3673,6.4963,69.7368,0.8889,92.2694,0.7962,24.9116,19.0000,13000,31000,170,0.6500,800
FEEDER-01,FEEDER,container,2025-01-14 06:00:00,synthetic,14.1472,15.0515,0.5616,0.9042,0.7517,513.4923,6.2665,75.0021,1.2975,97.2496,0.9043,25.7913,19.0000,13000,31000,170,0.6500,800
FEEDER-01,FEEDER,container,2025-01-14 09:00:00,synthetic,14.3256,15.3105,0.5813,0.9032,0.5943,513.6173,6.7926,78.3387,1.0618,74.4633,0.9849,27.4485,19.0000,13000,31000,170,0.6500,800
FEEDER-01,FEEDER,container,2025-01-14 12:00:00,synthetic,14.3569,15.3845,0.5721,0.9046,0.5155,513.7423,8.0762,88.3570,1.4043,77.4241,1.0276,26.8157,19.0000,13000,31000,170,0.6500,800
FEEDER-01,FEEDER,container,2025-01-14 15:00:00,synthetic,14.4450,15.3708,0.5883,0.9055,0.6821,513.8673,9.9180,92.0772,1.8249,70.3316,0.9257,27.6676,19.0000,13000,31000,170,0.6500,800
FEEDER-01,FEEDER,container,2025-01-14 18:00:00,synthetic,14.2563,15.1185,0.5775,0.9034,0.6732,513.9923,7.6764,93.9420,1.6351,73.7625,0.8622,25.0662,19.0000,13000,31000,170,0.6500,800
FEEDER-01,FEEDER,container,2025-01-14 21:00:00,synthetic,14.2155,15.1852,0.5843,0.9029,0.5987,514.1173,9.4175,88.0968,2.2574,65.1714,0.9697,27.0248,19.0000,13000,31000,170,0.6500,800
FEEDER-01,FEEDER,container,2025-01-15 00:00:00,synthetic,14.2620,15.0313,0.5874,0.9031,0.7760,514.2423,10.7878,91.2015,2.3466,100.3727,0.7693,25.9442,19.0000,13000,31000,170,0.6500,800
FEEDER-01,FEEDER,container,2025-01-15 03:00:00,synthetic,14.4301,14.9953,0.5721,0.9040,0.9954,514.3673,10.0866,101.3412,1.8064,95.6327,0.5652,26.4876,19.0000,13000,31000,170,0.6500,800
FEEDER-01,FEEDER,container,2025-01-15 06:00:00,synthetic,14.3097,14.7846,0.5747,0.9051,1.1650,514.4923,7.8355,114.1713,1.5637,124.9563,0.4749,25.2380,19.0000,13000,31000,170,0.6500,800
FEEDER-01,FEEDER,container,2025-01-15 09:00:00,synthetic,14.4054,14.9590,0.5639,0.9054,1.0220,514.6173,8.3797,112.4948,1.9302,124.6918,0.5536,25.1510,19.0000,13000,31000,170,0.6500,800
FEEDER-01,FEEDER,container,2025-01-15 12:00:00,synthetic,14.3167,14.7075,0.5720,0.9060,0.9355,514.7423,9.8580,111.9138,2.2512,85.4199,0.3907,25.5294,19.0000,13000,31000,170,0.6500,800
FEEDER-01,FEEDER,container,2025-01-15 15:00:00,synthetic,14.2770,14.6130,0.5943,0.9060,1.1883,514.8673,7.8107,116.3483,1.7185,89.1041,0.3360,25.0945,19.0000,13000,31000,170,0.6500,800
FEEDER-01,FEEDER,container,2025-01-15 18:00:00,synthetic,14.4440,14.7466,0.5825,0.9051,1.2042,514.9923,8.5771,120.0879,1.5437,114.3714,0.3026,24.2010,19.0000,13000,31000,170,0.6500,800
FEEDER-01,FEEDER,container,2025-01-15 21:00:00,synthetic,13.9849,14.1143,0.5645,0.9046,1.1455,515.1173,7.4376,116.9800,1.5988,97.6020,0.1294,23.5723,19.0000,13000,31000,170,0.6500,800
FEEDER-01,FEEDER,container,2025-01-16 00:00:00,synthetic,13.7639,13.5060,0.5913,0.9046,1.2323,515.2423,8.3387,105.8557,1.3746,83.8453,-0.2579,23.6665,19.0000,13000,31000,170,0.6500,800
FEEDER-01,FEEDER,container,2025-01-16 03:00:00,synthetic,13.5481,13.1428,0.5789,0.9045,1.3586,515.3673,10.1930,112.0968,2.2613,154.4890,-0.4053,22.4646,19.0000,13000,31000,170,0.6500,800
FEEDER-01,FEEDER,container,2025-01-16 06:00:00,synthetic,13.1967,12.8524,0.5833,0.9020,1.2509,515.4923,10.7607,111.3856,2.2466,73.0517,-0.3443,21.3897,19.0000,13000,31000,170,0.6500,800
FEEDER-01,FEEDER,container,2025-01-16 09:00:00,synthetic,13.2631,13.0119,0.5799,0.9014,1.2617,515.6173,7.6344,103.7194,2.1335,154.2960,-0.2512,21.1373,19.0000,13000,31000,170,0.6500,800
FEEDER-01,FEEDER,container,2025-01-16 12:00:00,synthetic,13.6161,13.4547,0.5792,0.9015,1.3754,515.7423,9.1875,109.9283,2.5490,117.1502,-0.1614,22.7854,19.0000,13000,31000,170,0.6500,800
FEEDER-01,FEEDER,container,2025-01-16 15:00:00,synthetic,13.6813,13.6231,0.5550,0.9011,1.1813,515.8673,10.8598,110.0534,2.2006,134.7094,-0.0582,22.7117,19.0000,13000,31000,170,0.6500,800
FEEDER-01,FEEDER,container,2025-01-16 18:00:00,synthetic,13.8348,13.6817,0.5861,0.9007,1.1640,515.9923,10.0496,110.3574,2.5300,132.0657,-0.1531,23.2247,19.0000,13000,31000,170,0.6500,800
FEEDER-01,FEEDER,container,2025-01-16 21:00:00,synthetic,14.1448,13.8682,0.5524,0.9013,0.9830,516.1173,7.2519,120.8477,1.7113,136.2717,-0.2767,23.6653,19.0000,13000,31000,170,0.6500,800
FEEDER-01,FEEDER,container,2025-01-17 00:00:00,synthetic,14.4429,14.2386,0.5851,0.8999,0.8264,516.2423,7.5710,119.4997,1.4953,161.0455,-0.2043,25.7747,19.0000,13000,31000,170,0.6500,800
FEEDER-01,FEEDER,container,2025-01-17 03:00:00,synthetic,14.3881,14.1609,0.5760,0.8978,0.7358,516.3673,8.9396,119.2474,1.8306,92.1870,-0.2271,25.1728,19.0000,13000,31000,170,0.6500,800
FEEDER-01,FEEDER,container,2025-01-17 06:00:00,synthetic,14.6429,14.5688,0.5833,0.8973,0.7997,516.4923,10.1228,114.8067,2.3911,110.8972,-0.0742,26.2783,19.0000,13000,31000,170,0.6500,800
FEEDER-01,FEEDER,container,2025-01-17 09:00:00,synthetic,14.5819,14.5710,0.5766,0.8983,0.7451,516.6173,9.4351,124.3018,1.9193,102.9806,-0.0109,26.8894,19.0000,13000,31000,170,0.6500,800
FEEDER-01,FEEDER,container,2025-01-17 12:00:00,synthetic,14.3379,14.5280,0.5854,0.9004,0.6446,516.7423,8.1054,124.2220,1.4888,81.8200,0.1901,24.9794,19.0000,13000,31000,170,0.6500,800
FEEDER-01,FEEDER,container,2025-01-18 12:00:00,synthetic,17.5108,18.2059,0.8034,0.9540,0.4084,517.7423,3.7048,99.8870,0.4687,158.8403,0.6951,42.3218,19.0000,13000,31000,170,0.6500,800
FEEDER-01,FEEDER,container,2025-01-18 15:00:00,synthetic,17.2954,17.8786,0.8100,0.9546,0.4908,517.8673,2.2619,113.5948,0.4207,121.7240,0.5831,40.0453,19.0000,13000,31000,170,0.6500,800
FEEDER-01,FEEDER,container,2025-01-18 18:00:00,synthetic,17.4413,18.0868,0.7902,0.9557,0.9450,517.9923,1.4428,116.3509,0.6244,122.0591,0.6455,41.2919,19.0000,13000,31000,170,0.6500,800
FEEDER-01,FEEDER,container,2025-01-18 21:00:00,synthetic,17.4307,18.0877,0.8198,0.9545,0.9151,518.1173,0.2803,110.5701,0.7244,117.9411,0.6570,40.1887,19.0000,13000,31000,170,0.6500,800
FEEDER-01,FEEDER,container,2025-01-19 00:00:00,synthetic,17.0653,17.7505,0.7992,0.9540,0.8866,518.2423,1.8212,108.2661,0.7579,108.2676,0.6852,40.0992,19.0000,13000,31000,170,0.6500,800
FEEDER-01,FEEDER,container,2025-01-19 03:00:00,synthetic,17.3525,18.1302,0.8016,0.9504,0.9849,518.3673,3.2494,105.0425,1.0345,108.7841,0.7777,40.3663,19.0000,13000,31000,170,0.6500,800
FEEDER-01,FEEDER,container,2025-01-19 06:00:00,synthetic,17.2602,18.0800,0.7849,0.9496,1.2117,518.4923,4.1306,103.3117,0.8171,122.1163,0.8198,39.1976,19.0000,13000,31000,170,0.6500,800
FEEDER-01,FEEDER,container,2025-01-19 09:00:00,synthetic,17.2013,17.9584,0.8086,0.9489,1.3340,518.6173,4.9391,100.0755,0.7764,88.4300,0.7571,40.4625,19.0000,13000,31000,170,0.6500,800
FEEDER-01,FEEDER,container,2025-01-19 12:00:00,synthetic,17.0416,17.8910,0.7930,0.9475,0.9959,518.7423,3.0000,95.8394,0.6802,61.3988,0.8494,38.9072,19.0000,13000,31000,170,0.6500,800
FEEDER-01,FEEDER,container,2025-01-19 15:00:00,synthetic,17.0011,17.9816,0.7900,0.9478,1.0646,518.8673,4.8091,98.0368,0.6963,107.1273,0.9805,38.1691,19.0000,13000,31000,170,0.6500,800
FEEDER-01,FEEDER,container,2025-01-19 18:00:00,synthetic,17.1960,18.0410,0.7942,0.9478,1.4242,518.9923,5.0320,97.3737,1.0241,80.0536,0.8449,39.6229,19.0000,13000,31000,170,0.6500,800
FEEDER-01,FEEDER,container,2025-01-19 21:00:00,synthetic,17.2223,18.0247,0.8112,0.9448,1.4886,519.1173,6.0977,83.4276,0.9127,68.6958,0.8024,40.7646,19.0000,13000,31000,170,0.6500,800
FEEDER-01,FEEDER,container,2025-01-20 00:00:00,synthetic,17.3521,17.8383,0.8021,0.9451,1.2919,519.2423,5.4393,82.2914,0.8863,78.7226,0.4862,42.9594,19.0000,13000,31000,170,0.6500,800
FEEDER-01,FEEDER,container,2025-01-20 03:00:00,synthetic,17.4630,18.0159,0.7885,0.9439,1.3107,519.3673,5.8828,81.9509,0.7924,72.6473,0.5530,42.7234,19.0000,13000,31000,170,0.6500,800
FEEDER-01,FEEDER,container,2025-01-20 06:00:00,synthetic,17.7530,18.4692,0.7921,0.9447,1.1009,519.4923,5.9800,81.1278,0.9576,108.8789,0.7163,44.6172,19.0000,13000,31000,170,0.6500,800
FEEDER-01,FEEDER,container,2025-01-20 09:00:00,synthetic,17.6356,18.2759,0.8115,0.9430,1.2641,519.6173,0.8463,82.8711,0.6975,78.7025,0.6403,44.1003,19.0000,13000,31000,170,0.6500,800
FEEDER-01,FEEDER,container,2025-01-20 12:00:00,synthetic,17.3036,17.9327,0.7951,0.9431,1.1031,519.7423,2.6806,86.3539,0.6389,115.3652,0.6291,40.5796,19.0000,13000,31000,170,0.6500,800
FEEDER-01,FEEDER,container,2025-01-20 15:00:00,synthetic,17.5723,18.1355,0.8030,0.9428,1.0972,519.8673,3.4779,84.6845,0.6646,89.8349,0.5633,42.9971,19.0000,13000,31000,170,0.6500,800
FEEDER-01,FEEDER,container,2025-01-20 18:00:00,synthetic,17.4934,17.9686,0.8055,0.9433,0.9556,519.9923,0.2870,88.7302,0.6769,86.5170,0.4752,42.0027,19.0000,13000,31000,170,0.6500,800
FEEDER-01,FEEDER,container,2025-01-22 00:00:00,synthetic,19.1494,19.4410,0.9555,0.9718,0.4222,521.2423,4.5118,104.5184,0.9022,110.0428,0.2916,58.5172,19.0000,13000,31000,170,0.6500,800
FEEDER-01,FEEDER,container,2025-01-22 03:00:00,synthetic,19.1394,19.3475,0.9568,0.9716,0.6550,521.3673,5.5518,115.7058,0.9878,96.3384,0.2082,62.2382,19.0000,13000,31000,170,0.6500,800
FEEDER-01,FEEDER,container,2025-01-22 06:00:00,synthetic,19.0560,19.3529,0.9423,0.9720,0.5471,521.4923,4.3837,107.3425,0.9550,71.0190,0.2969,56.5279,19.0000,13000,31000,170,0.6500,800
FEEDER-01,FEEDER,container,2025-01-22 09:00:00,synthetic,19.0606,19.2325,0.9338,0.9726,0.5123,521.6173,3.5825,107.8015,1.0120,90.7017,0.1720,59.1873,19.0000,13000,31000,170,0.6500,800
FEEDER-01,FEEDER,container,2025-01-22 12:00:00,synthetic,18.8233,19.1138,0.9387,0.9754,0.3559,521.7423,3.7228,125.9524,0.9535,107.1636,0.2905,56.1124,19.0000,13000,31000,170,0.6500,800
FEEDER-01,FEEDER,container,2025-01-22 15:00:00,synthetic,18.4748,18.9127,0.9425,0.9745,0.5061,521.8673,1.9315,124.5258,0.8925,147.9162,0.4379,51.1794,19.0000,13000,31000,170,0.6500,800
FEEDER-01,FEEDER,container,2025-01-22 18:00:00,synthetic,18.0944,18.6797,0.9407,0.9746,0.8132,521.9923,0.0000,127.7753,1.0062,153.0889,0.5853,47.1411,19.0000,13000,31000,170,0.6500,800
FEEDER-01,FEEDER,container,2025-01-22 21:00:00,synthetic,17.9907,18.7765,0.9311,0.9753,0.5482,522.1173,1.3810,132.2301,0.9885,105.9825,0.7857,46.4901,19.0000,13000,31000,170,0.6500,800
FEEDER-01,FEEDER,container,2025-01-23 00:00:00,synthetic,18.0462,18.8383,0.9456,0.9753,0.4977,522.2423,1.2564,138.1319,0.8903,156.9610,0.7921,46.8588,19.0000,13000,31000,170,0.6500,800
PANAMAX_C-01,PANAMAX_C,container,2025-01-01 00:00:00,synthetic,17.8924,17.7219,0.7854,0.9465,0.9636,464.0135,10.3201,12.9943,2.9915,40.1561,-0.1705,94.1548,22.0000,36000,75000,294,0.6400,1500
PANAMAX_C-01,PANAMAX_C,container,2025-01-01 03:00:00,synthetic,17.6658,17.8199,0.7773,0.9466,1.0456,464.1385,11.9869,7.2127,3.2144,0.0000,0.1541,96.3079,22.0000,36000,75000,294,0.6400,1500
PANAMAX_C-01,PANAMAX_C,container,2025-01-01 06:00:00,synthetic,17.4359,17.6500,0.7766,0.9498,1.2912,464.2635,8.9496,15.2116,3.2193,35.0417,0.2141,88.3579,22.0000,36000,75000,294,0.6400,1500
PANAMAX_C-01,PANAMAX_C,container,2025-01-01 09:00:00,synthetic,17.3822,17.1509,0.7980,0.9506,1.3870,464.3885,11.6486,16.6191,3.4523,42.0813,-0.2313,91.0526,22.0000,36000,75000,294,0.6400,1500
PANAMAX_C-01,PANAMAX_C,container,2025-01-01 12:00:00,synthetic,17.3791,17.2063,0.7774,0.9469,1.5875,464.5135,12.8170,0.5644,3.5582,15.1822,-0.1728,95.8963,22.0000,36000,75000,294,0.6400,1500
PANAMAX_C-01,PANAMAX_C,container,2025-01-01 15:00:00,synthetic,17.4178,17.3267,0.7766,0.9477,1.5632,464.6385,13.2887,4.8449,3.9342,16.5545,-0.0910,96.5973,22.0000,36000,75000,294,0.6400,1500
PANAMAX_C-01,PANAMAX_C,container,2025-01-01 18:00:00,synthetic,17.4222,17.2378,0.7803,0.9461,1.5842,464.7635,13.5307,9.6649,4.0839,0.0000,-0.1844,92.2277,22.0000,36000,75000,294,0.6400,1500
PANAMAX_C-01,PANAMAX_C,container,2025-01-01 21:00:00,synthetic,17.3403,17.2853,0.8087,0.9483,1.5800,464.8885,12.1673,6.4882,4.2009,6.4697,-0.0551,101.6782,22.0000,36000,75000,294,0.6400,1500
PANAMAX_C-01,PANAMAX_C,container,2025-01-02 00:00:00,synthetic,17.4958,17.7572,0.7608,0.9486,1.4740,465.0135,10.6456,10.9075,3.0878,28.4525,0.2613,89.9596,22.0000,36000,75000,294,0.6400,1500
PANAMAX_C-01,PANAMAX_C,container,2025-01-02 03:00:00,synthetic,17.5894,18.0510,0.7851,0.9506,1.3683,465.1385,10.0515,15.4751,2.6402,53.2252,0.4616,87.9725,22.0000,36000,75000,294,0.6400,1500
PANAMAX_C-01,PANAMAX_C,container,2025-01-02 06:00:00,synthetic,17.5254,17.9565,0.7996,0.9501,1.2729,465.2635,9.4751,9.7229,2.7087,2.9536,0.4312,89.4756,22.0000,36000,75000,294,0.6400,1500
PANAMAX_C-01,PANAMAX_C,container,2025-01-02 09:00:00,synthetic,17.1203,17.6376,0.7867,0.9517,1.2421,465.3885,8.9966,1.8207,2.4267,4.6665,0.5173,85.1180,22.0000,36000,75000,294,0.6400,1500
PANAMAX_C-01,PANAMAX_C,container,2025-01-02 12:00:00,synthetic,16.9109,17.3672,0.7794,0.9514,1.3373,465.5135,7.6861,5.9969,2.2262,71.4023,0.4563,78.3033,22.0000,36000,75000,294,0.6400,1500
PANAMAX_C-01,PANAMAX_C,container,2025-01-02 15:00:00,synthetic,17.0514,17.5221,0.7670,0.9516,1.4289,465.6385,10.7465,1.3112,2.7900,4.7109,0.4707,87.4749,22.0000,36000,75000,294,0.6400,1500
PANAMAX_C-01,PANAMAX_C,container,2025-01-02 18:00:00,synthetic,17.3412,18.2045,0.7633,0.9544,1.4367,465.7635,10.8784,11.6018,3.1130,0.0000,0.8633,89.5807,22.0000,36000,75000,294,0.6400,1500
PANAMAX_C-01,PANAMAX_C,container,2025-01-02 21:00:00,synthetic,17.0682,17.8724,0.7888,0.9551,1.1426,465.8885,10.2883,4.1055,2.8473,0.0000,0.8042,83.8166,22.0000,36000,75000,294,0.6400,1500
PANAMAX_C-01,PANAMAX_C,container,2025-01-03 00:00:00,synthetic,16.9085,17.7410,0.7800,0.9572,1.1353,466.0135,9.7027,3.0412,2.6933,7.5995,0.8325,85.3331,22.0000,36000,75000,294,0.6400,1500
PANAMAX_C-01,PANAMAX_C,container,2025-01-03 03:00:00,synthetic,16.8369,17.6652,0.7878,0.9568,1.0108,466.1385,7.9964,7.1180,2.1710,0.0000,0.8283,79.2650,22.0000,36000,75000,294,0.6400,1500
PANAMAX_C-01,PANAMAX_C,container,2025-01-03 06:00:00,synthetic,16.9873,18.1994,0.7828,0.9578,0.9444,466.2635,7.5926,4.3533,1.9343,32.8498,1.2121,77.7712,22.0000,36000,75000,294,0.6400,1500
PANAMAX_C-01,PANAMAX_C,container,2025-01-03 09:00:00,synthetic,17.1896,18.2479,0.7585,0.9602,0.9951,466.3885,8.1201,3.3292,2.0817,0.0000,1.0583,84.3543,22.0000,36000,75000,294,0.6400,1500
PANAMAX_C-01,PANAMAX_C,container,2025-01-03 12:00:00,synthetic,17.2626,18.3237,0.7844,0.9585,1.0927,466.5135,6.2913,2.0136,1.9304,8.2504,1.0610,82.9957,22.0000,36000,75000,294,0.6400,1500
PANAMAX_C-01,PANAMAX_C,container,2025-01-03 15:00:00,synthetic,16.9907,18.2432,0.7833,0.9593,1.1223,466.6385,6.5881,8.7150,1.9176,29.4280,1.2524,78.5412,22.0000,36000,75000,294,0.6400,1500
PANAMAX_C-01,PANAMAX_C,container,2025-01-03 18:00:00,synthetic,16.9671,18.1053,0.7807,0.9636,1.1486,466.7635,5.5360,3.9647,1.8185,0.0000,1.1382,82.1869,22.0000,36000,75000,294,0.6400,1500
PANAMAX_C-01,PANAMAX_C,container,2025-01-03 21:00:00,synthetic,17.1370,18.0698,0.7638,0.9652,1.3874,466.8885,4.2408,3.5618,1.7662,1.0458,0.9327,79.1405,22.0000,36000,75000,294,0.6400,1500
PANAMAX_C-01,PANAMAX_C,container,2025-01-04 00:00:00,synthetic,17.2619,18.3834,0.7856,0.9657,1.3496,467.0135,6.3056,2.4160,1.7178,0.0000,1.1215,79.5379,22.0000,36000,75000,294,0.6400,1500
PANAMAX_C-01,PANAMAX_C,container,2025-01-04 03:00:00,synthetic,17.4177,18.6346,0.7827,0.9660,1.1931,467.1385,4.4914,10.0977,1.7319,28.8790,1.2169,82.1069,22.0000,36000,75000,294,0.6400,1500
PANAMAX_C-01,PANAMAX_C,container,2025-01-04 06:00:00,synthetic,17.7906,19.0596,0.7704,0.9662,1.2565,467.2635,4.6756,3.7613,1.7162,26.7825,1.2691,87.4811,22.0000,36000,75000,294,0.6400,1500
PANAMAX_C-01,PANAMAX_C,container,2025-01-04 09:00:00,synthetic,17.7624,19.0182,0.7779,0.9667,1.2713,467.3885,6.2974,2.9849,1.8741,0.0000,1.2559,87.5112,22.0000,36000,75000,294,0.6400,1500
PANAMAX_C-01,PANAMAX_C,container,2025-01-04 12:00:00,synthetic,17.7895,19.1613,0.7842,0.9677,1.3170,467.5135,10.2565,6.4984,2.2275,21.8012,1.3718,92.2539,22.0000,36000,75000,294,0.6400,1500
PANAMAX_C-01,PANAMAX_C,container,2025-01-04 15:00:00,synthetic,17.8994,19.3587,0.7678,0.9660,1.1183,467.6385,10.3800,8.1050,2.5790,30.2109,1.4594,93.7200,22.0000,36000,75000,294,0.6400,1500
PANAMAX_C-01,PANAMAX_C,container,2025-01-04 18:00:00,synthetic,18.0076,19.3449,0.7975,0.9652,1.0728,467.7635,9.6797,12.5129,2.6803,11.9121,1.3374,98.8138,22.0000,36000,75000,294,0.6400,1500
PANAMAX_C-01,PANAMAX_C,container,2025-01-04 21:00:00,synthetic,18.1205,19.2951,0.7777,0.9666,0.9859,467.8885,9.6598,4.4616,2.4761,28.4132,1.1746,96.6841,22.0000,36000,75000,294,0.6400,1500
PANAMAX_C-01,PANAMAX_C,container,2025-01-05 00:00:00,synthetic,17.9260,19.0563,0.7770,0.9638,1.1282,468.0135,7.9943,5.7358,2.3840,0.0000,1.1303,95.1891,22.0000,36000,75000,294,0.6400,1500
PANAMAX_C-01,PANAMAX_C,container,2025-01-05 03:00:00,synthetic,17.7981,18.6750,0.7769,0.9612,0.8914,468.1385,6.3386,18.5610,1.9448,61.0385,0.8769,129.7137,22.0000,36000,75000,294,0.6400,1500
PANAMAX_C-01,PANAMAX_C,container,2025-01-05 06:00:00,synthetic,17.4824,18.4673,0.7796,0.9624,1.0435,468.2635,8.8131,12.3480,2.2176,64.8277,0.9849,85.2469,22.0000,36000,75000,294,0.6400,1500
PANAMAX_C-01,PANAMAX_C,container,2025-01-05 21:00:00,synthetic,14.2047,15.2813,0.9374,1.0002,0.8336,468.8885,6.9983,19.9519,2.1740,0.0000,1.0766,54.0008,22.0000,36000,75000,294,0.6400,1500
PANAMAX_C-01,PANAMAX_C,container,2025-01-06 00:00:00,synthetic,14.1426,15.0480,0.9409,1.0001,0.8735,469.0135,8.5202,34.8021,2.1836,1.9592,0.9054,54.2826,22.0000,36000,75000,294,0.6400,1500
PANAMAX_C-01,PANAMAX_C,container,2025-01-06 03:00:00,synthetic,13.9853,14.7125,0.9431,1.0002,0.9744,469.1385,7.1672,34.4949,1.9877,27.8700,0.7272,51.4493,22.0000,36000,75000,294,0.6400,1500
PANAMAX_C-01,PANAMAX_C,container,2025-01-06 06:00:00,synthetic,14.2027,14.7138,0.9567,1.0012,0.6864,469.2635,6.2308,43.1838,1.9447,52.8388,0.5111,52.2061,22.0000,36000,75000,294,0.6400,1500
PANAMAX_C-01,PANAMAX_C,container,2025-01-06 09:00:00,synthetic,14.0237,14.5585,0.9270,1.0007,0.8484,469.3885,7.2926,57.9471,1.9352,49.3660,0.5349,50.2143,22.0000,36000,75000,294,0.6400,1500
PANAMAX_C-01,PANAMAX_C,container,2025-01-06 12:00:00,synthetic,14.0049,14.6571,0.9272,1.0019,0.7788,469.5135,8.0049,49.7557,2.0065,33.5549,0.6523,52.4176,22.0000,36000,75000,294,0.6400,1500
PANAMAX_C-01,PANAMAX_C,container,2025-01-06 15:00:00,synthetic,14.3441,14.8616,0.9384,1.0042,0.7355,469.6385,7.4133,45.8055,2.0047,27.8755,0.5174,52.3050,22.0000,36000,75000,294,0.6400,1500
PANAMAX_C-01,PANAMAX_C,container,2025-01-06 18:00:00,synthetic,14.5691,15.0393,0.9358,1.0030,0.5907,469.7635,5.9099,56.7712,1.8236,41.4235,0.4701,54.8161,22.0000,36000,75000,294,0.6400,1500
PANAMAX_C-01,PANAMAX_C,container,2025-01-06 21:00:00,synthetic,14.6571,15.0223,0.9454,1.0020,0.5539,469.8885,6.4346,60.3044,1.7508,53.9113,0.3652,55.0841,22.0000,36000,75000,294,0.6400,1500
PANAMAX_C-01,PANAMAX_C,container,2025-01-07 00:00:00,synthetic,14.4692,14.9340,0.9433,1.0017,0.2219,470.0135,6.0704,64.1402,1.7584,79.8969,0.4648,55.7703,22.0000,36000,75000,294,0.6400,1500
PANAMAX_C-01,PANAMAX_C,container,2025-01-07 03:00:00,synthetic,14.5482,15.0001,0.9424,1.0011,0.1492,470.1385,7.2526,67.6951,1.9691,47.3939,0.4519,54.6127,22.0000,36000,75000,294,0.6400,1500
PANAMAX_C-01,PANAMAX_C,container,2025-01-07 06:00:00,synthetic,14.7092,15.1505,0.9499,1.0031,0.2693,470.2635,7.5699,67.1327,1.9821,50.1399,0.4413,56.3679,22.0000,36000,75000,294,0.6400,1500
PANAMAX_C-01,PANAMAX_C,container,2025-01-07 09:00:00,synthetic,14.7694,15.0577,0.9414,1.0034,0.2189,470.3885,6.7476,58.5148,1.9126,41.0684,0.2883,55.9833,22.0000,36000,75000,294,0.6400,1500
PANAMAX_C-01,PANAMAX_C,container,2025-01-07 12:00:00,synthetic,14.6346,14.7239,0.9311,1.0017,0.2492,470.5135,7.3821,44.8478,2.0030,36.4267,0.0893,56.7377,22.0000,36000,75000,294,0.6400,1500
PANAMAX_C-01,PANAMAX_C,container,2025-01-07 15:00:00,synthetic,14.3982,14.4189,0.9414,0.9999,0.1818,470.6385,8.9886,40.7368,2.2384,21.2766,0.0207,56.8310,22.0000,36000,75000,294,0.6400,1500
PANAMAX_C-01,PANAMAX_C,container,2025-01-07 18:00:00,synthetic,14.6539,14.8658,0.9239,0.9976,0.1545,470.7635,7.9265,35.6982,2.1153,16.9287,0.2120,58.6883,22.0000,36000,75000,294,0.6400,1500
PANAMAX_C-01,PANAMAX_C,container,2025-01-07 21:00:00,synthetic,14.2783,14.5678,0.9499,0.9957,0.5140,470.8885,8.7046,24.3167,2.1944,40.7471,0.2896,53.7579,22.0000,36000,75000,294,0.6400,1500
PANAMAX_C-01,PANAMAX_C,container,2025-01-09 06:00:00,synthetic,16.5269,16.3996,0.9094,0.9941,0.7264,472.2635,6.9662,91.6523,1.5691,80.2731,-0.1273,68.8514,22.0000,36000,75000,294,0.6400,1500
PANAMAX_C-01,PANAMAX_C,container,2025-01-09 09:00:00,synthetic,16.4925,16.5080,0.9167,0.9915,0.8740,472.3885,5.9084,102.5698,1.6090,113.1051,0.0155,68.7406,22.0000,36000,75000,294,0.6400,1500
PANAMAX_C-01,PANAMAX_C,container,2025-01-09 12:00:00,synthetic,16.4583,16.5016,0.9055,0.9928,0.9625,472.5135,6.7508,108.4122,1.6439,128.3118,0.0433,67.3793,22.0000,36000,75000,294,0.6400,1500
PANAMAX_C-01,PANAMAX_C,container,2025-01-09 15:00:00,synthetic,16.2058,16.1402,0.9346,0.9918,1.0079,472.6385,5.3451,116.3404,1.6466,160.9790,-0.0656,65.6025,22.0000,36000,75000,294,0.6400,1500
PANAMAX_C-01,PANAMAX_C,container,2025-01-09 18:00:00,synthetic,16.1457,15.9943,0.9139,0.9919,1.0104,472.7635,7.8273,112.2940,1.7135,100.1078,-0.1514,67.4185,22.0000,36000,75000,294,0.6400,1500
PANAMAX_C-01,PANAMAX_C,container,2025-01-09 21:00:00,synthetic,16.1609,15.8082,0.9120,0.9922,1.1351,472.8885,6.7841,112.1447,1.8140,102.9565,-0.3527,62.8772,22.0000,36000,75000,294,0.6400,1500
PANAMAX_C-01,PANAMAX_C,container,2025-01-10 00:00:00,synthetic,16.0800,16.0168,0.9024,0.9928,1.4099,473.0135,7.0041,117.7581,2.0099,126.1422,-0.0632,64.3009,22.0000,36000,75000,294,0.6400,1500
PANAMAX_C-01,PANAMAX_C,container,2025-01-10 03:00:00,synthetic,16.2580,16.5195,0.9289,0.9927,1.5932,473.1385,8.1503,120.7650,2.1504,106.1843,0.2615,64.7856,22.0000,36000,75000,294,0.6400,1500
PANAMAX_C-01,PANAMAX_C,container,2025-01-10 06:00:00,synthetic,15.9935,16.1110,0.9285,0.9922,1.4240,473.2635,9.2632,120.7288,2.1375,145.8228,0.1175,62.5143,22.0000,36000,75000,294,0.6400,1500
PANAMAX_C-01,PANAMAX_C,container,2025-01-10 09:00:00,synthetic,15.8228,15.8302,0.9019,0.9927,1.2316,473.3885,7.8589,112.3975,1.9476,125.5713,0.0074,61.1277,22.0000,36000,75000,294,0.6400,1500
PANAMAX_C-01,PANAMAX_C,container,2025-01-10 12:00:00,synthetic,15.8653,15.6342,0.9209,0.9923,1.1450,473.5135,10.3859,112.3323,2.1392,150.5417,-0.2311,61.0403,22.0000,36000,75000,294,0.6400,1500
PANAMAX_C-01,PANAMAX_C,container,2025-01-10 15:00:00,synthetic,15.6090,15.3074,0.9106,0.9937,1.2407,473.6385,8.1340,107.1170,2.1549,119.4080,-0.3016,57.5287,22.0000,36000,75000,294,0.6400,1500
PANAMAX_C-01,PANAMAX_C,container,2025-01-10 18:00:00,synthetic,15.8152,15.3234,0.9172,0.9933,1.1237,473.7635,7.8113,97.8633,1.8877,114.8172,-0.4917,63.2336,22.0000,36000,75000,294,0.6400,1500
PANAMAX_C-01,PANAMAX_C,container,2025-01-10 21:00:00,synthetic,15.7605,15.2052,0.9230,0.9933,1.1992,473.8885,6.9121,104.0645,1.4832,119.2788,-0.5553,62.6417,22.0000,36000,75000,294,0.6400,1500
PANAMAX_C-01,PANAMAX_C,container,2025-01-11 00:00:00,synthetic,15.7922,15.1784,0.9198,0.9942,1.1403,474.0135,8.6115,106.3816,1.8881,139.8549,-0.6138,60.8913,22.0000,36000,75000,294,0.6400,1500
PANAMAX_C-01,PANAMAX_C,container,2025-01-11 03:00:00,synthetic,15.7391,15.2893,0.9219,0.9943,1.3313,474.1385,10.1705,95.7188,2.2810,131.6852,-0.4499,62.7554,22.0000,36000,75000,294,0.6400,1500
PANAMAX_C-01,PANAMAX_C,container,2025-01-11 06:00:00,synthetic,15.8751,15.9276,0.9261,0.9948,1.1925,474.2635,9.2515,100.0317,2.5648,99.4413,0.0525,64.3693,22.0000,36000,75000,294,0.6400,1500
PANAMAX_C-01,PANAMAX_C,container,2025-01-11 09:00:00,synthetic,15.8874,16.1676,0.9177,0.9950,1.3218,474.3885,9.2645,104.9124,2.4486,142.7363,0.2802,63.2335,22.0000,36000,75000,294,0.6400,1500
PANAMAX_C-01,PANAMAX_C,container,2025-01-11 12:00:00,synthetic,15.5132,15.9862,0.9171,0.9938,1.4694,474.5135,10.6175,117.0153,2.6072,119.6176,0.4730,58.7736,22.0000,36000,75000,294,0.6400,1500
PANAMAX_C-01,PANAMAX_C,container,2025-01-13 00:00:00,synthetic,15.5367,15.7860,0.7969,0.9530,0.8659,476.0135,5.9895,99.9629,1.2792,109.7420,0.2493,57.4061,22.0000,36000,75000,294,0.6400,1500
PANAMAX_C-01,PANAMAX_C,container,2025-01-13 03:00:00,synthetic,15.4471,15.7512,0.7782,0.9537,0.6642,476.1385,2.8717,108.4683,1.0044,134.5728,0.3042,56.3131,22.0000,36000,75000,294,0.6400,1500
PANAMAX_C-01,PANAMAX_C,container,2025-01-13 06:00:00,synthetic,15.4462,15.7341,0.7810,0.9528,0.7889,476.2635,5.9083,115.7559,1.1901,98.5004,0.2880,55.0770,22.0000,36000,75000,294,0.6400,1500
PANAMAX_C-01,PANAMAX_C,container,2025-01-13 09:00:00,synthetic,15.7062,15.8743,0.7736,0.9518,0.7819,476.3885,4.9657,117.8639,1.1260,85.7610,0.1682,57.6941,22.0000,36000,75000,294,0.6400,1500
PANAMAX_C-01,PANAMAX_C,container,2025-01-13 12:00:00,synthetic,15.7110,15.9560,0.7705,0.9529,0.7595,476.5135,4.4046,116.9866,1.3043,107.4197,0.2450,58.9369,22.0000,36000,75000,294,0.6400,1500
PANAMAX_C-01,PANAMAX_C,container,2025-01-13 15:00:00,synthetic,15.7756,16.1986,0.7756,0.9525,0.6499,476.6385,4.5267,119.3704,1.0649,103.2120,0.4230,57.6963,22.0000,36000,75000,294,0.6400,1500
PANAMAX_C-01,PANAMAX_C,container,2025-01-13 18:00:00,synthetic,15.7148,16.2159,0.7745,0.9531,0.8542,476.7635,1.5886,123.9317,0.8282,137.8610,0.5011,60.3544,22.0000,36000,75000,294,0.6400,1500
PANAMAX_C-01,PANAMAX_C,container,2025-01-13 21:00:00,synthetic,15.6988,16.0176,0.7769,0.9530,0.8840,476.8885,1.4380,133.1775,0.8614,136.4278,0.3188,58.8625,22.0000,36000,75000,294,0.6400,1500
PANAMAX_C-01,PANAMAX_C,container,2025-01-14 00:00:00,synthetic,15.7813,15.8300,0.7814,0.9539,0.8924,477.0135,2.5972,130.7787,0.9344,145.2748,0.0487,61.2063,22.0000,36000,75000,294,0.6400,1500
PANAMAX_C-01,PANAMAX_C,container,2025-01-14 03:00:00,synthetic,15.6627,15.5673,0.8002,0.9528,0.7806,477.1385,2.8156,120.1894,0.9088,146.4183,-0.0954,61.5142,22.0000,36000,75000,294,0.6400,1500
PANAMAX_C-01,PANAMAX_C,container,2025-01-14 06:00:00,synthetic,15.5139,15.3573,0.7739,0.9518,0.7928,477.2635,1.9311,125.2148,1.0915,120.6917,-0.1566,58.1887,22.0000,36000,75000,294,0.6400,1500
PANAMAX_C-01,PANAMAX_C,container,2025-01-14 09:00:00,synthetic,15.3669,15.0924,0.7904,0.9498,0.6724,477.3885,3.4550,119.8054,1.1168,85.8501,-0.2744,54.7762,22.0000,36000,75000,294,0.6400,1500
PANAMAX_C-01,PANAMAX_C,container,2025-01-14 12:00:00,synthetic,15.4543,15.0102,0.7779,0.9486,0.6280,477.5135,0.5355,116.6189,1.1038,170.3966,-0.4441,56.7034,22.0000,36000,75000,294,0.6400,1500
PANAMAX_C-01,PANAMAX_C,container,2025-01-14 15:00:00,synthetic,15.5381,14.7902,0.7958,0.9476,0.7074,477.6385,0.7149,121.0286,1.1995,147.9724,-0.7478,55.8039,22.0000,36000,75000,294,0.6400,1500
PANAMAX_C-01,PANAMAX_C,container,2025-01-14 18:00:00,synthetic,16.0140,15.4044,0.7518,0.9493,0.6702,477.7635,1.6734,111.1335,1.2558,140.4758,-0.6096,62.7762,22.0000,36000,75000,294,0.6400,1500
PANAMAX_C-01,PANAMAX_C,container,2025-01-14 21:00:00,synthetic,15.4953,15.0087,0.7813,0.9489,0.5292,477.8885,0.2023,116.6073,1.1547,130.3221,-0.4866,56.8830,22.0000,36000,75000,294,0.6400,1500
PANAMAX_C-01,PANAMAX_C,container,2025-01-15 00:00:00,synthetic,15.4581,15.1238,0.7671,0.9488,0.1151,478.0135,0.0000,106.5808,1.2133,118.9659,-0.3343,58.3421,22.0000,36000,75000,294,0.6400,1500
PANAMAX_C-01,PANAMAX_C,container,2025-01-15 03:00:00,synthetic,15.2599,14.9325,0.7882,0.9497,0.0485,478.1385,2.2868,111.2297,1.1451,152.7695,-0.3274,52.8175,22.0000,36000,75000,294,0.6400,1500
PANAMAX_C-01,PANAMAX_C,container,2025-01-15 06:00:00,synthetic,14.9120,14.7250,0.7661,0.9493,0.0924,478.2635,0.4215,106.9704,1.0515,139.9146,-0.1870,53.6899,22.0000,36000,75000,294,0.6400,1500
PANAMAX_C-01,PANAMAX_C,container,2025-01-15 09:00:00,synthetic,15.2872,15.3363,0.7796,0.9499,-0.0973,478.3885,1.3254,105.5690,0.8990,123.1877,0.0492,54.3348,22.0000,36000,75000,294,0.6400,1500
PANAMAX_C-01,PANAMAX_C,container,2025-01-15 12:00:00,synthetic,15.2057,15.1946,0.7936,0.9482,-0.1696,478.5135,2.1141,112.3407,0.8787,92.2030,-0.0111,54.1122,22.0000,36000,75000,294,0.6400,1500
PANAMAX_C-01,PANAMAX_C,container,2025-01-15 15:00:00,synthetic,15.0690,15.1128,0.7765,0.9463,-0.2045,478.6385,2.0796,110.7061,0.9142,146.9754,0.0438,54.2666,22.0000,36000,75000,294,0.6400,1500
PANAMAX_C-01,PANAMAX_C,container,2025-01-15 18:00:00,synthetic,15.2952,15.4802,0.7826,0.9489,-0.1915,478.7635,3.6067,115.3914,0.9851,157.0011,0.1850,56.8168,22.0000,36000,75000,294,0.6400,1500
PANAMAX_C-01,PANAMAX_C,container,2025-01-15 21:00:00,synthetic,15.2088,15.5921,0.7783,0.9503,-0.1335,478.8885,4.2601,128.1119,1.1011,97.1387,0.3834,49.7941,22.0000,36000,75000,294,0.6400,1500
PANAMAX_C-01,PANAMAX_C,container,2025-01-16 00:00:00,synthetic,14.7773,15.0150,0.7828,0.9506,0.1875,479.0135,2.2761,139.3837,1.1016,116.6404,0.2377,52.5686,22.0000,36000,75000,294,0.6400,1500
PANAMAX_C-01,PANAMAX_C,container,2025-01-16 03:00:00,synthetic,14.9947,15.4112,0.7783,0.9515,0.3970,479.1385,1.0610,141.5543,1.0993,98.4534,0.4165,51.1121,22.0000,36000,75000,294,0.6400,1500
PANAMAX_C-01,PANAMAX_C,container,2025-01-16 06:00:00,synthetic,14.8528,15.4570,0.7808,0.9511,0.5310,479.2635,2.9077,142.4312,1.1254,143.2884,0.6042,53.4017,22.0000,36000,75000,294,0.6400,1500
PANAMAX_C-01,PANAMAX_C,container,2025-01-16 09:00:00,synthetic,14.7835,15.2751,0.7751,0.9519,0.3639,479.3885,4.4074,130.1191,1.0431,107.2427,0.4916,50.8112,22.0000,36000,75000,294,0.6400,1500
PANAMAX_C-01,PANAMAX_C,container,2025-01-16 12:00:00,synthetic,14.7745,14.9440,0.7876,0.9528,0.5550,479.5135,2.8591,124.0702,1.0996,112.1661,0.1694,53.0652,22.0000,36000,75000,294,0.6400,1500
PANAMAX_C-01,PANAMAX_C,container,2025-01-16 15:00:00,synthetic,15.2477,15.0895,0.7698,0.9530,0.6784,479.6385,2.3074,126.9583,1.0880,110.7658,-0.1582,55.6876,22.0000,36000,75000,294,0.6400,1500
PANAMAX_C-01,PANAMAX_C,container,2025-01-16 18:00:00,synthetic,15.4695,15.2291,0.7859,0.9552,0.6327,479.7635,4.5052,122.7492,1.1110,112.7820,-0.2404,57.4646,22.0000,36000,75000,294,0.6400,1500
PANAMAX_C-01,PANAMAX_C,container,2025-01-16 21:00:00,synthetic,15.5380,15.3268,0.7762,0.9570,0.6347,479.8885,3.9321,116.7659,1.0823,98.1086,-0.2111,56.2299,22.0000,36000,75000,294,0.6400,1500
PANAMAX_C-01,PANAMAX_C,container,2025-01-17 00:00:00,synthetic,15.5920,15.4546,0.7899,0.9560,0.6516,480.0135,4.1622,131.5180,1.0958,111.0124,-0.1374,55.0760,22.0000,36000,75000,294,0.6400,1500
PANAMAX_C-01,PANAMAX_C,container,2025-01-17 03:00:00,synthetic,15.7846,15.7671,0.7829,0.9578,0.7788,480.1385,4.6831,147.2069,1.0253,121.3792,-0.0174,59.5630,22.0000,36000,75000,294,0.6400,1500
PANAMAX_C-01,PANAMAX_C,container,2025-01-18 12:00:00,synthetic,14.1804,14.9012,0.7388,0.9461,0.5659,481.5135,5.6426,137.1588,1.2324,108.4416,0.7208,45.7323,22.0000,36000,75000,294,0.6400,1500
PANAMAX_C-01,PANAMAX_C,container,2025-01-18 15:00:00,synthetic,14.2541,15.1772,0.7177,0.9469,0.6236,481.6385,3.0372,136.7385,1.1943,121.4219,0.9231,47.7713,22.0000,36000,75000,294,0.6400,1500
PANAMAX_C-01,PANAMAX_C,container,2025-01-18 18:00:00,synthetic,14.2092,15.0695,0.7278,0.9477,0.7623,481.7635,5.3618,129.9618,1.3058,134.2133,0.8603,45.8317,22.0000,36000,75000,294,0.6400,1500
PANAMAX_C-01,PANAMAX_C,container,2025-01-18 21:00:00,synthetic,13.9124,14.7772,0.7359,0.9483,0.6839,481.8885,5.4790,129.7220,1.4848,122.3382,0.8648,44.9700,22.0000,36000,75000,294,0.6400,1500
PANAMAX_C-01,PANAMAX_C,container,2025-01-19 00:00:00,synthetic,14.0326,14.6811,0.7387,0.9482,0.7306,482.0135,6.9514,114.5126,1.5951,140.9622,0.6485,44.2616,22.0000,36000,75000,294,0.6400,1500
PANAMAX_C-01,PANAMAX_C,container,2025-01-19 03:00:00,synthetic,14.0505,14.6585,0.7269,0.9484,0.6786,482.1385,5.9775,126.8726,1.4383,93.8678,0.6080,47.2248,22.0000,36000,75000,294,0.6400,1500
PANAMAX_C-01,PANAMAX_C,container,2025-01-19 06:00:00,synthetic,13.8305,14.2704,0.7375,0.9481,0.5471,482.2635,5.4191,121.8954,1.3689,111.5004,0.4399,43.1702,22.0000,36000,75000,294,0.6400,1500
PANAMAX_C-01,PANAMAX_C,container,2025-01-19 09:00:00,synthetic,14.0275,14.5756,0.7313,0.9465,0.5829,482.3885,5.0122,119.4210,1.2853,114.7777,0.5481,46.5486,22.0000,36000,75000,294,0.6400,1500
PANAMAX_C-01,PANAMAX_C,container,2025-01-19 12:00:00,synthetic,14.2754,14.5094,0.7377,0.9450,0.4340,482.5135,1.7902,135.4228,1.1678,149.0383,0.2340,46.6611,22.0000,36000,75000,294,0.6400,1500
PANAMAX_C-01,PANAMAX_C,container,2025-01-19 15:00:00,synthetic,14.5018,14.8005,0.7304,0.9442,0.5990,482.6385,1.8742,123.8550,1.1790,102.9971,0.2987,48.3202,22.0000,36000,75000,294,0.6400,1500
PANAMAX_C-01,PANAMAX_C,container,2025-01-19 18:00:00,synthetic,14.4654,14.8809,0.7512,0.9435,0.6474,482.7635,2.6095,130.9830,1.2596,119.2234,0.4155,47.6759,22.0000,36000,75000,294,0.6400,1500
PANAMAX_C-01,PANAMAX_C,container,2025-01-19 21:00:00,synthetic,14.0741,14.4177,0.7195,0.9440,0.6296,482.8885,1.7368,127.6344,1.3389,89.5217,0.3437,46.2173,22.0000,36000,75000,294,0.6400,1500
PANAMAX_C-01,PANAMAX_C,container,2025-01-20 00:00:00,synthetic,14.5002,14.7570,0.7385,0.9445,0.7570,483.0135,0.8281,135.5261,1.3348,95.7378,0.2568,48.9788,22.0000,36000,75000,294,0.6400,1500
PANAMAX_C-01,PANAMAX_C,container,2025-01-20 03:00:00,synthetic,14.3059,14.5450,0.7306,0.9436,0.8838,483.1385,2.6434,140.0262,1.2889,161.3593,0.2390,47.1044,22.0000,36000,75000,294,0.6400,1500
PANAMAX_C-01,PANAMAX_C,container,2025-01-20 06:00:00,synthetic,14.2403,14.6898,0.7284,0.9428,0.7375,483.2635,2.7380,136.7475,1.3030,172.1746,0.4496,45.1623,22.0000,36000,75000,294,0.6400,1500
PANAMAX_C-01,PANAMAX_C,container,2025-01-20 09:00:00,synthetic,14.1846,14.5906,0.7397,0.9427,0.6775,483.3885,0.9470,146.6189,1.3359,92.8644,0.4060,48.1895,22.0000,36000,75000,294,0.6400,1500
PANAMAX_C-01,PANAMAX_C,container,2025-01-20 12:00:00,synthetic,14.2589,14.5407,0.7318,0.9409,0.8713,483.5135,3.5355,140.9467,1.3202,126.7538,0.2818,47.1116,22.0000,36000,75000,294,0.6400,1500
PANAMAX_C-01,PANAMAX_C,container,2025-01-20 15:00:00,synthetic,14.3166,14.6182,0.7222,0.9401,0.8604,483.6385,5.9548,148.9457,1.3804,165.7165,0.3016,45.5606,22.0000,36000,75000,294,0.6400,1500
PANAMAX_C-01,PANAMAX_C,container,2025-01-20 18:00:00,synthetic,14.3482,14.8209,0.7477,0.9393,0.9188,483.7635,4.8607,147.9774,1.2738,155.1281,0.4727,48.9614,22.0000,36000,75000,294,0.6400,1500
PANAMAX_C-01,PANAMAX_C,container,2025-01-20 21:00:00,synthetic,14.7852,15.2707,0.7304,0.9412,1.0748,483.8885,4.7041,151.2456,1.4103,175.5350,0.4855,49.1743,22.0000,36000,75000,294,0.6400,1500
PANAMAX_C-01,PANAMAX_C,container,2025-01-21 00:00:00,synthetic,14.7753,15.1137,0.7439,0.9395,1.2648,484.0135,3.2867,144.0829,1.4374,180.0000,0.3384,49.8351,22.0000,36000,75000,294,0.6400,1500
PANAMAX_C-01,PANAMAX_C,container,2025-01-21 03:00:00,synthetic,14.3196,14.5986,0.7327,0.9398,1.1519,484.1385,3.1148,143.5457,1.3616,162.7895,0.2790,45.2298,22.0000,36000,75000,294,0.6400,1500
PANAMAX_C-01,PANAMAX_C,container,2025-01-21 15:00:00,synthetic,16.4808,16.8065,0.9045,0.9820,1.4176,484.6385,6.9237,159.9112,1.6113,172.0841,0.3257,66.4875,22.0000,36000,75000,294,0.6400,1500
PANAMAX_C-01,PANAMAX_C,container,2025-01-21 18:00:00,synthetic,16.5913,16.8757,0.9068,0.9813,1.4802,484.7635,5.3227,169.9679,1.5559,180.0000,0.2844,64.7705,22.0000,36000,75000,294,0.6400,1500
PANAMAX_C-01,PANAMAX_C,container,2025-01-21 21:00:00,synthetic,16.8236,17.0838,0.9042,0.9814,1.2754,484.8885,6.9252,164.2925,1.6587,180.0000,0.2602,67.1882,22.0000,36000,75000,294,0.6400,1500
PANAMAX_C-01,PANAMAX_C,container,2025-01-22 00:00:00,synthetic,16.7009,16.9637,0.8870,0.9817,1.3084,485.0135,6.9269,170.5410,1.6966,169.7358,0.2629,68.5914,22.0000,36000,75000,294,0.6400,1500
PANAMAX_C-01,PANAMAX_C,container,2025-01-22 03:00:00,synthetic,16.6833,16.9959,0.9102,0.9816,1.3122,485.1385,8.4098,171.1307,1.9896,133.4324,0.3126,64.9932,22.0000,36000,75000,294,0.6400,1500
PANAMAX_C-01,PANAMAX_C,container,2025-01-22 06:00:00,synthetic,16.5835,16.9606,0.8960,0.9823,1.1404,485.2635,11.0061,175.5253,2.4031,162.2133,0.3771,65.9199,22.0000,36000,75000,294,0.6400,1500
PANAMAX_C-01,PANAMAX_C,container,2025-01-22 09:00:00,synthetic,16.5503,16.9154,0.8991,0.9808,1.1009,485.3885,7.7137,173.3546,2.1055,175.7955,0.3651,65.9052,22.0000,36000,75000,294,0.6400,1500
PANAMAX_C-01,PANAMAX_C,container,2025-01-22 12:00:00,synthetic,16.2676,16.7815,0.8902,0.9818,1.1346,485.5135,6.5495,179.0202,1.9143,174.9785,0.5138,65.5960,22.0000,36000,75000,294,0.6400,1500
PANAMAX_C-01,PANAMAX_C,container,2025-01-22 15:00:00,synthetic,16.0891,16.5182,0.8943,0.9833,0.9871,485.6385,9.5796,170.8407,2.1572,180.0000,0.4291,60.7000,22.0000,36000,75000,294,0.6400,1500
PANAMAX_C-01,PANAMAX_C,container,2025-01-22 18:00:00,synthetic,16.3717,16.6308,0.8805,0.9831,1.2392,485.7635,10.0929,179.3407,2.4077,180.0000,0.2591,68.1964,22.0000,36000,75000,294,0.6400,1500
PANAMAX_C-01,PANAMAX_C,container,2025-01-22 21:00:00,synthetic,16.4721,16.6112,0.8944,0.9850,1.4569,485.8885,12.9330,179.2162,3.7227,180.0000,0.1392,65.8064,22.0000,36000,75000,294,0.6400,1500
PANAMAX_C-01,PANAMAX_C,container,2025-01-23 00:00:00,synthetic,16.5404,16.7817,0.8902,0.9845,1.4142,486.0135,10.5924,176.1197,3.6781,180.0000,0.2413,67.1735,22.0000,36000,75000,294,0.6400,1500
PANAMAX_C-01,PANAMAX_C,container,2025-01-23 03:00:00,synthetic,16.6855,16.7281,0.9042,0.9842,1.5160,486.1385,11.1084,175.0295,3.1114,169.9069,0.0425,68.7508,22.0000,36000,75000,294,0.6400,1500
PANAMAX_C-01,PANAMAX_C,container,2025-01-23 06:00:00,synthetic,16.6227,16.6849,0.8961,0.9841,1.2485,486.2635,10.6622,173.5162,2.6977,180.0000,0.0622,67.4900,22.0000,36000,75000,294,0.6400,1500
PANAMAX_C-01,PANAMAX_C,container,2025-01-23 09:00:00,synthetic,16.9024,17.0301,0.8996,0.9840,1.5815,486.3885,14.0313,177.2930,3.5556,180.0000,0.1277,68.8617,22.0000,36000,75000,294,0.6400,1500
PANAMAX_C-01,PANAMAX_C,container,2025-01-23 12:00:00,synthetic,17.2159,17.0541,0.9135,0.9847,1.6090,486.5135,12.4200,168.0633,2.7993,180.0000,-0.1618,73.0613,22.0000,36000,75000,294,0.6400,1500
PANAMAX_C-01,PANAMAX_C,container,2025-01-23 15:00:00,synthetic,17.1609,16.8585,0.8885,0.9846,1.6902,486.6385,13.8134,161.1121,3.7376,122.9945,-0.3025,74.3518,22.0000,36000,75000,294,0.6400,1500
PANAMAX_C-01,PANAMAX_C,container,2025-01-23 18:00:00,synthetic,16.6044,16.2702,0.8959,0.9866,1.4279,486.7635,12.1671,146.5433,3.2735,163.3641,-0.3343,65.8325,22.0000,36000,75000,294,0.6400,1500
PANAMAX_C-01,PANAMAX_C,container,2025-01-23 21:00:00,synthetic,16.5828,16.2757,0.8961,0.9850,1.2976,486.8885,13.7082,143.2957,4.0033,120.2217,-0.3071,69.7824,22.0000,36000,75000,294,0.6400,1500
PANAMAX_C-01,PANAMAX_C,container,2025-01-24 00:00:00,synthetic,16.9848,16.6597,0.8902,0.9858,1.3155,487.0135,13.8241,140.9717,3.5012,163.8216,-0.3250,72.4355,22.0000,36000,75000,294,0.6400,1500
PANAMAX_C-01,PANAMAX_C,container,2025-01-24 03:00:00,synthetic,16.8915,16.8485,0.8819,0.9835,1.4455,487.1385,10.2208,146.7096,2.8384,147.8552,-0.0430,70.0983,22.0000,36000,75000,294,0.6400,1500
PANAMAX_C-01,PANAMAX_C,container,2025-01-24 06:00:00,synthetic,16.7915,16.8122,0.8904,0.9823,1.6859,487.2635,9.5297,150.8198,2.4069,120.1546,0.0207,68.7214,22.0000,36000,75000,294,0.6400,1500
PANAMAX_C-01,PANAMAX_C,container,2025-01-24 09:00:00,synthetic,16.7684,16.5853,0.8736,0.9830,1.5043,487.3885,9.6156,150.7416,2.3075,122.8660,-0.1831,69.4210,22.0000,36000,75000,294,0.6400,1500
NEOPANAMAX_C-01,NEOPANAMAX_C,container,2025-01-01 00:00:00,synthetic,16.1433,16.6574,0.4932,0.8704,-0.6361,634.1387,9.2604,12.2480,2.8483,26.0161,0.5141,125.3512,22.0000,60000,190000,366,0.6600,2600
NEOPANAMAX_C-01,NEOPANAMAX_C,container,2025-01-01 03:00:00,synthetic,16.4273,17.0678,0.5188,0.8700,-0.7426,634.2637,9.6535,10.6787,2.7251,0.6522,0.6405,125.6413,22.0000,60000,190000,366,0.6600,2600
NEOPANAMAX_C-01,NEOPANAMAX_C,container,2025-01-01 06:00:00,synthetic,16.7638,17.6596,0.5216,0.8714,-0.9966,634.3887,9.3761,15.9810,2.3845,0.0000,0.8958,134.4764,22.0000,60000,190000,366,0.6600,2600
NEOPANAMAX_C-01,NEOPANAMAX_C,container,2025-01-01 09:00:00,synthetic,16.4344,17.1407,0.5160,0.8732,-0.7371,634.5137,8.8383,14.4414,2.1403,17.3808,0.7063,125.1060,22.0000,60000,190000,366,0.6600,2600
NEOPANAMAX_C-01,NEOPANAMAX_C,container,2025-01-01 12:00:00,synthetic,16.4956,17.2906,0.5072,0.8735,-0.7458,634.6387,9.8667,19.8881,2.4008,0.0000,0.7949,126.2790,22.0000,60000,190000,366,0.6600,2600
NEOPANAMAX_C-01,NEOPANAMAX_C,container,2025-01-01 15:00:00,synthetic,16.5499,17.1409,0.5142,0.8704,-0.7449,634.7637,10.4658,9.3387,2.7499,0.0000,0.5910,134.0876,22.0000,60000,190000,366,0.6600,2600
NEOPANAMAX_C-01,NEOPANAMAX_C,container,2025-01-01 18:00:00,synthetic,16.6630,17.1143,0.5197,0.8690,-0.8279,634.8887,11.7357,0.7085,2.6731,7.0921,0.4513,133.6684,22.0000,60000,190000,366,0.6600,2600
NEOPANAMAX_C-01,NEOPANAMAX_C,container,2025-01-01 21:00:00,synthetic,16.5594,16.7045,0.4935,0.8682,-0.8288,635.0137,8.1429,1.6560,2.1206,0.0000,0.1451,129.0440,22.0000,60000,190000,366,0.6600,2600
NEOPANAMAX_C-01,NEOPANAMAX_C,container,2025-01-02 00:00:00,synthetic,16.9272,16.8464,0.5108,0.8671,-0.7326,635.1387,9.0627,5.8244,2.0305,0.0000,-0.0808,133.1384,22.0000,60000,190000,366,0.6600,2600
NEOPANAMAX_C-01,NEOPANAMAX_C,container,2025-01-02 03:00:00,synthetic,16.8619,16.6210,0.5131,0.8676,-0.6081,635.2637,7.4151,0.2502,2.0797,4.1696,-0.2409,132.0198,22.0000,60000,190000,366,0.6600,2600
NEOPANAMAX_C-01,NEOPANAMAX_C,container,2025-01-02 06:00:00,synthetic,16.4301,16.3525,0.5138,0.8697,-0.5149,635.3887,9.1244,11.0772,2.3155,0.0000,-0.0776,123.2599,22.0000,60000,190000,366,0.6600,2600
NEOPANAMAX_C-01,NEOPANAMAX_C,container,2025-01-02 09:00:00,synthetic,16.4698,16.8818,0.5171,0.8691,-0.7244,635.5137,9.7606,3.6952,2.1585,0.0000,0.4120,125.0312,22.0000,60000,190000,366,0.6600,2600
NEOPANAMAX_C-01,NEOPANAMAX_C,container,2025-01-02 12:00:00,synthetic,16.6280,16.9011,0.5270,0.8695,-0.7656,635.6387,8.5559,5.2965,1.9218,6.9302,0.2731,129.8980,22.0000,60000,190000,366,0.6600,2600
NEOPANAMAX_C-01,NEOPANAMAX_C,container,2025-01-02 15:00:00,synthetic,16.5275,16.6528,0.5056,0.8705,-0.7672,635.7637,8.3533,12.0310,1.6583,43.7280,0.1253,124.9221,22.0000,60000,190000,366,0.6600,2600
NEOPANAMAX_C-01,NEOPANAMAX_C,container,2025-01-02 18:00:00,synthetic,16.3039,16.7113,0.5068,0.8702,-0.4445,635.8887,5.7734,8.7930,1.6298,0.0000,0.4073,117.4377,22.0000,60000,190000,366,0.6600,2600
NEOPANAMAX_C-01,NEOPANAMAX_C,container,2025-01-02 21:00:00,synthetic,16.4767,16.9016,0.5090,0.8703,-0.2540,636.0137,7.0982,6.1007,1.4018,9.3592,0.4249,120.1053,22.0000,60000,190000,366,0.6600,2600
NEOPANAMAX_C-01,NEOPANAMAX_C,container,2025-01-03 00:00:00,synthetic,16.4467,16.6178,0.5033,0.8682,-0.0753,636.1387,3.4397,20.5953,1.2284,0.0000,0.1710,118.1082,22.0000,60000,190000,366,0.6600,2600
NEOPANAMAX_C-01,NEOPANAMAX_C,container,2025-01-03 03:00:00,synthetic,16.1770,16.2290,0.5144,0.8683,0.0627,636.2637,6.5731,15.1442,1.4825,8.9443,0.0521,118.3513,22.0000,60000,190000,366,0.6600,2600
NEOPANAMAX_C-01,NEOPANAMAX_C,container,2025-01-03 06:00:00,synthetic,16.0260,16.1612,0.4935,0.8655,0.0272,636.3887,9.2087,19.1968,2.2151,24.2604,0.1352,117.3786,22.0000,60000,190000,366,0.6600,2600
NEOPANAMAX_C-01,NEOPANAMAX_C,container,2025-01-03 09:00:00,synthetic,16.1266,16.4656,0.5217,0.8659,0.0615,636.5137,8.8403,7.4199,1.9763,28.4999,0.3391,120.2450,22.0000,60000,190000,366,0.6600,2600
NEOPANAMAX_C-01,NEOPANAMAX_C,container,2025-01-03 12:00:00,synthetic,15.9965,16.1890,0.4983,0.8673,-0.1120,636.6387,8.4290,6.2602,1.9465,30.9042,0.1925,115.0314,22.0000,60000,190000,366,0.6600,2600
NEOPANAMAX_C-01,NEOPANAMAX_C,container,2025-01-03 15:00:00,synthetic,15.9262,16.1802,0.5038,0.8693,-0.3832,636.7637,7.5440,14.0849,1.7058,6.9538,0.2541,113.5804,22.0000,60000,190000,366,0.6600,2600
NEOPANAMAX_C-01,NEOPANAMAX_C,container,2025-01-03 18:00:00,synthetic,16.2003,16.3731,0.5168,0.8713,-0.1170,636.8887,7.6231,21.0437,1.6872,34.7908,0.1728,107.7445,22.0000,60000,190000,366,0.6600,2600
NEOPANAMAX_C-01,NEOPANAMAX_C,container,2025-01-03 21:00:00,synthetic,16.3973,16.7959,0.5002,0.8719,-0.0796,637.0137,9.2251,30.6496,1.8793,14.5986,0.3985,119.8460,22.0000,60000,190000,366,0.6600,2600
NEOPANAMAX_C-01,NEOPANAMAX_C,container,2025-01-04 00:00:00,synthetic,16.4554,17.0097,0.5196,0.8715,-0.2665,637.1387,8.8054,18.9021,1.5605,32.3898,0.5542,121.8290,22.0000,60000,190000,366,0.6600,2600
NEOPANAMAX_C-01,NEOPANAMAX_C,container,2025-01-04 03:00:00,synthetic,16.8763,17.2254,0.5088,0.8723,-0.4566,637.2637,7.9091,10.6372,1.5912,0.1162,0.3491,123.7602,22.0000,60000,190000,366,0.6600,2600
NEOPANAMAX_C-01,NEOPANAMAX_C,container,2025-01-04 06:00:00,synthetic,16.5378,16.5773,0.5208,0.8742,-0.1923,637.3887,9.7356,2.7952,1.9473,0.0000,0.0395,125.6756,22.0000,60000,190000,366,0.6600,2600
NEOPANAMAX_C-01,NEOPANAMAX_C,container,2025-01-04 09:00:00,synthetic,16.9718,16.7284,0.5066,0.8737,-0.0620,637.5137,7.5580,2.1445,1.8333,0.0000,-0.2434,132.5524,22.0000,60000,190000,366,0.6600,2600
NEOPANAMAX_C-01,NEOPANAMAX_C,container,2025-01-04 12:00:00,synthetic,16.8325,16.4617,0.5296,0.8735,-0.2322,637.6387,8.1222,13.6577,1.7257,30.4293,-0.3709,123.4812,22.0000,60000,190000,366,0.6600,2600
NEOPANAMAX_C-01,NEOPANAMAX_C,container,2025-01-04 15:00:00,synthetic,17.0272,16.7921,0.5187,0.8738,-0.2108,637.7637,8.2558,28.1430,1.8913,59.7408,-0.2351,132.9828,22.0000,60000,190000,366,0.6600,2600
NEOPANAMAX_C-01,NEOPANAMAX_C,container,2025-01-04 18:00:00,synthetic,16.6033,16.6572,0.5161,0.8722,-0.0520,637.8887,8.6271,22.1035,1.8771,21.4469,0.0538,124.1263,22.0000,60000,190000,366,0.6600,2600
NEOPANAMAX_C-01,NEOPANAMAX_C,container,2025-01-04 21:00:00,synthetic,17.0162,17.2700,0.5160,0.8727,-0.1602,638.0137,9.4172,18.8608,1.8211,7.0900,0.2538,133.6821,22.0000,60000,190000,366,0.6600,2600
NEOPANAMAX_C-01,NEOPANAMAX_C,container,2025-01-05 00:00:00,synthetic,17.1416,17.5566,0.4954,0.8725,0.0649,638.1387,6.0405,24.6301,1.5386,29.6007,0.4150,130.3832,22.0000,60000,190000,366,0.6600,2600
NEOPANAMAX_C-01,NEOPANAMAX_C,container,2025-01-05 03:00:00,synthetic,16.9707,17.2259,0.5040,0.8734,0.1800,638.2637,6.6460,34.7070,1.4453,12.1172,0.2552,129.4182,22.0000,60000,190000,366,0.6600,2600
NEOPANAMAX_C-01,NEOPANAMAX_C,container,2025-01-05 06:00:00,synthetic,16.5199,17.0169,0.4932,0.8739,-0.1310,638.3887,7.5295,21.9890,1.5440,2.6139,0.4970,121.4028,22.0000,60000,190000,366,0.6600,2600
NEOPANAMAX_C-01,NEOPANAMAX_C,container,2025-01-05 09:00:00,synthetic,16.2300,16.6278,0.5051,0.8723,-0.2610,638.5137,7.3957,23.4021,1.7552,18.4057,0.3978,115.0425,22.0000,60000,190000,366,0.6600,2600
NEOPANAMAX_C-01,NEOPANAMAX_C,container,2025-01-05 12:00:00,synthetic,16.0113,16.2813,0.4941,0.8730,-0.2624,638.6387,6.0310,21.7876,1.5932,13.6854,0.2700,114.0042,22.0000,60000,190000,366,0.6600,2600
NEOPANAMAX_C-01,NEOPANAMAX_C,container,2025-01-05 15:00:00,synthetic,16.1874,16.3182,0.5187,0.8717,-0.2422,638.7637,6.3748,41.8114,1.6105,36.1285,0.1308,112.5588,22.0000,60000,190000,366,0.6600,2600
NEOPANAMAX_C-01,NEOPANAMAX_C,container,2025-01-05 18:00:00,synthetic,16.5094,16.4812,0.5053,0.8733,-0.2470,638.8887,5.1370,31.5154,1.3659,0.0000,-0.0282,121.4314,22.0000,60000,190000,366,0.6600,2600
NEOPANAMAX_C-01,NEOPANAMAX_C,container,2025-01-05 21:00:00,synthetic,16.3152,16.4786,0.5197,0.8750,-0.2887,639.0137,3.0902,27.9798,1.3509,39.6395,0.1634,115.8358,22.0000,60000,190000,366,0.6600,2600
NEOPANAMAX_C-01,NEOPANAMAX_C,container,2025-01-06 00:00:00,synthetic,16.4882,16.6273,0.5070,0.8745,-0.3313,639.1387,5.4483,35.9546,1.2609,21.5672,0.1392,118.5336,22.0000,60000,190000,366,0.6600,2600
NEOPANAMAX_C-01,NEOPANAMAX_C,container,2025-01-06 03:00:00,synthetic,16.5989,16.8394,0.5146,0.8746,-0.2832,639.2637,4.3588,54.5368,1.1244,22.9038,0.2405,116.4808,22.0000,60000,190000,366,0.6600,2600
NEOPANAMAX_C-01,NEOPANAMAX_C,container,2025-01-06 06:00:00,synthetic,16.5830,16.8731,0.5176,0.8757,-0.4582,639.3887,5.0895,46.1525,1.1397,35.4227,0.2901,118.7622,22.0000,60000,190000,366,0.6600,2600
NEOPANAMAX_C-01,NEOPANAMAX_C,container,2025-01-06 09:00:00,synthetic,16.6988,17.0411,0.5177,0.8761,-0.4517,639.5137,4.8088,56.7101,1.1452,39.0782,0.3423,116.8613,22.0000,60000,190000,366,0.6600,2600
NEOPANAMAX_C-01,NEOPANAMAX_C,container,2025-01-06 12:00:00,synthetic,16.2022,16.4912,0.5181,0.8754,-0.4230,639.6387,2.0998,39.6322,1.0570,53.7453,0.2890,109.7481,22.0000,60000,190000,366,0.6600,2600
NEOPANAMAX_C-01,NEOPANAMAX_C,container,2025-01-06 15:00:00,synthetic,16.3591,16.8429,0.5068,0.8746,-0.5377,639.7637,3.3865,49.6462,1.0523,89.7275,0.4838,111.1966,22.0000,60000,190000,366,0.6600,2600
NEOPANAMAX_C-01,NEOPANAMAX_C,container,2025-01-06 18:00:00,synthetic,16.0960,16.6096,0.4994,0.8759,-0.5107,639.8887,2.3686,32.9164,1.1490,7.9038,0.5135,107.6251,22.0000,60000,190000,366,0.6600,2600
NEOPANAMAX_C-01,NEOPANAMAX_C,container,2025-01-07 18:00:00,synthetic,16.2018,15.8343,0.9443,0.9816,-0.5576,640.8887,3.0913,5.7557,1.1531,28.0230,-0.3675,121.2208,22.0000,60000,190000,366,0.6600,2600
NEOPANAMAX_C-01,NEOPANAMAX_C,container,2025-01-07 21:00:00,synthetic,16.4205,15.9816,0.9462,0.9824,-0.5359,641.0137,3.5998,16.0962,1.0215,9.5708,-0.4389,121.2820,22.0000,60000,190000,366,0.6600,2600
NEOPANAMAX_C-01,NEOPANAMAX_C,container,2025-01-08 00:00:00,synthetic,16.8409,15.9945,0.9498,0.9824,-0.6907,641.1387,5.6621,10.5134,1.0253,8.0491,-0.8464,129.4599,22.0000,60000,190000,366,0.6600,2600
NEOPANAMAX_C-01,NEOPANAMAX_C,container,2025-01-08 03:00:00,synthetic,16.5914,15.5832,0.9444,0.9825,-0.6789,641.2637,4.0894,13.3393,0.9046,0.0000,-1.0081,123.3367,22.0000,60000,190000,366,0.6600,2600
NEOPANAMAX_C-01,NEOPANAMAX_C,container,2025-01-08 06:00:00,synthetic,16.4611,15.5974,0.9303,0.9836,-0.7840,641.3887,3.8904,12.0661,0.8638,19.3315,-0.8638,124.4357,22.0000,60000,190000,366,0.6600,2600
NEOPANAMAX_C-01,NEOPANAMAX_C,container,2025-01-08 09:00:00,synthetic,16.1173,15.2856,0.9462,0.9843,-0.9918,641.5137,4.6063,14.0147,0.9118,16.0436,-0.8317,119.4068,22.0000,60000,190000,366,0.6600,2600
NEOPANAMAX_C-01,NEOPANAMAX_C,container,2025-01-08 12:00:00,synthetic,15.8435,14.9790,0.9278,0.9856,-0.6823,641.6387,7.0067,16.8145,1.1178,0.0000,-0.8646,117.2937,22.0000,60000,190000,366,0.6600,2600
NEOPANAMAX_C-01,NEOPANAMAX_C,container,2025-01-08 15:00:00,synthetic,16.2120,15.7101,0.9715,0.9885,-0.4154,641.7637,6.6511,5.7815,1.1775,0.0000,-0.5019,122.2835,22.0000,60000,190000,366,0.6600,2600
NEOPANAMAX_C-01,NEOPANAMAX_C,container,2025-01-08 18:00:00,synthetic,16.3134,16.0401,0.9510,0.9862,-0.5050,641.8887,4.7801,16.6369,1.0439,10.0946,-0.2733,127.9131,22.0000,60000,190000,366,0.6600,2600
NEOPANAMAX_C-01,NEOPANAMAX_C,container,2025-01-08 21:00:00,synthetic,16.5230,16.1596,0.9629,0.9845,-0.3397,642.0137,5.1619,26.3781,0.9388,53.5364,-0.3635,124.2077,22.0000,60000,190000,366,0.6600,2600
NEOPANAMAX_C-01,NEOPANAMAX_C,container,2025-01-09 00:00:00,synthetic,16.7291,16.6280,0.9289,0.9839,-0.1844,642.1387,6.8136,26.6427,1.1319,16.7686,-0.1011,137.8437,22.0000,60000,190000,366,0.6600,2600
NEOPANAMAX_C-01,NEOPANAMAX_C,container,2025-01-09 03:00:00,synthetic,16.7194,16.6288,0.9472,0.9849,-0.0855,642.2637,4.7245,34.3590,0.8078,59.9757,-0.0906,128.1224,22.0000,60000,190000,366,0.6600,2600
NEOPANAMAX_C-01,NEOPANAMAX_C,container,2025-01-09 06:00:00,synthetic,16.9889,16.9462,0.9442,0.9852,-0.1205,642.3887,4.2831,41.9690,0.8782,63.2112,-0.0427,135.2293,22.0000,60000,190000,366,0.6600,2600
NEOPANAMAX_C-01,NEOPANAMAX_C,container,2025-01-09 09:00:00,synthetic,16.5698,16.6119,0.9400,0.9835,-0.2822,642.5137,4.4518,35.6393,0.9520,48.0816,0.0421,125.8168,22.0000,60000,190000,366,0.6600,2600
NEOPANAMAX_C-01,NEOPANAMAX_C,container,2025-01-09 12:00:00,synthetic,16.5373,16.5525,0.9310,0.9847,-0.0173,642.6387,2.9068,45.8507,0.8489,30.4090,0.0152,120.1199,22.0000,60000,190000,366,0.6600,2600
NEOPANAMAX_C-01,NEOPANAMAX_C,container,2025-01-09 15:00:00,synthetic,16.6976,16.9932,0.9296,0.9850,0.1768,642.7637,3.9264,32.1563,0.7821,11.6880,0.2956,121.7137,22.0000,60000,190000,366,0.6600,2600
NEOPANAMAX_C-01,NEOPANAMAX_C,container,2025-01-09 18:00:00,synthetic,16.6796,16.5498,0.9324,0.9842,0.0482,642.8887,3.6246,22.7220,0.8498,49.0935,-0.1298,120.9689,22.0000,60000,190000,366,0.6600,2600
NEOPANAMAX_C-01,NEOPANAMAX_C,container,2025-01-09 21:00:00,synthetic,16.9947,16.9082,0.9392,0.9816,0.3062,643.0137,2.1336,24.9675,0.7951,15.2442,-0.0864,130.9056,22.0000,60000,190000,366,0.6600,2600
NEOPANAMAX_C-01,NEOPANAMAX_C,container,2025-01-10 00:00:00,synthetic,16.8259,16.7193,0.9254,0.9796,0.3840,643.1387,0.5804,33.5753,0.9293,40.4517,-0.1066,125.5823,22.0000,60000,190000,366,0.6600,2600
NEOPANAMAX_C-01,NEOPANAMAX_C,container,2025-01-10 03:00:00,synthetic,17.1452,16.9401,0.9436,0.9772,0.4778,643.2637,1.8123,32.3734,0.9237,11.4529,-0.2051,132.8734,22.0000,60000,190000,366,0.6600,2600
NEOPANAMAX_C-01,NEOPANAMAX_C,container,2025-01-10 06:00:00,synthetic,16.7804,16.6023,0.9508,0.9765,0.4248,643.3887,2.9891,28.6439,1.0216,46.7219,-0.1782,120.5455,22.0000,60000,190000,366,0.6600,2600
NEOPANAMAX_C-01,NEOPANAMAX_C,container,2025-01-10 09:00:00,synthetic,16.9019,16.6453,0.9335,0.9775,0.3996,643.5137,4.0144,25.4277,1.1255,32.5811,-0.2566,123.8238,22.0000,60000,190000,366,0.6600,2600
NEOPANAMAX_C-01,NEOPANAMAX_C,container,2025-01-10 12:00:00,synthetic,16.9874,16.8451,0.9375,0.9786,0.1967,643.6387,4.1609,22.4948,1.1115,18.1702,-0.1424,135.2331,22.0000,60000,190000,366,0.6600,2600
NEOPANAMAX_C-01,NEOPANAMAX_C,container,2025-01-10 15:00:00,synthetic,17.0913,16.8476,0.9366,0.9792,0.0538,643.7637,1.7143,36.2263,1.0753,77.6942,-0.2437,130.9124,22.0000,60000,190000,366,0.6600,2600
NEOPANAMAX_C-01,NEOPANAMAX_C,container,2025-01-10 18:00:00,synthetic,16.9874,16.8071,0.9296,0.9780,-0.0450,643.8887,1.8940,30.1841,1.1093,0.0000,-0.1803,132.0486,22.0000,60000,190000,366,0.6600,2600
NEOPANAMAX_C-01,NEOPANAMAX_C,container,2025-01-10 21:00:00,synthetic,16.8151,16.6190,0.9482,0.9781,-0.2311,644.0137,0.0149,22.7994,0.9714,22.9766,-0.1960,124.8933,22.0000,60000,190000,366,0.6600,2600
NEOPANAMAX_C-01,NEOPANAMAX_C,container,2025-01-11 00:00:00,synthetic,16.6339,16.3343,0.9554,0.9780,-0.1824,644.1387,0.0000,14.1898,0.9195,30.1198,-0.2996,123.5836,22.0000,60000,190000,366,0.6600,2600
NEOPANAMAX_C-01,NEOPANAMAX_C,container,2025-01-11 03:00:00,synthetic,16.3813,16.4102,0.9425,0.9788,-0.1357,644.2637,0.6776,10.6560,0.8771,33.0948,0.0289,112.9525,22.0000,60000,190000,366,0.6600,2600
NEOPANAMAX_C-01,NEOPANAMAX_C,container,2025-01-11 06:00:00,synthetic,16.2908,16.3439,0.9562,0.9796,-0.0098,644.3887,0.0000,17.0388,0.9258,0.0000,0.0531,116.4361,22.0000,60000,190000,366,0.6600,2600
NEOPANAMAX_C-01,NEOPANAMAX_C,container,2025-01-11 09:00:00,synthetic,16.5078,16.2896,0.9390,0.9797,-0.0093,644.5137,0.0000,24.5889,1.0090,0.0000,-0.2183,121.7745,22.0000,60000,190000,366,0.6600,2600
NEOPANAMAX_C-01,NEOPANAMAX_C,container,2025-01-11 12:00:00,synthetic,16.4439,16.1078,0.9485,0.9792,0.0767,644.6387,1.4691,37.0552,1.0115,0.0000,-0.3361,116.3975,22.0000,60000,190000,366,0.6600,2600
NEOPANAMAX_C-01,NEOPANAMAX_C,container,2025-01-11 15:00:00,synthetic,16.3415,16.1510,0.9546,0.9791,0.2807,644.7637,0.0000,41.9955,1.0372,34.2828,-0.1906,118.2003,22.0000,60000,190000,366,0.6600,2600
NEOPANAMAX_C-01,NEOPANAMAX_C,container,2025-01-11 18:00:00,synthetic,16.1776,15.6987,0.9469,0.9790,0.1508,644.8887,0.2360,49.4980,0.9590,63.6770,-0.4789,117.8309,22.0000,60000,190000,366,0.6600,2600
NEOPANAMAX_C-01,NEOPANAMAX_C,container,2025-01-11 21:00:00,synthetic,16.4036,16.0069,0.9448,0.9786,0.2093,645.0137,0.0000,36.9872,0.9275,28.4490,-0.3966,115.9861,22.0000,60000,190000,366,0.6600,2600
NEOPANAMAX_C-01,NEOPANAMAX_C,container,2025-01-12 00:00:00,synthetic,16.4713,16.0796,0.9388,0.9765,0.1149,645.1387,1.6446,32.7183,0.9752,21.3980,-0.3916,121.4058,22.0000,60000,190000,366,0.6600,2600
NEOPANAMAX_C-01,NEOPANAMAX_C,container,2025-01-12 03:00:00,synthetic,16.3707,16.0272,0.9307,0.9770,0.0250,645.2637,1.5922,34.5106,0.9185,0.0000,-0.3435,117.2989,22.0000,60000,190000,366,0.6600,2600
NEOPANAMAX_C-01,NEOPANAMAX_C,container,2025-01-12 06:00:00,synthetic,16.4011,15.8507,0.9484,0.9771,0.0862,645.3887,3.8819,36.5504,0.9738,62.6562,-0.5504,120.9140,22.0000,60000,190000,366,0.6600,2600
NEOPANAMAX_C-01,NEOPANAMAX_C,container,2025-01-12 09:00:00,synthetic,16.6719,16.2217,0.9364,0.9742,-0.1501,645.5137,4.7598,37.7037,0.9352,17.2536,-0.4502,125.0412,22.0000,60000,190000,366,0.6600,2600
NEOPANAMAX_C-01,NEOPANAMAX_C,container,2025-01-12 12:00:00,synthetic,16.9501,16.3948,0.9672,0.9763,-0.2129,645.6387,4.0156,53.8808,1.0289,37.8439,-0.5553,129.3198,22.0000,60000,190000,366,0.6600,2600
NEOPANAMAX_C-01,NEOPANAMAX_C,container,2025-01-14 00:00:00,synthetic,17.3493,16.7765,0.8000,0.9416,0.3128,647.1387,3.6174,74.3630,0.8617,115.4535,-0.5728,134.1616,22.0000,60000,190000,366,0.6600,2600
NEOPANAMAX_C-01,NEOPANAMAX_C,container,2025-01-14 03:00:00,synthetic,17.3090,16.8603,0.7839,0.9409,0.1149,647.2637,4.1626,77.3321,0.9912,65.8344,-0.4488,125.3689,22.0000,60000,190000,366,0.6600,2600
NEOPANAMAX_C-01,NEOPANAMAX_C,container,2025-01-14 06:00:00,synthetic,16.8838,16.6330,0.7974,0.9401,0.1549,647.3887,4.6658,81.3215,1.1021,120.2920,-0.2508,127.8564,22.0000,60000,190000,366,0.6600,2600
NEOPANAMAX_C-01,NEOPANAMAX_C,container,2025-01-14 09:00:00,synthetic,16.8512,16.6443,0.8041,0.9400,0.1020,647.5137,6.1612,80.5317,1.2497,90.0197,-0.2069,127.6551,22.0000,60000,190000,366,0.6600,2600
NEOPANAMAX_C-01,NEOPANAMAX_C,container,2025-01-14 12:00:00,synthetic,16.4487,16.2865,0.7909,0.9388,0.0174,647.6387,5.6841,63.8536,1.1358,40.6932,-0.1623,117.0865,22.0000,60000,190000,366,0.6600,2600
NEOPANAMAX_C-01,NEOPANAMAX_C,container,2025-01-14 15:00:00,synthetic,16.4922,16.3400,0.7887,0.9382,0.0573,647.7637,4.3496,65.2078,1.0174,61.7088,-0.1522,117.4078,22.0000,60000,190000,366,0.6600,2600
NEOPANAMAX_C-01,NEOPANAMAX_C,container,2025-01-14 18:00:00,synthetic,16.6214,16.6464,0.7983,0.9384,-0.0952,647.8887,3.0222,59.6590,0.8177,39.6623,0.0250,119.6701,22.0000,60000,190000,366,0.6600,2600
NEOPANAMAX_C-01,NEOPANAMAX_C,container,2025-01-14 21:00:00,synthetic,16.7495,16.8713,0.7936,0.9382,0.0541,648.0137,2.6870,47.6780,0.7908,10.9356,0.1218,127.2284,22.0000,60000,190000,366,0.6600,2600
NEOPANAMAX_C-01,NEOPANAMAX_C,container,2025-01-15 00:00:00,synthetic,16.6783,16.7281,0.7848,0.9402,0.0533,648.1387,2.7013,57.1827,0.7689,70.7576,0.0499,122.0857,22.0000,60000,190000,366,0.6600,2600
NEOPANAMAX_C-01,NEOPANAMAX_C,container,2025-01-15 03:00:00,synthetic,16.7122,16.6383,0.8077,0.9406,-0.0078,648.2637,0.0000,53.3113,0.7506,91.3336,-0.0739,119.1272,22.0000,60000,190000,366,0.6600,2600
NEOPANAMAX_C-01,NEOPANAMAX_C,container,2025-01-15 06:00:00,synthetic,16.6481,16.6086,0.7929,0.9396,-0.3581,648.3887,2.2347,68.0872,0.7299,67.3875,-0.0395,124.0843,22.0000,60000,190000,366,0.6600,2600
NEOPANAMAX_C-01,NEOPANAMAX_C,container,2025-01-15 09:00:00,synthetic,16.5504,16.5964,0.8095,0.9431,-0.5736,648.5137,0.0000,67.1202,0.6371,79.7042,0.0460,116.4657,22.0000,60000,190000,366,0.6600,2600
NEOPANAMAX_C-01,NEOPANAMAX_C,container,2025-01-15 12:00:00,synthetic,16.6997,16.6240,0.7922,0.9437,-0.4076,648.6387,1.3492,62.3537,0.7145,51.4565,-0.0756,118.4329,22.0000,60000,190000,366,0.6600,2600
NEOPANAMAX_C-01,NEOPANAMAX_C,container,2025-01-15 15:00:00,synthetic,16.4379,16.4734,0.8031,0.9441,-0.2878,648.7637,0.0000,64.7637,0.6650,71.6715,0.0354,116.7541,22.0000,60000,190000,366,0.6600,2600
NEOPANAMAX_C-01,NEOPANAMAX_C,container,2025-01-15 18:00:00,synthetic,16.8102,16.6632,0.7970,0.9435,-0.3448,648.8887,0.1316,65.6689,0.7073,61.7691,-0.1470,120.1552,22.0000,60000,190000,366,0.6600,2600
NEOPANAMAX_C-01,NEOPANAMAX_C,container,2025-01-15 21:00:00,synthetic,16.8110,16.4610,0.7975,0.9435,-0.5689,649.0137,0.0000,70.7147,0.6062,110.9246,-0.3500,123.0954,22.0000,60000,190000,366,0.6600,2600
NEOPANAMAX_C-01,NEOPANAMAX_C,container,2025-01-16 00:00:00,synthetic,16.8897,16.7809,0.7946,0.9445,-0.2848,649.1387,3.7094,63.5326,0.6134,110.4467,-0.1088,124.0338,22.0000,60000,190000,366,0.6600,2600
NEOPANAMAX_C-01,NEOPANAMAX_C,container,2025-01-16 03:00:00,synthetic,16.9127,16.6440,0.7835,0.9439,-0.2333,649.2637,3.4216,64.9918,0.6704,47.8593,-0.2687,129.8791,22.0000,60000,190000,366,0.6600,2600
NEOPANAMAX_C-01,NEOPANAMAX_C,container,2025-01-16 06:00:00,synthetic,17.0458,17.0382,0.7927,0.9433,-0.3546,649.3887,2.1127,57.4051,0.6083,42.6584,-0.0076,131.3855,22.0000,60000,190000,366,0.6600,2600
NEOPANAMAX_C-01,NEOPANAMAX_C,container,2025-01-16 09:00:00,synthetic,17.1843,17.1459,0.7975,0.9429,-0.5243,649.5137,4.0055,47.5822,0.6539,95.6494,-0.0384,124.3778,22.0000,60000,190000,366,0.6600,2600
NEOPANAMAX_C-01,NEOPANAMAX_C,container,2025-01-16 12:00:00,synthetic,17.0319,17.2576,0.7831,0.9439,-0.1018,649.6387,6.1206,57.0550,0.9159,59.0408,0.2257,132.6596,22.0000,60000,190000,366,0.6600,2600
NEOPANAMAX_C-01,NEOPANAMAX_C,container,2025-01-16 15:00:00,synthetic,17.2062,17.2602,0.7881,0.9457,0.0886,649.7637,6.8442,67.7866,1.0332,42.0091,0.0540,131.7066,22.0000,60000,190000,366,0.6600,2600
NEOPANAMAX_C-01,NEOPANAMAX_C,container,2025-01-16 18:00:00,synthetic,17.2950,17.4419,0.7739,0.9451,0.0964,649.8887,4.7848,80.8119,0.8984,70.7158,0.1469,126.7863,22.0000,60000,190000,366,0.6600,2600
NEOPANAMAX_C-01,NEOPANAMAX_C,container,2025-01-16 21:00:00,synthetic,17.1647,17.3064,0.7929,0.9455,0.0890,650.0137,6.7130,90.1877,0.9344,116.7128,0.1417,125.6576,22.0000,60000,190000,366,0.6600,2600
NEOPANAMAX_C-01,NEOPANAMAX_C,container,2025-01-17 00:00:00,synthetic,16.7676,16.9709,0.7852,0.9458,0.1756,650.1387,6.2449,91.5616,0.7774,91.3092,0.2033,122.1654,22.0000,60000,190000,366,0.6600,2600
NEOPANAMAX_C-01,NEOPANAMAX_C,container,2025-01-17 12:00:00,synthetic,16.8438,17.2476,0.5967,0.8984,0.2812,650.6387,6.3005,69.3566,0.8338,93.5519,0.4038,125.8229,22.0000,60000,190000,366,0.6600,2600
NEOPANAMAX_C-01,NEOPANAMAX_C,container,2025-01-17 15:00:00,synthetic,17.2374,17.5374,0.5980,0.8977,0.3251,650.7637,2.9802,81.6392,0.5777,61.5580,0.3001,125.0875,22.0000,60000,190000,366,0.6600,2600
NEOPANAMAX_C-01,NEOPANAMAX_C,container,2025-01-17 18:00:00,synthetic,17.5468,17.8222,0.6020,0.8968,0.1387,650.8887,1.9057,90.0920,0.6075,87.9532,0.2754,134.5833,22.0000,60000,190000,366,0.6600,2600
NEOPANAMAX_C-01,NEOPANAMAX_C,container,2025-01-17 21:00:00,synthetic,17.8728,18.2665,0.6231,0.8963,0.2254,651.0137,0.8565,91.2613,0.5546,117.1665,0.3936,142.4052,22.0000,60000,190000,366,0.6600,2600
NEOPANAMAX_C-01,NEOPANAMAX_C,container,2025-01-18 00:00:00,synthetic,17.5303,17.7287,0.6024,0.8971,0.1077,651.1387,2.7930,94.2896,0.6006,94.4649,0.1984,136.5466,22.0000,60000,190000,366,0.6600,2600
NEOPANAMAX_C-01,NEOPANAMAX_C,container,2025-01-18 03:00:00,synthetic,17.2172,17.5298,0.6007,0.8955,0.0254,651.2637,1.7213,96.7868,0.5826,83.7592,0.3125,125.8773,22.0000,60000,190000,366,0.6600,2600
NEOPANAMAX_C-01,NEOPANAMAX_C,container,2025-01-18 06:00:00,synthetic,16.9679,17.7491,0.5845,0.8957,-0.3025,651.3887,3.1197,105.6097,0.7332,85.8675,0.7812,125.4153,22.0000,60000,190000,366,0.6600,2600
NEOPANAMAX_C-01,NEOPANAMAX_C,container,2025-01-18 09:00:00,synthetic,17.0710,17.9097,0.5931,0.8968,-0.5845,651.5137,3.4797,104.4592,0.7948,136.0546,0.8388,120.7678,22.0000,60000,190000,366,0.6600,2600
NEOPANAMAX_C-01,NEOPANAMAX_C,container,2025-01-18 12:00:00,synthetic,16.9422,17.5857,0.5975,0.8955,-0.7179,651.6387,4.7962,107.2978,0.8889,75.4047,0.6435,119.7139,22.0000,60000,190000,366,0.6600,2600
NEOPANAMAX_C-01,NEOPANAMAX_C,container,2025-01-18 15:00:00,synthetic,16.9075,17.6917,0.5941,0.8943,-0.4781,651.7637,5.0978,112.6336,0.9842,104.8575,0.7843,120.1942,22.0000,60000,190000,366,0.6600,2600
NEOPANAMAX_C-01,NEOPANAMAX_C,container,2025-01-18 18:00:00,synthetic,16.8256,17.6805,0.5919,0.8945,-0.4642,651.8887,5.2029,110.0123,1.0126,95.7540,0.8548,114.8211,22.0000,60000,190000,366,0.6600,2600
NEOPANAMAX_C-01,NEOPANAMAX_C,container,2025-01-18 21:00:00,synthetic,16.8652,17.6847,0.6035,0.8949,-0.5034,652.0137,7.7119,123.9326,1.5176,124.9499,0.8195,118.8793,22.0000,60000,190000,366,0.6600,2600
NEOPANAMAX_C-01,NEOPANAMAX_C,container,2025-01-19 00:00:00,synthetic,17.0536,17.9710,0.6118,0.8934,-0.6296,652.1387,6.1048,140.4237,1.3187,151.2781,0.9174,121.0814,22.0000,60000,190000,366,0.6600,2600
NEOPANAMAX_C-01,NEOPANAMAX_C,container,2025-01-19 03:00:00,synthetic,16.7533,17.7492,0.5843,0.8928,-0.7841,652.2637,6.4473,148.0243,0.9777,126.0334,0.9959,123.3264,22.0000,60000,190000,366,0.6600,2600
NEOPANAMAX_C-01,NEOPANAMAX_C,container,2025-01-19 06:00:00,synthetic,16.7970,17.6796,0.6068,0.8937,-0.6082,652.3887,6.1197,149.0435,1.2139,170.0216,0.8826,111.6109,22.0000,60000,190000,366,0.6600,2600
NEOPANAMAX_C-01,NEOPANAMAX_C,container,2025-01-19 09:00:00,synthetic,17.0434,18.0640,0.6149,0.8920,-0.7072,652.5137,6.8028,145.4097,1.2521,160.2749,1.0206,122.0913,22.0000,60000,190000,366,0.6600,2600
NEOPANAMAX_C-01,NEOPANAMAX_C,container,2025-01-19 12:00:00,synthetic,17.2353,18.1614,0.5936,0.8933,-0.6953,652.6387,8.4456,144.9306,1.8587,123.8915,0.9262,119.0381,22.0000,60000,190000,366,0.6600,2600
NEOPANAMAX_C-01,NEOPANAMAX_C,container,2025-01-19 15:00:00,synthetic,17.5648,18.4937,0.5923,0.8928,-0.5289,652.7637,7.6853,162.1863,1.6779,180.0000,0.9290,127.8019,22.0000,60000,190000,366,0.6600,2600
NEOPANAMAX_C-01,NEOPANAMAX_C,container,2025-01-19 18:00:00,synthetic,17.3756,18.1489,0.5992,0.8939,-0.5064,652.8887,9.2483,163.6433,1.9897,149.4984,0.7733,127.6677,22.0000,60000,190000,366,0.6600,2600
NEOPANAMAX_C-01,NEOPANAMAX_C,container,2025-01-19 21:00:00,synthetic,17.4239,18.3700,0.6062,0.8928,-0.4472,653.0137,8.3456,161.0454,1.7072,169.1699,0.9461,126.5372,22.0000,60000,190000,366,0.6600,2600
NEOPANAMAX_C-01,NEOPANAMAX_C,container,2025-01-20 00:00:00,synthetic,17.4182,18.4368,0.5920,0.8909,-0.3775,653.1387,7.2110,168.9218,1.3027,180.0000,1.0185,130.4589,22.0000,60000,190000,366,0.6600,2600
NEOPANAMAX_C-01,NEOPANAMAX_C,container,2025-01-20 03:00:00,synthetic,17.6959,18.7887,0.6019,0.8913,-0.5373,653.2637,5.6856,164.5960,1.3014,138.3116,1.0929,131.2627,22.0000,60000,190000,366,0.6600,2600
NEOPANAMAX_C-01,NEOPANAMAX_C,container,2025-01-20 06:00:00,synthetic,17.6293,18.5144,0.5988,0.8910,-0.3729,653.3887,5.0924,175.9846,1.2082,164.8617,0.8851,124.4894,22.0000,60000,190000,366,0.6600,2600
NEOPANAMAX_C-01,NEOPANAMAX_C,container,2025-01-20 09:00:00,synthetic,17.3059,17.9719,0.5902,0.8936,-0.4186,653.5137,3.2212,177.4540,1.1852,180.0000,0.6661,125.0527,22.0000,60000,190000,366,0.6600,2600
NEOPANAMAX_C-01,NEOPANAMAX_C,container,2025-01-20 12:00:00,synthetic,17.0671,17.7018,0.5846,0.8959,-0.5970,653.6387,4.9097,175.6032,1.1759,131.8740,0.6347,122.0858,22.0000,60000,190000,366,0.6600,2600
NEOPANAMAX_C-01,NEOPANAMAX_C,container,2025-01-20 15:00:00,synthetic,17.0747,17.6840,0.5941,0.8971,-0.4653,653.7637,3.0851,178.8090,1.1455,180.0000,0.6093,122.5918,22.0000,60000,190000,366,0.6600,2600
NEOPANAMAX_C-01,NEOPANAMAX_C,container,2025-01-20 18:00:00,synthetic,16.8601,17.2843,0.5872,0.8956,-0.1702,653.8887,4.2124,167.7082,1.1781,127.8425,0.4242,114.9672,22.0000,60000,190000,366,0.6600,2600
NEOPANAMAX_C-01,NEOPANAMAX_C,container,2025-01-20 21:00:00,synthetic,17.4106,17.9883,0.5823,0.8959,-0.3479,654.0137,7.0079,173.2349,1.3798,164.2516,0.5777,123.6360,22.0000,60000,190000,366,0.6600,2600
NEOPANAMAX_C-01,NEOPANAMAX_C,container,2025-01-21 00:00:00,synthetic,17.4554,18.0267,0.5982,0.8952,-0.2961,654.1387,8.1532,175.2064,1.4937,166.8299,0.5713,128.1204,22.0000,60000,190000,366,0.6600,2600
NEOPANAMAX_C-01,NEOPANAMAX_C,container,2025-01-21 15:00:00,synthetic,19.4362,20.0336,0.5319,0.8832,0.0388,654.7637,5.2887,172.0505,1.5590,160.8981,0.5974,162.6954,22.0000,60000,190000,366,0.6600,2600
NEOPANAMAX_C-01,NEOPANAMAX_C,container,2025-01-21 18:00:00,synthetic,19.3682,19.8935,0.5235,0.8834,0.2459,654.8887,7.0473,174.9647,1.5197,165.8468,0.5254,162.7837,22.0000,60000,190000,366,0.6600,2600
NEOPANAMAX_C-01,NEOPANAMAX_C,container,2025-01-21 21:00:00,synthetic,19.0786,19.6080,0.5161,0.8840,0.1620,655.0137,8.5082,170.4456,1.9657,163.2684,0.5294,155.7411,22.0000,60000,190000,366,0.6600,2600
NEOPANAMAX_C-01,NEOPANAMAX_C,container,2025-01-22 00:00:00,synthetic,19.0079,19.5774,0.5233,0.8841,0.1158,655.1387,9.4553,162.5002,2.3451,146.2531,0.5695,156.5680,22.0000,60000,190000,366,0.6600,2600
NEOPANAMAX_C-01,NEOPANAMAX_C,container,2025-01-22 03:00:00,synthetic,19.1007,19.4561,0.5195,0.8845,0.0024,655.2637,6.3237,166.2620,1.5733,133.1311,0.3555,161.1205,22.0000,60000,190000,366,0.6600,2600
NEOPANAMAX_C-01,NEOPANAMAX_C,container,2025-01-22 06:00:00,synthetic,18.9580,18.9245,0.5153,0.8853,-0.1984,655.3887,6.9869,155.7834,1.3120,180.0000,-0.0335,156.1898,22.0000,60000,190000,366,0.6600,2600
NEOPANAMAX_C-01,NEOPANAMAX_C,container,2025-01-22 09:00:00,synthetic,18.8779,18.9201,0.5462,0.8845,-0.3789,655.5137,7.1142,145.9206,1.4874,147.1785,0.0422,162.3884,22.0000,60000,190000,366,0.6600,2600
NEOPANAMAX_C-01,NEOPANAMAX_C,container,2025-01-22 12:00:00,synthetic,18.8182,19.1209,0.5078,0.8861,-0.4719,655.6387,6.4016,155.3811,1.4346,158.2976,0.3027,153.0800,22.0000,60000,190000,366,0.6600,2600
NEOPANAMAX_C-01,NEOPANAMAX_C,container,2025-01-22 15:00:00,synthetic,18.6051,18.9038,0.5265,0.8878,-0.5659,655.7637,5.8986,132.2985,1.4313,122.7634,0.2987,151.6668,22.0000,60000,190000,366,0.6600,2600
NEOPANAMAX_C-01,NEOPANAMAX_C,container,2025-01-22 18:00:00,synthetic,18.6421,18.9304,0.5253,0.8892,-0.6913,655.8887,8.2408,135.1102,1.8936,116.7921,0.2882,143.6120,22.0000,60000,190000,366,0.6600,2600
HANDYSIZE-01,HANDYSIZE,bulk,2025-01-01 00:00:00,synthetic,12.2959,12.2672,0.9813,0.9947,0.8977,626.1338,6.9593,31.4655,0.9972,26.7228,-0.0287,22.7868,14.0000,7000,43000,180,0.8200,450
HANDYSIZE-01,HANDYSIZE,bulk,2025-01-01 03:00:00,synthetic,12.0574,12.0655,0.9610,0.9948,0.9561,626.2588,7.0290,37.2125,1.1466,17.3028,0.0080,21.3316,14.0000,7000,43000,180,0.8200,450
HANDYSIZE-01,HANDYSIZE,bulk,2025-01-01 06:00:00,synthetic,11.6958,11.7180,0.9653,0.9971,0.8580,626.3838,4.7118,36.4164,0.7522,62.2889,0.0221,19.0209,14.0000,7000,43000,180,0.8200,450
HANDYSIZE-01,HANDYSIZE,bulk,2025-01-01 09:00:00,synthetic,11.7335,11.8823,0.9514,0.9968,0.8542,626.5088,3.9279,34.2608,0.6388,38.7225,0.1488,20.0038,14.0000,7000,43000,180,0.8200,450
HANDYSIZE-01,HANDYSIZE,bulk,2025-01-01 12:00:00,synthetic,11.7286,12.0581,0.9684,0.9986,0.6741,626.6338,5.1597,30.4448,0.8513,21.7088,0.3295,19.8016,14.0000,7000,43000,180,0.8200,450
HANDYSIZE-01,HANDYSIZE,bulk,2025-01-01 15:00:00,synthetic,11.2559,11.5618,0.9691,0.9978,0.7717,626.7588,4.0693,31.8553,0.6081,18.6142,0.3059,17.5052,14.0000,7000,43000,180,0.8200,450
HANDYSIZE-01,HANDYSIZE,bulk,2025-01-01 18:00:00,synthetic,11.1285,11.2512,0.9854,0.9992,0.8348,626.8838,2.8585,22.8650,0.5602,73.1482,0.1227,17.6199,14.0000,7000,43000,180,0.8200,450
HANDYSIZE-01,HANDYSIZE,bulk,2025-01-01 21:00:00,synthetic,11.3014,11.6434,0.9651,0.9983,0.8076,627.0088,7.2432,27.8985,0.7748,29.7019,0.3420,19.0045,14.0000,7000,43000,180,0.8200,450
HANDYSIZE-01,HANDYSIZE,bulk,2025-01-02 00:00:00,synthetic,11.4305,12.0207,0.9674,0.9956,0.8273,627.1338,4.9241,7.3559,0.7597,23.8239,0.5902,18.7021,14.0000,7000,43000,180,0.8200,450
HANDYSIZE-01,HANDYSIZE,bulk,2025-01-02 03:00:00,synthetic,11.7224,12.3075,0.9642,0.9922,0.7277,627.2588,5.6866,13.2003,0.7609,9.5624,0.5851,19.3953,14.0000,7000,43000,180,0.8200,450
HANDYSIZE-01,HANDYSIZE,bulk,2025-01-02 06:00:00,synthetic,11.9059,12.3358,0.9753,0.9922,0.8527,627.3838,6.4398,3.8563,0.8975,0.0000,0.4299,21.0561,14.0000,7000,43000,180,0.8200,450
HANDYSIZE-01,HANDYSIZE,bulk,2025-01-02 09:00:00,synthetic,11.8216,12.4949,0.9587,0.9913,0.9445,627.5088,6.3881,0.3995,0.7919,20.5194,0.6733,20.4636,14.0000,7000,43000,180,0.8200,450
HANDYSIZE-01,HANDYSIZE,bulk,2025-01-02 12:00:00,synthetic,11.9366,12.4557,0.9637,0.9905,0.9716,627.6338,4.8054,6.0400,0.6644,0.0000,0.5191,19.7665,14.0000,7000,43000,180,0.8200,450
HANDYSIZE-01,HANDYSIZE,bulk,2025-01-02 15:00:00,synthetic,11.5731,12.0360,0.9856,0.9911,1.0128,627.7588,5.6038,7.0517,0.9349,12.8992,0.4628,19.8032,14.0000,7000,43000,180,0.8200,450
HANDYSIZE-01,HANDYSIZE,bulk,2025-01-02 18:00:00,synthetic,11.8878,12.2888,0.9649,0.9906,1.1683,627.8838,4.2936,13.6847,0.8156,32.8526,0.4010,21.0690,14.0000,7000,43000,180,0.8200,450
HANDYSIZE-01,HANDYSIZE,bulk,2025-01-02 21:00:00,synthetic,12.2149,12.4206,0.9620,0.9916,1.0933,628.0088,6.3252,14.0012,1.1246,0.0000,0.2058,23.2138,14.0000,7000,43000,180,0.8200,450
HANDYSIZE-01,HANDYSIZE,bulk,2025-01-03 00:00:00,synthetic,12.5131,12.4995,0.9753,0.9919,1.1396,628.1338,7.7318,2.6518,1.1090,38.0771,-0.0137,24.2821,14.0000,7000,43000,180,0.8200,450
HANDYSIZE-01,HANDYSIZE,bulk,2025-01-03 03:00:00,synthetic,12.3564,12.5499,0.9746,0.9940,0.9935,628.2588,6.5829,4.8771,1.0606,0.0000,0.1936,23.2145,14.0000,7000,43000,180,0.8200,450
HANDYSIZE-01,HANDYSIZE,bulk,2025-01-03 06:00:00,synthetic,12.4700,12.3735,0.9713,0.9945,0.9218,628.3838,6.2585,10.7489,1.1240,5.5588,-0.0965,24.8837,14.0000,7000,43000,180,0.8200,450
HANDYSIZE-01,HANDYSIZE,bulk,2025-01-03 09:00:00,synthetic,11.9659,11.8323,0.9749,0.9961,1.0150,628.5088,6.5435,2.3606,1.3647,35.6990,-0.1336,21.7068,14.0000,7000,43000,180,0.8200,450
HANDYSIZE-01,HANDYSIZE,bulk,2025-01-03 12:00:00,synthetic,11.9812,11.9103,0.9696,0.9972,0.8025,628.6338,9.7346,14.9136,1.9986,3.4017,-0.0709,21.8267,14.0000,7000,43000,180,0.8200,450
HANDYSIZE-01,HANDYSIZE,bulk,2025-01-03 15:00:00,synthetic,11.8426,11.5356,0.9673,0.9978,0.9920,628.7588,10.0554,16.1929,2.2864,62.4238,-0.3070,21.2854,14.0000,7000,43000,180,0.8200,450
HANDYSIZE-01,HANDYSIZE,bulk,2025-01-03 18:00:00,synthetic,11.7674,11.5259,0.9780,0.9989,0.9465,628.8838,9.4208,19.3768,2.6003,25.1948,-0.2415,22.1200,14.0000,7000,43000,180,0.8200,450
HANDYSIZE-01,HANDYSIZE,bulk,2025-01-03 21:00:00,synthetic,12.0271,11.9399,0.9760,0.9978,0.9926,629.0088,10.3064,15.1235,2.0694,18.7605,-0.0872,24.2050,14.0000,7000,43000,180,0.8200,450
HANDYSIZE-01,HANDYSIZE,bulk,2025-01-04 00:00:00,synthetic,11.7872,11.5080,0.9767,0.9965,1.0490,629.1338,9.7896,29.3044,1.9200,12.6867,-0.2792,21.9968,14.0000,7000,43000,180,0.8200,450
HANDYSIZE-01,HANDYSIZE,bulk,2025-01-04 03:00:00,synthetic,11.5523,11.3916,0.9820,0.9963,0.9836,629.2588,9.1592,33.1511,1.9717,47.8549,-0.1607,20.3298,14.0000,7000,43000,180,0.8200,450
HANDYSIZE-01,HANDYSIZE,bulk,2025-01-04 06:00:00,synthetic,12.0213,12.0192,0.9501,0.9941,1.0841,629.3838,10.9136,28.0895,2.6211,26.5778,-0.0020,24.3035,14.0000,7000,43000,180,0.8200,450
HANDYSIZE-01,HANDYSIZE,bulk,2025-01-04 09:00:00,synthetic,11.6470,11.7076,0.9841,0.9916,1.1455,629.5088,11.5326,29.8035,2.8979,57.6622,0.0607,21.0409,14.0000,7000,43000,180,0.8200,450
HANDYSIZE-01,HANDYSIZE,bulk,2025-01-04 12:00:00,synthetic,11.5271,11.6168,0.9652,0.9942,1.1309,629.6338,10.6005,36.7452,2.5678,43.1612,0.0898,21.5381,14.0000,7000,43000,180,0.8200,450
HANDYSIZE-01,HANDYSIZE,bulk,2025-01-04 15:00:00,synthetic,11.3344,11.2960,0.9650,0.9921,1.1252,629.7588,14.1245,29.9923,4.0279,88.0987,-0.0385,20.0459,14.0000,7000,43000,180,0.8200,450
HANDYSIZE-01,HANDYSIZE,bulk,2025-01-04 18:00:00,synthetic,11.7873,11.6179,0.9420,0.9915,1.0290,629.8838,13.5277,32.8980,3.6491,17.9907,-0.1694,24.5238,14.0000,7000,43000,180,0.8200,450
HANDYSIZE-01,HANDYSIZE,bulk,2025-01-04 21:00:00,synthetic,11.6421,11.3011,0.9688,0.9892,1.1618,630.0088,10.7462,27.6532,3.0189,0.0000,-0.3411,23.9799,14.0000,7000,43000,180,0.8200,450
HANDYSIZE-01,HANDYSIZE,bulk,2025-01-05 00:00:00,synthetic,11.6975,11.1468,0.9677,0.9888,1.3846,630.1338,10.3141,39.1672,2.7984,6.3586,-0.5507,23.0507,14.0000,7000,43000,180,0.8200,450
HANDYSIZE-01,HANDYSIZE,bulk,2025-01-05 03:00:00,synthetic,11.6508,10.9056,0.9726,0.9887,1.3287,630.2588,9.6620,33.4911,2.4526,0.0000,-0.7451,21.0777,14.0000,7000,43000,180,0.8200,450
HANDYSIZE-01,HANDYSIZE,bulk,2025-01-05 06:00:00,synthetic,11.5895,10.9181,0.9691,0.9886,1.4744,630.3838,8.6001,23.4732,2.0341,32.9951,-0.6714,20.9525,14.0000,7000,43000,180,0.8200,450
HANDYSIZE-01,HANDYSIZE,bulk,2025-01-05 09:00:00,synthetic,11.5402,10.7088,0.9797,0.9870,1.4879,630.5088,8.2569,19.9789,1.5436,64.9606,-0.8314,20.7159,14.0000,7000,43000,180,0.8200,450
HANDYSIZE-01,HANDYSIZE,bulk,2025-01-05 12:00:00,synthetic,11.7049,10.9882,0.9693,0.9872,1.5971,630.6338,7.6036,17.2928,1.3715,11.8674,-0.7167,19.8911,14.0000,7000,43000,180,0.8200,450
HANDYSIZE-01,HANDYSIZE,bulk,2025-01-05 15:00:00,synthetic,11.9558,11.4427,0.9628,0.9871,1.7316,630.7588,9.9499,19.1149,2.0818,27.4113,-0.5131,22.9501,14.0000,7000,43000,180,0.8200,450
HANDYSIZE-01,HANDYSIZE,bulk,2025-01-05 18:00:00,synthetic,12.1566,11.8868,0.9747,0.9844,1.7774,630.8838,9.0054,23.3270,1.6852,5.3831,-0.2698,23.7303,14.0000,7000,43000,180,0.8200,450
HANDYSIZE-01,HANDYSIZE,bulk,2025-01-05 21:00:00,synthetic,12.2588,12.4449,0.9538,0.9848,1.4403,631.0088,9.6930,14.5557,1.7191,7.5449,0.1861,23.2483,14.0000,7000,43000,180,0.8200,450
HANDYSIZE-01,HANDYSIZE,bulk,2025-01-06 00:00:00,synthetic,12.1518,12.3674,0.9632,0.9843,1.1845,631.1338,5.5194,19.8427,1.0105,0.0000,0.2157,22.4998,14.0000,7000,43000,180,0.8200,450
HANDYSIZE-01,HANDYSIZE,bulk,2025-01-06 03:00:00,synthetic,12.1127,12.3161,0.9705,0.9857,1.2034,631.2588,8.1479,7.0162,1.6532,0.0000,0.2034,22.5421,14.0000,7000,43000,180,0.8200,450
HANDYSIZE-01,HANDYSIZE,bulk,2025-01-06 06:00:00,synthetic,12.0725,12.3829,0.9578,0.9861,1.1216,631.3838,8.3668,15.1587,1.3736,40.2614,0.3104,20.8279,14.0000,7000,43000,180,0.8200,450
HANDYSIZE-01,HANDYSIZE,bulk,2025-01-06 09:00:00,synthetic,12.2461,12.6641,0.9609,0.9848,0.7979,631.5088,10.6390,14.4667,2.5334,0.0000,0.4180,24.9599,14.0000,7000,43000,180,0.8200,450
HANDYSIZE-01,HANDYSIZE,bulk,2025-01-06 12:00:00,synthetic,12.2188,12.6725,0.9594,0.9874,0.6045,631.6338,9.6350,16.8115,2.2922,51.1545,0.4536,22.6037,14.0000,7000,43000,180,0.8200,450
HANDYSIZE-01,HANDYSIZE,bulk,2025-01-06 15:00:00,synthetic,12.5039,12.6794,0.9756,0.9864,0.6308,631.7588,9.6673,9.7090,1.6792,0.0000,0.1755,25.2679,14.0000,7000,43000,180,0.8200,450
HANDYSIZE-01,HANDYSIZE,bulk,2025-01-06 18:00:00,synthetic,12.2394,12.3395,0.9651,0.9879,0.9148,631.8838,9.0967,4.2072,1.8268,0.0000,0.1001,23.8797,14.0000,7000,43000,180,0.8200,450
HANDYSIZE-01,HANDYSIZE,bulk,2025-01-06 21:00:00,synthetic,12.0088,12.1907,0.9636,0.9885,0.7226,632.0088,9.6532,13.5063,1.7141,31.3934,0.1819,22.9629,14.0000,7000,43000,180,0.8200,450
HANDYSIZE-01,HANDYSIZE,bulk,2025-01-07 00:00:00,synthetic,11.8350,12.2322,0.9685,0.9884,0.6742,632.1338,7.7899,22.2711,1.0919,6.4859,0.3972,20.4864,14.0000,7000,43000,180,0.8200,450
HANDYSIZE-01,HANDYSIZE,bulk,2025-01-07 03:00:00,synthetic,11.4461,11.8473,0.9787,0.9890,0.7753,632.2588,4.6386,29.1361,0.6752,15.3663,0.4012,19.0721,14.0000,7000,43000,180,0.8200,450
HANDYSIZE-01,HANDYSIZE,bulk,2025-01-07 06:00:00,synthetic,11.2693,11.7917,0.9592,0.9877,0.8711,632.3838,6.8266,22.4448,0.8050,21.3199,0.5224,18.4877,14.0000,7000,43000,180,0.8200,450
HANDYSIZE-01,HANDYSIZE,bulk,2025-01-07 09:00:00,synthetic,11.5270,12.0225,0.9888,0.9886,0.6252,632.5088,5.0616,24.3572,0.8399,21.7855,0.4955,19.2285,14.0000,7000,43000,180,0.8200,450
HANDYSIZE-01,HANDYSIZE,bulk,2025-01-07 12:00:00,synthetic,11.2534,11.6886,0.9584,0.9877,0.5730,632.6338,5.4782,25.9187,0.8975,17.2857,0.4352,17.7416,14.0000,7000,43000,180,0.8200,450
HANDYSIZE-01,HANDYSIZE,bulk,2025-01-07 15:00:00,synthetic,11.0722,11.4364,0.9670,0.9880,0.3911,632.7588,5.8029,20.8001,1.0041,0.0000,0.3642,17.8382,14.0000,7000,43000,180,0.8200,450
HANDYSIZE-01,HANDYSIZE,bulk,2025-01-07 18:00:00,synthetic,11.4762,11.6477,0.9549,0.9890,0.2734,632.8838,5.0943,16.4186,0.7592,26.6010,0.1715,18.9283,14.0000,7000,43000,180,0.8200,450
HANDYSIZE-01,HANDYSIZE,bulk,2025-01-07 21:00:00,synthetic,11.7467,11.9186,0.9527,0.9899,0.1923,633.0088,6.3678,22.8059,0.9703,33.0901,0.1719,19.8746,14.0000,7000,43000,180,0.8200,450
HANDYSIZE-01,HANDYSIZE,bulk,2025-01-08 00:00:00,synthetic,11.9843,12.2047,0.9559,0.9906,0.3286,633.1338,3.2639,24.0720,0.7130,0.0000,0.2204,20.8146,14.0000,7000,43000,180,0.8200,450
HANDYSIZE-01,HANDYSIZE,bulk,2025-01-08 03:00:00,synthetic,11.8091,11.8606,0.9722,0.9886,0.1965,633.2588,3.0150,15.8827,0.6701,6.4895,0.0515,19.9043,14.0000,7000,43000,180,0.8200,450
HANDYSIZE-01,HANDYSIZE,bulk,2025-01-08 06:00:00,synthetic,11.9461,12.0133,0.9699,0.9894,0.0784,633.3838,1.5393,10.4610,0.6547,0.0000,0.0672,20.1817,14.0000,7000,43000,180,0.8200,450
HANDYSIZE-01,HANDYSIZE,bulk,2025-01-08 09:00:00,synthetic,12.1680,12.1824,0.9747,0.9891,-0.0129,633.5088,1.9836,12.1524,0.6424,12.8979,0.0145,20.6555,14.0000,7000,43000,180,0.8200,450
HANDYSIZE-01,HANDYSIZE,bulk,2025-01-08 12:00:00,synthetic,12.1198,11.9097,0.9824,0.9887,-0.2463,633.6338,2.6742,20.3867,0.5689,34.9329,-0.2101,20.6255,14.0000,7000,43000,180,0.8200,450
HANDYSIZE-01,HANDYSIZE,bulk,2025-01-08 15:00:00,synthetic,12.0874,12.0072,0.9768,0.9887,-0.4745,633.7588,0.8091,22.9348,0.4528,37.5355,-0.0802,19.9924,14.0000,7000,43000,180,0.8200,450
HANDYSIZE-01,HANDYSIZE,bulk,2025-01-08 18:00:00,synthetic,11.9792,11.7830,0.9731,0.9902,-0.7026,633.8838,2.9662,24.0800,0.4257,30.5577,-0.1962,19.7778,14.0000,7000,43000,180,0.8200,450
HANDYSIZE-01,HANDYSIZE,bulk,2025-01-08 21:00:00,synthetic,11.8919,11.7350,0.9612,0.9895,-0.7067,634.0088,3.6078,18.3972,0.6962,39.6974,-0.1569,20.4866,14.0000,7000,43000,180,0.8200,450
HANDYSIZE-01,HANDYSIZE,bulk,2025-01-09 00:00:00,synthetic,11.8266,11.9549,0.9686,0.9905,-0.4421,634.1338,4.1428,28.9921,0.5547,45.9690,0.1284,19.2003,14.0000,7000,43000,180,0.8200,450
HANDYSIZE-01,HANDYSIZE,bulk,2025-01-09 03:00:00,synthetic,11.5476,11.8743,0.9900,0.9895,-0.2948,634.2588,6.5720,31.0848,0.8195,60.4478,0.3267,19.4588,14.0000,7000,43000,180,0.8200,450
HANDYSIZE-01,HANDYSIZE,bulk,2025-01-09 06:00:00,synthetic,11.6132,11.9722,0.9672,0.9900,-0.3887,634.3838,7.8831,34.3173,1.0649,46.9510,0.3590,18.9745,14.0000,7000,43000,180,0.8200,450
HANDYSIZE-01,HANDYSIZE,bulk,2025-01-09 09:00:00,synthetic,12.1852,12.6063,0.9622,0.9880,-0.2053,634.5088,5.0138,22.2471,0.7307,49.5903,0.4212,20.8993,14.0000,7000,43000,180,0.8200,450
HANDYSIZE-01,HANDYSIZE,bulk,2025-01-09 12:00:00,synthetic,12.5950,12.8546,0.9650,0.9880,-0.1857,634.6338,5.4134,18.7012,0.8665,0.0000,0.2597,24.2835,14.0000,7000,43000,180,0.8200,450
HANDYSIZE-01,HANDYSIZE,bulk,2025-01-09 15:00:00,synthetic,12.8531,13.2469,0.9771,0.9884,-0.0930,634.7588,5.2914,17.4511,1.0469,14.3253,0.3938,25.0261,14.0000,7000,43000,180,0.8200,450
HANDYSIZE-01,HANDYSIZE,bulk,2025-01-09 18:00:00,synthetic,12.6561,13.3195,0.9651,0.9884,0.1012,634.8838,5.9624,14.2027,1.4519,0.0000,0.6634,25.8458,14.0000,7000,43000,180,0.8200,450
HANDYSIZE-01,HANDYSIZE,bulk,2025-01-09 21:00:00,synthetic,12.4600,13.1576,0.9739,0.9881,-0.1270,635.0088,7.2060,16.3217,1.3909,15.4569,0.6976,24.5720,14.0000,7000,43000,180,0.8200,450
HANDYSIZE-01,HANDYSIZE,bulk,2025-01-10 00:00:00,synthetic,12.3290,13.0930,0.9723,0.9876,-0.0737,635.1338,9.1235,13.5061,1.5966,0.0000,0.7640,23.2998,14.0000,7000,43000,180,0.8200,450
HANDYSIZE-01,HANDYSIZE,bulk,2025-01-10 03:00:00,synthetic,12.2978,12.9191,0.9856,0.9893,-0.1897,635.2588,7.9025,13.8014,1.4745,33.5103,0.6213,24.3631,14.0000,7000,43000,180,0.8200,450
HANDYSIZE-01,HANDYSIZE,bulk,2025-01-10 06:00:00,synthetic,12.3641,12.6647,0.9490,0.9882,-0.0809,635.3838,9.3771,19.4109,2.1543,33.2819,0.3006,25.7428,14.0000,7000,43000,180,0.8200,450
HANDYSIZE-01,HANDYSIZE,bulk,2025-01-10 09:00:00,synthetic,11.9915,12.1611,0.9539,0.9880,-0.2110,635.5088,9.9047,22.4548,1.8219,23.8306,0.1696,22.4848,14.0000,7000,43000,180,0.8200,450
HANDYSIZE-01,HANDYSIZE,bulk,2025-01-10 12:00:00,synthetic,11.8328,11.7204,0.9665,0.9880,-0.2591,635.6338,9.4882,17.8397,2.0444,21.0643,-0.1124,22.6617,14.0000,7000,43000,180,0.8200,450
HANDYSIZE-01,HANDYSIZE,bulk,2025-01-10 15:00:00,synthetic,11.8193,11.4410,0.9718,0.9892,-0.1783,635.7588,7.7084,13.7590,1.3406,0.0000,-0.3784,20.5145,14.0000,7000,43000,180,0.8200,450
HANDYSIZE-01,HANDYSIZE,bulk,2025-01-10 18:00:00,synthetic,11.6788,11.3067,0.9481,0.9873,-0.1447,635.8838,8.6687,1.5560,1.5958,0.0000,-0.3721,20.9693,14.0000,7000,43000,180,0.8200,450
HANDYSIZE-01,HANDYSIZE,bulk,2025-01-10 21:00:00,synthetic,11.9210,11.4783,0.9567,0.9896,0.0386,636.0088,6.7656,0.3308,1.1377,1.7964,-0.4427,21.1198,14.0000,7000,43000,180,0.8200,450
HANDYSIZE-01,HANDYSIZE,bulk,2025-01-11 00:00:00,synthetic,11.8684,11.5897,0.9850,0.9895,0.2689,636.1338,8.5417,3.5164,1.6508,24.5672,-0.2787,21.9003,14.0000,7000,43000,180,0.8200,450
HANDYSIZE-01,HANDYSIZE,bulk,2025-01-11 03:00:00,synthetic,12.0075,11.7227,0.9770,0.9871,0.3593,636.2588,8.1139,11.7714,1.5442,0.0000,-0.2849,23.0765,14.0000,7000,43000,180,0.8200,450
HANDYSIZE-01,HANDYSIZE,bulk,2025-01-11 12:00:00,synthetic,9.6421,9.9022,0.0122,0.5505,0.0688,636.6338,7.4567,6.3692,1.1220,10.2689,0.2601,10.6366,14.0000,7000,43000,180,0.8200,450
HANDYSIZE-01,HANDYSIZE,bulk,2025-01-11 15:00:00,synthetic,9.5716,10.0950,0.0000,0.5507,0.0810,636.7588,8.2105,4.4556,1.4073,0.0000,0.5234,11.0606,14.0000,7000,43000,180,0.8200,450
HANDYSIZE-01,HANDYSIZE,bulk,2025-01-11 18:00:00,synthetic,9.1783,9.7645,0.0060,0.5501,0.3022,636.8838,5.8579,0.6367,0.6429,0.0000,0.5861,9.1562,14.0000,7000,43000,180,0.8200,450
HANDYSIZE-01,HANDYSIZE,bulk,2025-01-11 21:00:00,synthetic,8.6552,9.4749,0.0000,0.5492,0.5047,637.0088,3.9009,21.0894,0.5050,25.6280,0.8196,8.0122,14.0000,7000,43000,180,0.8200,450
HANDYSIZE-01,HANDYSIZE,bulk,2025-01-12 00:00:00,synthetic,8.5099,9.2364,0.0026,0.5491,0.3758,637.1338,3.8578,17.3879,0.3433,0.0000,0.7265,7.7071,14.0000,7000,43000,180,0.8200,450
HANDYSIZE-01,HANDYSIZE,bulk,2025-01-12 03:00:00,synthetic,9.0339,9.7297,0.0046,0.5476,0.4595,637.2588,2.4030,33.0618,0.2787,26.8974,0.6958,8.4356,14.0000,7000,43000,180,0.8200,450
HANDYSIZE-01,HANDYSIZE,bulk,2025-01-12 06:00:00,synthetic,8.9431,9.7432,0.0046,0.5478,0.3757,637.3838,2.5335,32.5189,0.4079,0.0000,0.8001,8.1910,14.0000,7000,43000,180,0.8200,450
HANDYSIZE-01,HANDYSIZE,bulk,2025-01-12 09:00:00,synthetic,8.8739,9.5433,0.0089,0.5477,0.5617,637.5088,3.3670,34.1952,0.3766,23.3008,0.6694,8.2729,14.0000,7000,43000,180,0.8200,450
HANDYSIZE-01,HANDYSIZE,bulk,2025-01-12 12:00:00,synthetic,8.7962,9.5510,0.0000,0.5472,0.5253,637.6338,3.8564,39.2874,0.3941,16.8243,0.7548,8.1901,14.0000,7000,43000,180,0.8200,450
HANDYSIZE-01,HANDYSIZE,bulk,2025-01-12 15:00:00,synthetic,8.9953,9.7415,0.0166,0.5477,0.5336,637.7588,3.2838,53.2651,0.3390,45.6409,0.7463,8.6337,14.0000,7000,43000,180,0.8200,450
HANDYSIZE-01,HANDYSIZE,bulk,2025-01-12 18:00:00,synthetic,8.9466,9.8615,0.0055,0.5491,0.4117,637.8838,4.3493,60.2058,0.6081,47.8504,0.9149,8.2098,14.0000,7000,43000,180,0.8200,450
HANDYSIZE-01,HANDYSIZE,bulk,2025-01-12 21:00:00,synthetic,9.3340,10.1589,0.0000,0.5498,0.2500,638.0088,3.1437,65.5678,0.5548,66.6945,0.8249,8.6899,14.0000,7000,43000,180,0.8200,450
HANDYSIZE-01,HANDYSIZE,bulk,2025-01-13 00:00:00,synthetic,9.2629,9.7508,0.0172,0.5500,0.0840,638.1338,4.7905,68.0795,0.6936,23.7741,0.4879,8.6309,14.0000,7000,43000,180,0.8200,450
HANDYSIZE-01,HANDYSIZE,bulk,2025-01-13 03:00:00,synthetic,9.1714,9.7635,0.0201,0.5496,0.2632,638.2588,3.8129,67.7522,0.6485,109.3354,0.5922,8.9153,14.0000,7000,43000,180,0.8200,450
HANDYSIZE-01,HANDYSIZE,bulk,2025-01-13 06:00:00,synthetic,9.1968,9.4087,0.0047,0.5495,0.1276,638.3838,4.5065,78.5302,0.7337,69.7179,0.2120,8.7016,14.0000,7000,43000,180,0.8200,450
HANDYSIZE-01,HANDYSIZE,bulk,2025-01-13 09:00:00,synthetic,9.0859,9.1126,0.0000,0.5502,0.1561,638.5088,4.6992,85.7258,0.7714,92.7714,0.0267,8.6220,14.0000,7000,43000,180,0.8200,450
HANDYSIZE-01,HANDYSIZE,bulk,2025-01-13 12:00:00,synthetic,9.0748,8.9408,0.0000,0.5494,-0.0121,638.6338,7.1130,83.8861,1.0109,89.6541,-0.1341,8.7799,14.0000,7000,43000,180,0.8200,450
HANDYSIZE-01,HANDYSIZE,bulk,2025-01-13 15:00:00,synthetic,9.2402,9.2776,0.0093,0.5498,-0.0125,638.7588,5.5460,79.9599,1.0642,81.1411,0.0374,8.7187,14.0000,7000,43000,180,0.8200,450
HANDYSIZE-01,HANDYSIZE,bulk,2025-01-13 18:00:00,synthetic,9.1961,9.2725,0.0019,0.5496,0.1716,638.8838,5.4364,75.3925,1.0084,57.6119,0.0763,8.4544,14.0000,7000,43000,180,0.8200,450
HANDYSIZE-01,HANDYSIZE,bulk,2025-01-13 21:00:00,synthetic,9.2935,9.4358,0.0000,0.5503,0.3598,639.0088,5.0067,87.2829,0.9586,90.6451,0.1422,8.9421,14.0000,7000,43000,180,0.8200,450
HANDYSIZE-01,HANDYSIZE,bulk,2025-01-14 00:00:00,synthetic,9.5000,9.4805,0.0000,0.5502,0.5428,639.1338,5.8511,96.4231,1.0360,117.5529,-0.0195,9.1145,14.0000,7000,43000,180,0.8200,450
HANDYSIZE-01,HANDYSIZE,bulk,2025-01-14 03:00:00,synthetic,9.3950,9.3525,0.0047,0.5495,0.5465,639.2588,5.2381,102.1914,0.9630,98.1501,-0.0425,9.0877,14.0000,7000,43000,180,0.8200,450
HANDYSIZE-01,HANDYSIZE,bulk,2025-01-14 06:00:00,synthetic,9.4502,9.4307,0.0017,0.5506,0.6296,639.3838,6.0207,104.1129,1.0196,95.1647,-0.0194,9.0985,14.0000,7000,43000,180,0.8200,450
HANDYSIZE-01,HANDYSIZE,bulk,2025-01-14 09:00:00,synthetic,9.0515,9.0688,0.0000,0.5521,0.4143,639.5088,5.2269,93.8788,0.9746,83.9095,0.0173,7.7926,14.0000,7000,43000,180,0.8200,450
HANDYSIZE-01,HANDYSIZE,bulk,2025-01-14 12:00:00,synthetic,8.9997,8.7804,0.0000,0.5524,0.3563,639.6338,5.5000,90.3667,0.8882,72.4337,-0.2193,8.3569,14.0000,7000,43000,180,0.8200,450
HANDYSIZE-01,HANDYSIZE,bulk,2025-01-14 15:00:00,synthetic,9.3247,9.1427,0.0096,0.5535,0.6734,639.7588,6.4763,82.0911,0.9587,68.9730,-0.1820,9.0002,14.0000,7000,43000,180,0.8200,450
HANDYSIZE-01,HANDYSIZE,bulk,2025-01-14 18:00:00,synthetic,9.0125,8.4844,0.0176,0.5529,0.9787,639.8838,5.7452,94.1828,1.0354,74.2643,-0.5281,8.2353,14.0000,7000,43000,180,0.8200,450
HANDYSIZE-01,HANDYSIZE,bulk,2025-01-14 21:00:00,synthetic,8.6979,8.2858,0.0167,0.5529,0.9716,640.0088,6.3219,98.1804,1.1744,81.6480,-0.4121,7.4662,14.0000,7000,43000,180,0.8200,450
HANDYSIZE-01,HANDYSIZE,bulk,2025-01-15 00:00:00,synthetic,9.1302,8.6865,0.0000,0.5531,0.9021,640.1338,8.9132,93.3137,1.6868,53.3858,-0.4437,8.8176,14.0000,7000,43000,180,0.8200,450
HANDYSIZE-01,HANDYSIZE,bulk,2025-01-15 03:00:00,synthetic,9.2387,8.8632,0.0103,0.5532,1.0710,640.2588,9.9128,94.3367,2.2704,92.8358,-0.3755,9.0733,14.0000,7000,43000,180,0.8200,450
HANDYSIZE-01,HANDYSIZE,bulk,2025-01-15 06:00:00,synthetic,8.9033,8.7458,0.0000,0.5524,0.9012,640.3838,11.1384,93.2434,2.8245,118.6381,-0.1576,8.4198,14.0000,7000,43000,180,0.8200,450
HANDYSIZE-01,HANDYSIZE,bulk,2025-01-15 09:00:00,synthetic,9.4343,9.2711,0.0000,0.5534,0.7908,640.5088,10.7495,97.9946,2.9555,39.4901,-0.1632,9.9453,14.0000,7000,43000,180,0.8200,450
HANDYSIZE-01,HANDYSIZE,bulk,2025-01-15 12:00:00,synthetic,9.1797,9.1959,0.0047,0.5541,0.7722,640.6338,9.2886,96.1717,2.2138,87.5744,0.0162,8.4476,14.0000,7000,43000,180,0.8200,450
HANDYSIZE-01,HANDYSIZE,bulk,2025-01-15 15:00:00,synthetic,9.2718,9.1881,0.0043,0.5542,0.9004,640.7588,11.2360,94.7657,2.0858,135.1385,-0.0837,8.9653,14.0000,7000,43000,180,0.8200,450
HANDYSIZE-01,HANDYSIZE,bulk,2025-01-15 18:00:00,synthetic,9.1222,8.8461,0.0064,0.5543,0.8059,640.8838,9.1591,88.0161,2.0045,117.3742,-0.2760,8.7300,14.0000,7000,43000,180,0.8200,450
HANDYSIZE-01,HANDYSIZE,bulk,2025-01-15 21:00:00,synthetic,9.3184,9.0969,0.0000,0.5537,0.9217,641.0088,9.3408,80.3979,1.8133,89.6294,-0.2215,9.7295,14.0000,7000,43000,180,0.8200,450
HANDYSIZE-01,HANDYSIZE,bulk,2025-01-16 00:00:00,synthetic,9.0247,8.8703,0.0000,0.5555,0.8644,641.1338,7.2142,98.8194,1.4204,133.4055,-0.1544,8.1456,14.0000,7000,43000,180,0.8200,450
HANDYSIZE-01,HANDYSIZE,bulk,2025-01-16 03:00:00,synthetic,8.8874,8.8488,0.0184,0.5555,0.8689,641.2588,3.9529,91.1552,1.0743,59.5245,-0.0387,7.9342,14.0000,7000,43000,180,0.8200,450
HANDYSIZE-01,HANDYSIZE,bulk,2025-01-16 06:00:00,synthetic,8.8533,8.9338,0.0000,0.5554,0.8989,641.3838,8.1002,111.1070,1.4022,91.6488,0.0805,7.6273,14.0000,7000,43000,180,0.8200,450
HANDYSIZE-01,HANDYSIZE,bulk,2025-01-16 09:00:00,synthetic,9.1221,9.2959,0.0000,0.5562,0.9679,641.5088,5.3235,111.6480,1.1676,73.8721,0.1737,8.0196,14.0000,7000,43000,180,0.8200,450
HANDYSIZE-01,HANDYSIZE,bulk,2025-01-16 12:00:00,synthetic,9.1024,9.1225,0.0245,0.5560,0.6907,641.6338,6.9190,110.8731,1.3701,72.8709,0.0201,8.1182,14.0000,7000,43000,180,0.8200,450
HANDYSIZE-01,HANDYSIZE,bulk,2025-01-16 15:00:00,synthetic,9.0712,8.9550,0.0082,0.5550,0.6316,641.7588,5.6568,109.6447,1.1166,78.3307,-0.1163,8.5830,14.0000,7000,43000,180,0.8200,450
HANDYSIZE-01,HANDYSIZE,bulk,2025-01-16 18:00:00,synthetic,8.9793,8.7885,0.0000,0.5544,0.5937,641.8838,6.3898,111.6594,1.2045,107.2390,-0.1908,7.9959,14.0000,7000,43000,180,0.8200,450
HANDYSIZE-01,HANDYSIZE,bulk,2025-01-16 21:00:00,synthetic,9.2600,9.1152,0.0005,0.5538,0.6181,642.0088,8.6425,125.3892,1.7448,101.8872,-0.1448,8.4011,14.0000,7000,43000,180,0.8200,450
HANDYSIZE-01,HANDYSIZE,bulk,2025-01-17 00:00:00,synthetic,9.0851,8.7283,0.0148,0.5523,0.5505,642.1338,8.0746,120.8979,1.7001,151.8955,-0.3568,8.0678,14.0000,7000,43000,180,0.8200,450
HANDYSIZE-01,HANDYSIZE,bulk,2025-01-17 03:00:00,synthetic,8.8606,8.5467,0.0000,0.5530,0.2402,642.2588,8.4982,125.6713,1.9439,139.5748,-0.3140,7.7165,14.0000,7000,43000,180,0.8200,450
HANDYSIZE-01,HANDYSIZE,bulk,2025-01-17 06:00:00,synthetic,8.8677,8.5471,0.0043,0.5536,0.2165,642.3838,11.0329,128.9899,2.8310,140.7579,-0.3206,7.5740,14.0000,7000,43000,180,0.8200,450
HANDYSIZE-01,HANDYSIZE,bulk,2025-01-17 09:00:00,synthetic,8.7962,8.4826,0.0111,0.5518,0.2498,642.5088,11.9076,141.2258,3.3962,167.8609,-0.3136,7.3066,14.0000,7000,43000,180,0.8200,450
HANDYSIZE-01,HANDYSIZE,bulk,2025-01-17 12:00:00,synthetic,9.0955,8.8504,0.0000,0.5525,0.3632,642.6338,11.6164,133.2446,3.4147,126.3543,-0.2451,7.9517,14.0000,7000,43000,180,0.8200,450
HANDYSIZE-01,HANDYSIZE,bulk,2025-01-17 15:00:00,synthetic,8.9656,8.5853,0.0000,0.5530,0.4526,642.7588,12.3491,137.9976,2.8820,158.3621,-0.3803,8.0016,14.0000,7000,43000,180,0.8200,450
HANDYSIZE-01,HANDYSIZE,bulk,2025-01-18 03:00:00,synthetic,9.6688,9.2820,0.9202,0.9737,0.8268,643.2588,8.4756,158.6236,1.8630,107.4311,-0.3869,12.1794,14.0000,7000,43000,180,0.8200,450
HANDYSIZE-01,HANDYSIZE,bulk,2025-01-18 06:00:00,synthetic,9.7771,9.7083,0.9223,0.9727,0.7772,643.3838,7.1370,161.6535,1.6987,180.0000,-0.0688,12.1286,14.0000,7000,43000,180,0.8200,450
HANDYSIZE-01,HANDYSIZE,bulk,2025-01-18 09:00:00,synthetic,9.7021,9.6658,0.9283,0.9707,0.8014,643.5088,6.9172,153.4324,1.5151,131.0365,-0.0363,12.6089,14.0000,7000,43000,180,0.8200,450
HANDYSIZE-01,HANDYSIZE,bulk,2025-01-18 12:00:00,synthetic,9.3261,9.2140,0.9067,0.9706,0.7960,643.6338,7.4335,154.0185,1.4720,143.5329,-0.1121,10.7745,14.0000,7000,43000,180,0.8200,450
HANDYSIZE-01,HANDYSIZE,bulk,2025-01-18 15:00:00,synthetic,9.4583,9.2283,0.9436,0.9667,0.9161,643.7588,8.7284,152.7365,1.6794,150.6463,-0.2300,11.4951,14.0000,7000,43000,180,0.8200,450
HANDYSIZE-01,HANDYSIZE,bulk,2025-01-18 18:00:00,synthetic,9.3474,9.2579,0.9292,0.9661,0.9465,643.8838,8.8566,145.8106,2.0792,142.4533,-0.0895,10.7612,14.0000,7000,43000,180,0.8200,450
HANDYSIZE-01,HANDYSIZE,bulk,2025-01-18 21:00:00,synthetic,9.1388,9.1522,0.9062,0.9656,1.0236,644.0088,7.4882,137.9395,1.6669,115.7962,0.0134,10.6185,14.0000,7000,43000,180,0.8200,450
HANDYSIZE-01,HANDYSIZE,bulk,2025-01-19 00:00:00,synthetic,9.3170,9.3503,0.9179,0.9655,0.8781,644.1338,8.8959,134.2534,1.6790,124.2874,0.0333,11.0951,14.0000,7000,43000,180,0.8200,450
HANDYSIZE-01,HANDYSIZE,bulk,2025-01-19 03:00:00,synthetic,9.4482,9.2286,0.9151,0.9644,0.7428,644.2588,11.9998,126.2773,2.8459,130.0007,-0.2196,11.4216,14.0000,7000,43000,180,0.8200,450
HANDYSIZE-01,HANDYSIZE,bulk,2025-01-19 06:00:00,synthetic,9.5675,9.5671,0.9171,0.9647,0.6881,644.3838,10.7680,130.0062,2.4014,135.9622,-0.0004,11.6968,14.0000,7000,43000,180,0.8200,450
HANDYSIZE-01,HANDYSIZE,bulk,2025-01-19 09:00:00,synthetic,9.2902,8.9685,0.9111,0.9639,0.6260,644.5088,7.8450,124.7037,1.6732,155.7030,-0.3217,11.1794,14.0000,7000,43000,180,0.8200,450
HANDYSIZE-01,HANDYSIZE,bulk,2025-01-19 12:00:00,synthetic,9.4662,9.3728,0.8953,0.9653,0.5468,644.6338,6.4144,134.8730,1.3049,128.1202,-0.0934,11.8851,14.0000,7000,43000,180,0.8200,450
HANDYSIZE-01,HANDYSIZE,bulk,2025-01-19 15:00:00,synthetic,9.3366,9.2043,0.9257,0.9662,0.5569,644.7588,6.8086,131.8936,1.0722,132.6859,-0.1323,11.1587,14.0000,7000,43000,180,0.8200,450
HANDYSIZE-01,HANDYSIZE,bulk,2025-01-19 18:00:00,synthetic,9.7393,9.3527,0.9224,0.9649,0.4589,644.8838,6.0347,141.2584,1.1015,142.9169,-0.3866,11.9716,14.0000,7000,43000,180,0.8200,450
HANDYSIZE-01,HANDYSIZE,bulk,2025-01-19 21:00:00,synthetic,9.6285,9.1335,0.9268,0.9653,0.4061,645.0088,7.4641,136.0868,1.2605,172.6886,-0.4951,11.9829,14.0000,7000,43000,180,0.8200,450
HANDYSIZE-01,HANDYSIZE,bulk,2025-01-20 00:00:00,synthetic,9.5539,9.1345,0.9269,0.9658,0.3263,645.1338,6.5347,139.6149,1.1509,104.9645,-0.4194,11.5545,14.0000,7000,43000,180,0.8200,450
HANDYSIZE-01,HANDYSIZE,bulk,2025-01-20 03:00:00,synthetic,9.8093,9.3683,0.9115,0.9675,0.2855,645.2588,4.9648,125.8962,1.0415,79.2842,-0.4410,12.5535,14.0000,7000,43000,180,0.8200,450
HANDYSIZE-01,HANDYSIZE,bulk,2025-01-20 06:00:00,synthetic,9.8335,9.5043,0.9313,0.9691,0.3200,645.3838,5.9032,115.9893,1.3902,121.2576,-0.3292,12.6867,14.0000,7000,43000,180,0.8200,450
SUPRAMAX-01,SUPRAMAX,bulk,2025-01-01 00:00:00,synthetic,9.8444,9.7982,0.0000,0.5105,-0.5111,528.3342,8.1240,155.1877,1.3830,163.0543,-0.0462,11.5265,14.0000,9500,70000,199,0.8400,550
SUPRAMAX-01,SUPRAMAX,bulk,2025-01-01 03:00:00,synthetic,9.8573,9.9838,0.0120,0.5113,-0.3632,528.4592,8.0812,156.0724,1.6439,118.0885,0.1264,11.4580,14.0000,9500,70000,199,0.8400,550
SUPRAMAX-01,SUPRAMAX,bulk,2025-01-01 06:00:00,synthetic,9.9482,9.7726,0.0298,0.5107,-0.4368,528.5842,6.7247,155.4494,1.2181,180.0000,-0.1755,12.2939,14.0000,9500,70000,199,0.8400,550
SUPRAMAX-01,SUPRAMAX,bulk,2025-01-01 09:00:00,synthetic,9.8959,9.6055,0.0000,0.5103,-0.2780,528.7092,5.8967,163.6747,0.9492,144.0227,-0.2903,11.8637,14.0000,9500,70000,199,0.8400,550
SUPRAMAX-01,SUPRAMAX,bulk,2025-01-01 12:00:00,synthetic,9.7309,9.4468,0.0000,0.5102,-0.2670,528.8342,5.5129,167.3291,0.7196,157.7461,-0.2841,10.8572,14.0000,9500,70000,199,0.8400,550
SUPRAMAX-01,SUPRAMAX,bulk,2025-01-01 15:00:00,synthetic,9.7444,9.5566,0.0036,0.5095,-0.2078,528.9592,4.6233,167.8062,0.5900,161.4606,-0.1877,11.7380,14.0000,9500,70000,199,0.8400,550
SUPRAMAX-01,SUPRAMAX,bulk,2025-01-01 18:00:00,synthetic,9.5307,9.2174,0.0036,0.5093,-0.1035,529.0842,5.2495,153.8735,0.6737,135.6703,-0.3133,10.9991,14.0000,9500,70000,199,0.8400,550
SUPRAMAX-01,SUPRAMAX,bulk,2025-01-01 21:00:00,synthetic,9.8570,9.6387,0.0060,0.5080,-0.1634,529.2092,8.3106,161.9268,1.4319,140.2731,-0.2184,12.1099,14.0000,9500,70000,199,0.8400,550
SUPRAMAX-01,SUPRAMAX,bulk,2025-01-02 00:00:00,synthetic,9.9537,9.7250,0.0041,0.5085,-0.2936,529.3342,7.1736,155.7243,1.2473,147.8438,-0.2287,12.4170,14.0000,9500,70000,199,0.8400,550
SUPRAMAX-01,SUPRAMAX,bulk,2025-01-02 03:00:00,synthetic,9.7064,9.0867,0.0000,0.5074,-0.6968,529.4592,5.7829,143.7292,1.0678,173.7464,-0.6197,11.7549,14.0000,9500,70000,199,0.8400,550
SUPRAMAX-01,SUPRAMAX,bulk,2025-01-02 06:00:00,synthetic,9.7171,9.1428,0.0000,0.5070,-0.4941,529.5842,7.6631,136.4213,1.3164,143.5811,-0.5744,11.2557,14.0000,9500,70000,199,0.8400,550
SUPRAMAX-01,SUPRAMAX,bulk,2025-01-02 09:00:00,synthetic,9.2110,8.5452,0.0000,0.5074,-0.2932,529.7092,9.9919,143.5768,1.8176,180.0000,-0.6658,10.0238,14.0000,9500,70000,199,0.8400,550
SUPRAMAX-01,SUPRAMAX,bulk,2025-01-02 12:00:00,synthetic,9.3853,8.5532,0.0000,0.5061,0.0966,529.8342,6.7763,148.8355,0.9756,180.0000,-0.8321,10.7206,14.0000,9500,70000,199,0.8400,550
SUPRAMAX-01,SUPRAMAX,bulk,2025-01-02 15:00:00,synthetic,9.5428,8.7765,0.0000,0.5063,0.0097,529.9592,6.5094,151.5255,0.9172,176.0681,-0.7663,11.1669,14.0000,9500,70000,199,0.8400,550
SUPRAMAX-01,SUPRAMAX,bulk,2025-01-02 18:00:00,synthetic,9.2425,8.3199,0.0000,0.5070,0.1365,530.0842,3.8536,145.7371,0.7777,180.0000,-0.9226,10.0252,14.0000,9500,70000,199,0.8400,550
SUPRAMAX-01,SUPRAMAX,bulk,2025-01-02 21:00:00,synthetic,9.6195,8.9914,0.0021,0.5072,0.1192,530.2092,6.1351,148.1978,0.9385,139.7660,-0.6281,11.4203,14.0000,9500,70000,199,0.8400,550
SUPRAMAX-01,SUPRAMAX,bulk,2025-01-03 00:00:00,synthetic,9.6685,8.9516,0.0020,0.5080,0.4091,530.3342,5.9199,167.3675,1.0486,180.0000,-0.7168,11.2110,14.0000,9500,70000,199,0.8400,550
SUPRAMAX-01,SUPRAMAX,bulk,2025-01-03 03:00:00,synthetic,9.3740,8.6434,0.0000,0.5075,0.3990,530.4592,8.0275,160.1739,1.5763,149.9715,-0.7306,10.7875,14.0000,9500,70000,199,0.8400,550
SUPRAMAX-01,SUPRAMAX,bulk,2025-01-03 06:00:00,synthetic,9.3598,8.7040,0.0062,0.5070,0.3238,530.5842,7.5225,157.3546,1.5781,153.5744,-0.6557,10.4460,14.0000,9500,70000,199,0.8400,550
SUPRAMAX-01,SUPRAMAX,bulk,2025-01-03 09:00:00,synthetic,9.6837,9.1986,0.0000,0.5074,0.3003,530.7092,5.8868,152.7562,1.0222,180.0000,-0.4851,11.7725,14.0000,9500,70000,199,0.8400,550
SUPRAMAX-01,SUPRAMAX,bulk,2025-01-03 12:00:00,synthetic,9.6934,9.7211,0.0079,0.5078,0.4388,530.8342,6.2591,140.3025,0.9288,143.5815,0.0276,11.2935,14.0000,9500,70000,199,0.8400,550
SUPRAMAX-01,SUPRAMAX,bulk,2025-01-03 15:00:00,synthetic,9.9054,9.8933,0.0000,0.5072,0.7317,530.9592,6.2678,152.7501,1.0549,180.0000,-0.0122,11.5951,14.0000,9500,70000,199,0.8400,550
SUPRAMAX-01,SUPRAMAX,bulk,2025-01-03 18:00:00,synthetic,9.7120,9.6218,0.0088,0.5060,0.6943,531.0842,7.4847,149.3235,1.1483,154.3617,-0.0902,11.4581,14.0000,9500,70000,199,0.8400,550
SUPRAMAX-01,SUPRAMAX,bulk,2025-01-03 21:00:00,synthetic,9.9162,10.1446,0.0137,0.5064,0.6303,531.2092,5.9754,160.3705,1.0162,139.0860,0.2284,11.7100,14.0000,9500,70000,199,0.8400,550
SUPRAMAX-01,SUPRAMAX,bulk,2025-01-04 00:00:00,synthetic,9.8086,10.0198,0.0000,0.5064,0.5782,531.3342,7.0043,170.5434,0.9986,180.0000,0.2111,11.2753,14.0000,9500,70000,199,0.8400,550
SUPRAMAX-01,SUPRAMAX,bulk,2025-01-04 03:00:00,synthetic,9.7198,9.8121,0.0000,0.5073,0.6105,531.4592,7.2033,172.3536,0.7754,180.0000,0.0923,11.1837,14.0000,9500,70000,199,0.8400,550
SUPRAMAX-01,SUPRAMAX,bulk,2025-01-04 06:00:00,synthetic,9.8608,9.6104,0.0050,0.5086,0.7174,531.5842,5.0546,171.6559,0.7593,173.2921,-0.2504,12.0336,14.0000,9500,70000,199,0.8400,550
SUPRAMAX-01,SUPRAMAX,bulk,2025-01-04 09:00:00,synthetic,9.8793,9.5744,0.0000,0.5099,0.7682,531.7092,6.3638,174.8352,1.0410,180.0000,-0.3049,11.2321,14.0000,9500,70000,199,0.8400,550
SUPRAMAX-01,SUPRAMAX,bulk,2025-01-04 12:00:00,synthetic,9.6346,9.2502,0.0055,0.5108,0.7656,531.8342,4.8635,172.2475,0.8116,154.5660,-0.3844,11.7586,14.0000,9500,70000,199,0.8400,550
SUPRAMAX-01,SUPRAMAX,bulk,2025-01-04 15:00:00,synthetic,9.8848,9.3613,0.0086,0.5107,0.4874,531.9592,6.8984,172.0524,0.9197,167.9323,-0.5235,11.7947,14.0000,9500,70000,199,0.8400,550
SUPRAMAX-01,SUPRAMAX,bulk,2025-01-04 18:00:00,synthetic,9.8493,9.4784,0.0000,0.5120,0.2393,532.0842,5.7449,170.9190,1.0182,153.7770,-0.3709,11.4834,14.0000,9500,70000,199,0.8400,550
SUPRAMAX-01,SUPRAMAX,bulk,2025-01-04 21:00:00,synthetic,9.6847,9.0770,0.0053,0.5124,0.1533,532.2092,5.5173,170.0146,0.9272,180.0000,-0.6077,11.8580,14.0000,9500,70000,199,0.8400,550
SUPRAMAX-01,SUPRAMAX,bulk,2025-01-05 00:00:00,synthetic,9.5589,8.9367,0.0083,0.5124,0.1165,532.3342,7.4364,176.6181,0.8933,180.0000,-0.6221,11.0978,14.0000,9500,70000,199,0.8400,550
SUPRAMAX-01,SUPRAMAX,bulk,2025-01-05 03:00:00,synthetic,9.7799,9.5524,0.0000,0.5119,0.2669,532.4592,4.3741,172.0755,0.6941,143.5848,-0.2275,11.6432,14.0000,9500,70000,199,0.8400,550
SUPRAMAX-01,SUPRAMAX,bulk,2025-01-05 06:00:00,synthetic,9.6490,9.0789,0.0000,0.5106,0.4655,532.5842,5.1653,174.9999,0.7848,176.0706,-0.5701,11.2496,14.0000,9500,70000,199,0.8400,550
SUPRAMAX-01,SUPRAMAX,bulk,2025-01-05 09:00:00,synthetic,9.4769,8.9698,0.0000,0.5105,0.4039,532.7092,4.7859,178.1674,0.8413,161.9242,-0.5071,10.8274,14.0000,9500,70000,199,0.8400,550
SUPRAMAX-01,SUPRAMAX,bulk,2025-01-05 12:00:00,synthetic,9.4011,8.9054,0.0069,0.5103,0.3631,532.8342,3.5900,174.2205,0.7848,180.0000,-0.4957,10.4138,14.0000,9500,70000,199,0.8400,550
SUPRAMAX-01,SUPRAMAX,bulk,2025-01-05 15:00:00,synthetic,9.5414,9.2562,0.0000,0.5108,0.3218,532.9592,3.3432,167.3112,0.6134,154.5791,-0.2853,10.9824,14.0000,9500,70000,199,0.8400,550
SUPRAMAX-01,SUPRAMAX,bulk,2025-01-05 18:00:00,synthetic,9.8027,9.7790,0.0007,0.5112,0.3592,533.0842,7.1600,176.2087,1.0506,180.0000,-0.0237,11.6830,14.0000,9500,70000,199,0.8400,550
SUPRAMAX-01,SUPRAMAX,bulk,2025-01-05 21:00:00,synthetic,9.8288,9.9469,0.0000,0.5099,0.4117,533.2092,7.3073,179.6846,0.9818,94.9560,0.1181,12.2685,14.0000,9500,70000,199,0.8400,550
SUPRAMAX-01,SUPRAMAX,bulk,2025-01-06 00:00:00,synthetic,9.9576,10.1630,0.0143,0.5087,0.2438,533.3342,8.5036,177.2358,1.6999,180.0000,0.2054,11.9880,14.0000,9500,70000,199,0.8400,550
SUPRAMAX-01,SUPRAMAX,bulk,2025-01-06 03:00:00,synthetic,9.8805,9.9395,0.0000,0.5091,0.1486,533.4592,9.6387,176.7605,2.0441,180.0000,0.0590,11.6439,14.0000,9500,70000,199,0.8400,550
SUPRAMAX-01,SUPRAMAX,bulk,2025-01-06 06:00:00,synthetic,10.0751,10.0980,0.0058,0.5082,0.3375,533.5842,9.0072,175.5257,1.9336,170.9509,0.0229,12.0640,14.0000,9500,70000,199,0.8400,550
SUPRAMAX-01,SUPRAMAX,bulk,2025-01-06 09:00:00,synthetic,10.2992,10.1125,0.0000,0.5077,0.1364,533.7092,8.1441,174.9851,1.4453,180.0000,-0.1867,12.6703,14.0000,9500,70000,199,0.8400,550
SUPRAMAX-01,SUPRAMAX,bulk,2025-01-06 12:00:00,synthetic,10.0882,9.8300,0.0011,0.5079,0.2207,533.8342,8.5603,169.5425,2.1393,138.3223,-0.2582,12.3733,14.0000,9500,70000,199,0.8400,550
SUPRAMAX-01,SUPRAMAX,bulk,2025-01-06 15:00:00,synthetic,10.0252,9.9753,0.0000,0.5071,0.3756,533.9592,7.7913,157.4037,1.3207,130.7923,-0.0499,12.1745,14.0000,9500,70000,199,0.8400,550
SUPRAMAX-01,SUPRAMAX,bulk,2025-01-06 18:00:00,synthetic,9.9528,9.8537,0.0000,0.5070,0.1534,534.0842,7.6878,154.7137,1.3508,112.2619,-0.0991,11.7357,14.0000,9500,70000,199,0.8400,550
SUPRAMAX-01,SUPRAMAX,bulk,2025-01-06 21:00:00,synthetic,10.1121,10.0403,0.0117,0.5080,-0.1214,534.2092,8.2786,152.1030,1.8039,109.5976,-0.0717,11.9309,14.0000,9500,70000,199,0.8400,550
SUPRAMAX-01,SUPRAMAX,bulk,2025-01-07 00:00:00,synthetic,10.0340,9.8565,0.0014,0.5088,0.1339,534.3342,8.3362,138.8369,2.0314,127.4157,-0.1775,12.2566,14.0000,9500,70000,199,0.8400,550
SUPRAMAX-01,SUPRAMAX,bulk,2025-01-07 03:00:00,synthetic,10.2177,10.1559,0.0000,0.5081,0.2543,534.4592,9.5181,139.0570,2.6543,170.5475,-0.0618,13.3690,14.0000,9500,70000,199,0.8400,550
SUPRAMAX-01,SUPRAMAX,bulk,2025-01-07 06:00:00,synthetic,10.0485,10.0780,0.0000,0.5085,0.4633,534.5842,11.6637,140.4613,2.3975,111.2008,0.0295,12.2767,14.0000,9500,70000,199,0.8400,550
SUPRAMAX-01,SUPRAMAX,bulk,2025-01-07 09:00:00,synthetic,9.9940,10.0206,0.0114,0.5087,0.4352,534.7092,10.1445,143.9150,2.4278,149.7155,0.0266,12.0715,14.0000,9500,70000,199,0.8400,550
SUPRAMAX-01,SUPRAMAX,bulk,2025-01-07 12:00:00,synthetic,9.7817,9.6875,0.0062,0.5073,0.1494,534.8342,12.6695,152.7371,3.3380,135.5977,-0.0941,11.6730,14.0000,9500,70000,199,0.8400,550
SUPRAMAX-01,SUPRAMAX,bulk,2025-01-07 15:00:00,synthetic,9.8831,9.9014,0.0000,0.5067,0.3492,534.9592,13.5472,145.2474,3.5460,115.9791,0.0183,11.8417,14.0000,9500,70000,199,0.8400,550
SUPRAMAX-01,SUPRAMAX,bulk,2025-01-07 18:00:00,synthetic,9.6668,9.7946,0.0000,0.5081,0.3991,535.0842,11.3970,157.7328,3.1317,156.5119,0.1278,10.8964,14.0000,9500,70000,199,0.8400,550
SUPRAMAX-01,SUPRAMAX,bulk,2025-01-07 21:00:00,synthetic,9.6506,9.7218,0.0000,0.5075,0.3177,535.2092,11.9214,158.1192,2.8318,180.0000,0.0712,11.1880,14.0000,9500,70000,199,0.8400,550
SUPRAMAX-01,SUPRAMAX,bulk,2025-01-08 00:00:00,synthetic,9.7075,9.6306,0.0002,0.5066,0.1832,535.3342,9.8775,154.1695,2.0697,180.0000,-0.0769,11.0834,14.0000,9500,70000,199,0.8400,550
SUPRAMAX-01,SUPRAMAX,bulk,2025-01-08 03:00:00,synthetic,9.6397,9.4708,0.0077,0.5054,-0.0073,535.4592,9.6175,153.3118,2.1400,164.2512,-0.1689,11.0341,14.0000,9500,70000,199,0.8400,550
SUPRAMAX-01,SUPRAMAX,bulk,2025-01-08 06:00:00,synthetic,9.6710,9.6564,0.0000,0.5057,-0.0729,535.5842,9.0797,153.5087,1.5843,129.4044,-0.0146,11.0995,14.0000,9500,70000,199,0.8400,550
SUPRAMAX-01,SUPRAMAX,bulk,2025-01-08 09:00:00,synthetic,9.3281,9.6802,0.0000,0.5054,-0.1032,535.7092,7.7396,149.0078,1.2839,168.9051,0.3521,10.0526,14.0000,9500,70000,199,0.8400,550
SUPRAMAX-01,SUPRAMAX,bulk,2025-01-09 03:00:00,synthetic,8.2187,8.8845,0.9893,0.9911,0.1496,536.4592,8.4871,144.4801,1.4034,160.6137,0.6658,10.6011,14.0000,9500,70000,199,0.8400,550
SUPRAMAX-01,SUPRAMAX,bulk,2025-01-09 06:00:00,synthetic,8.1783,8.6796,0.9822,0.9931,0.4981,536.5842,8.7927,137.1988,1.3102,119.7023,0.5014,11.0295,14.0000,9500,70000,199,0.8400,550
SUPRAMAX-01,SUPRAMAX,bulk,2025-01-09 09:00:00,synthetic,8.7925,9.2661,0.9812,0.9931,0.4577,536.7092,8.4518,136.2453,1.8873,142.0431,0.4736,12.3055,14.0000,9500,70000,199,0.8400,550
SUPRAMAX-01,SUPRAMAX,bulk,2025-01-09 12:00:00,synthetic,9.3172,9.5057,0.9844,0.9940,0.6570,536.8342,7.8523,126.7277,1.5046,119.5347,0.1885,14.8604,14.0000,9500,70000,199,0.8400,550
SUPRAMAX-01,SUPRAMAX,bulk,2025-01-09 15:00:00,synthetic,9.4668,9.4626,0.9983,0.9955,0.5597,536.9592,8.2585,135.8780,1.5377,165.0293,-0.0042,14.7968,14.0000,9500,70000,199,0.8400,550
SUPRAMAX-01,SUPRAMAX,bulk,2025-01-09 18:00:00,synthetic,9.3335,9.1334,0.9777,0.9948,0.7969,537.0842,8.2776,132.8711,1.4692,119.4238,-0.2001,14.8189,14.0000,9500,70000,199,0.8400,550
SUPRAMAX-01,SUPRAMAX,bulk,2025-01-09 21:00:00,synthetic,9.1012,8.8447,0.9846,0.9941,1.0154,537.2092,9.1136,120.9176,2.0508,88.7557,-0.2565,13.6083,14.0000,9500,70000,199,0.8400,550
SUPRAMAX-01,SUPRAMAX,bulk,2025-01-10 00:00:00,synthetic,9.0669,8.9410,0.9871,0.9932,1.2932,537.3342,10.1580,120.1859,1.7761,125.8296,-0.1259,13.4239,14.0000,9500,70000,199,0.8400,550
SUPRAMAX-01,SUPRAMAX,bulk,2025-01-10 03:00:00,synthetic,9.1395,8.9991,0.9836,0.9935,1.1071,537.4592,8.4146,115.0841,1.4341,146.9990,-0.1403,14.0394,14.0000,9500,70000,199,0.8400,550
SUPRAMAX-01,SUPRAMAX,bulk,2025-01-10 06:00:00,synthetic,8.8562,8.5812,0.9901,0.9944,0.8458,537.5842,9.7534,117.1870,1.7912,117.4806,-0.2750,13.2746,14.0000,9500,70000,199,0.8400,550
SUPRAMAX-01,SUPRAMAX,bulk,2025-01-10 09:00:00,synthetic,8.8339,8.7207,0.9812,0.9948,0.7565,537.7092,7.7196,126.4958,1.2268,166.5395,-0.1132,13.0828,14.0000,9500,70000,199,0.8400,550
SUPRAMAX-01,SUPRAMAX,bulk,2025-01-10 12:00:00,synthetic,8.6222,8.7581,0.9823,0.9943,1.0988,537.8342,5.7430,144.9434,1.0554,120.5238,0.1360,11.4580,14.0000,9500,70000,199,0.8400,550
SUPRAMAX-01,SUPRAMAX,bulk,2025-01-10 15:00:00,synthetic,8.8366,9.1045,0.9818,0.9955,1.1539,537.9592,7.3560,155.5405,1.3013,156.7025,0.2679,12.9721,14.0000,9500,70000,199,0.8400,550
SUPRAMAX-01,SUPRAMAX,bulk,2025-01-10 18:00:00,synthetic,8.9601,9.2979,0.9839,0.9963,1.5563,538.0842,9.1603,147.9865,1.9532,161.9446,0.3378,12.8798,14.0000,9500,70000,199,0.8400,550
SUPRAMAX-01,SUPRAMAX,bulk,2025-01-10 21:00:00,synthetic,9.1091,9.6239,0.9922,0.9976,1.6683,538.2092,8.4317,139.4072,1.9403,167.8625,0.5147,13.8758,14.0000,9500,70000,199,0.8400,550
SUPRAMAX-01,SUPRAMAX,bulk,2025-01-11 00:00:00,synthetic,8.7096,8.8591,0.9913,0.9977,1.7034,538.3342,11.4258,139.6238,2.1838,128.5422,0.1495,12.5189,14.0000,9500,70000,199,0.8400,550
SUPRAMAX-01,SUPRAMAX,bulk,2025-01-11 03:00:00,synthetic,8.8989,9.1709,0.9700,1.0002,1.7873,538.4592,8.1751,134.5370,1.6349,119.1487,0.2720,13.5432,14.0000,9500,70000,199,0.8400,550
SUPRAMAX-01,SUPRAMAX,bulk,2025-01-11 06:00:00,synthetic,8.5591,8.7534,0.9866,1.0008,1.4665,538.5842,8.6584,127.4153,1.5038,139.6746,0.1943,12.1236,14.0000,9500,70000,199,0.8400,550
SUPRAMAX-01,SUPRAMAX,bulk,2025-01-11 09:00:00,synthetic,8.2663,8.4949,0.9902,1.0004,1.5570,538.7092,8.9324,123.7576,1.7148,94.3837,0.2286,11.3799,14.0000,9500,70000,199,0.8400,550
SUPRAMAX-01,SUPRAMAX,bulk,2025-01-11 12:00:00,synthetic,8.2352,8.5057,0.9914,1.0018,1.5921,538.8342,9.1297,110.7132,1.9459,87.5752,0.2705,11.0198,14.0000,9500,70000,199,0.8400,550
SUPRAMAX-01,SUPRAMAX,bulk,2025-01-11 15:00:00,synthetic,8.7064,8.9846,0.9877,1.0003,1.6797,538.9592,8.3135,102.3622,1.6925,113.0055,0.2782,12.8552,14.0000,9500,70000,199,0.8400,550
SUPRAMAX-01,SUPRAMAX,bulk,2025-01-11 18:00:00,synthetic,8.3559,8.5854,0.9816,0.9983,1.8585,539.0842,6.8026,118.8122,1.1807,97.9531,0.2295,11.8145,14.0000,9500,70000,199,0.8400,550
SUPRAMAX-01,SUPRAMAX,bulk,2025-01-11 21:00:00,synthetic,8.4544,9.1096,0.9828,0.9965,2.0521,539.2092,8.4727,122.7022,1.5561,150.8177,0.6552,12.0461,14.0000,9500,70000,199,0.8400,550
SUPRAMAX-01,SUPRAMAX,bulk,2025-01-12 00:00:00,synthetic,8.6076,9.1135,1.0000,0.9952,1.9984,539.3342,8.4548,113.6065,2.0250,146.9630,0.5059,12.4884,14.0000,9500,70000,199,0.8400,550
SUPRAMAX-01,SUPRAMAX,bulk,2025-01-12 03:00:00,synthetic,8.4211,9.0620,0.9726,0.9944,1.9714,539.4592,9.0561,111.1400,1.8765,102.4726,0.6409,12.5147,14.0000,9500,70000,199,0.8400,550
SUPRAMAX-01,SUPRAMAX,bulk,2025-01-12 06:00:00,synthetic,8.5681,9.1611,0.9783,0.9941,1.8715,539.5842,9.2092,119.4337,1.6989,128.1158,0.5930,12.1867,14.0000,9500,70000,199,0.8400,550
SUPRAMAX-01,SUPRAMAX,bulk,2025-01-12 09:00:00,synthetic,8.4576,8.8971,0.9828,0.9953,2.1253,539.7092,8.6768,110.2431,1.7721,119.8990,0.4396,12.4034,14.0000,9500,70000,199,0.8400,550
SUPRAMAX-01,SUPRAMAX,bulk,2025-01-12 12:00:00,synthetic,8.7327,9.2090,0.9931,0.9926,2.0219,539.8342,7.6958,113.0201,1.8913,101.2291,0.4763,13.1021,14.0000,9500,70000,199,0.8400,550
SUPRAMAX-01,SUPRAMAX,bulk,2025-01-12 15:00:00,synthetic,8.8367,9.4046,0.9886,0.9922,2.0968,539.9592,8.9296,123.2590,1.5899,71.0302,0.5679,13.1291,14.0000,9500,70000,199,0.8400,550
SUPRAMAX-01,SUPRAMAX,bulk,2025-01-12 18:00:00,synthetic,8.8706,9.6475,1.0000,0.9935,2.0208,540.0842,9.2521,107.9064,1.7500,90.3141,0.7769,13.4268,14.0000,9500,70000,199,0.8400,550
SUPRAMAX-01,SUPRAMAX,bulk,2025-01-12 21:00:00,synthetic,8.7985,9.4861,0.9755,0.9936,2.3129,540.2092,7.4058,106.1319,1.6612,128.0840,0.6876,13.0682,14.0000,9500,70000,199,0.8400,550
SUPRAMAX-01,SUPRAMAX,bulk,2025-01-13 00:00:00,synthetic,8.7211,9.3600,0.9968,0.9938,2.1407,540.3342,8.6143,111.1207,2.0029,81.7022,0.6389,13.3310,14.0000,9500,70000,199,0.8400,550
SUPRAMAX-01,SUPRAMAX,bulk,2025-01-13 03:00:00,synthetic,8.5242,9.3076,0.9943,0.9936,2.0794,540.4592,9.7136,120.0825,1.9087,148.2660,0.7834,12.1050,14.0000,9500,70000,199,0.8400,550
SUPRAMAX-01,SUPRAMAX,bulk,2025-01-13 06:00:00,synthetic,8.4793,9.4345,0.9875,0.9937,2.0925,540.5842,8.7362,113.2521,1.7818,130.2117,0.9552,11.8563,14.0000,9500,70000,199,0.8400,550
SUPRAMAX-01,SUPRAMAX,bulk,2025-01-13 09:00:00,synthetic,8.8457,9.7198,1.0000,0.9919,2.2393,540.7092,8.2097,117.7193,1.4808,105.6196,0.8741,13.7146,14.0000,9500,70000,199,0.8400,550
SUPRAMAX-01,SUPRAMAX,bulk,2025-01-13 12:00:00,synthetic,8.4239,9.0488,0.9787,0.9914,2.6026,540.8342,6.9951,128.3165,1.2950,113.1758,0.6249,11.7612,14.0000,9500,70000,199,0.8400,550
SUPRAMAX-01,SUPRAMAX,bulk,2025-01-13 15:00:00,synthetic,8.9628,9.8950,0.9814,0.9913,2.4981,540.9592,7.4305,131.0586,1.1630,93.4357,0.9322,13.9973,14.0000,9500,70000,199,0.8400,550
SUPRAMAX-01,SUPRAMAX,bulk,2025-01-13 18:00:00,synthetic,9.3278,10.2209,1.0000,0.9900,2.3034,541.0842,6.6820,116.3643,1.1585,130.9747,0.8932,15.2483,14.0000,9500,70000,199,0.8400,550
SUPRAMAX-01,SUPRAMAX,bulk,2025-01-13 21:00:00,synthetic,9.3753,10.0793,0.9931,0.9887,2.3713,541.2092,5.8175,112.1062,1.0309,147.4330,0.7039,14.5027,14.0000,9500,70000,199,0.8400,550
SUPRAMAX-01,SUPRAMAX,bulk,2025-01-14 00:00:00,synthetic,9.1611,9.8166,0.9820,0.9892,2.1508,541.3342,7.5175,113.3515,1.3224,109.1538,0.6555,14.5675,14.0000,9500,70000,199,0.8400,550
SUPRAMAX-01,SUPRAMAX,bulk,2025-01-14 03:00:00,synthetic,8.8434,9.3898,0.9938,0.9899,2.0334,541.4592,6.4517,96.7073,1.4428,99.1653,0.5463,13.5999,14.0000,9500,70000,199,0.8400,550
SUPRAMAX-01,SUPRAMAX,bulk,2025-01-14 06:00:00,synthetic,8.7592,9.4998,0.9767,0.9898,2.0531,541.5842,8.0904,101.3372,1.3951,141.6390,0.7406,12.8993,14.0000,9500,70000,199,0.8400,550
SUPRAMAX-01,SUPRAMAX,bulk,2025-01-14 09:00:00,synthetic,8.6525,9.4313,1.0000,0.9881,2.0000,541.7092,8.3555,103.0507,1.6976,89.4733,0.7788,12.8281,14.0000,9500,70000,199,0.8400,550
SUPRAMAX-01,SUPRAMAX,bulk,2025-01-14 12:00:00,synthetic,8.3528,9.1530,0.9733,0.9862,1.7929,541.8342,9.1948,119.2519,2.0255,94.3860,0.8002,11.7634,14.0000,9500,70000,199,0.8400,550
SUPRAMAX-01,SUPRAMAX,bulk,2025-01-14 15:00:00,synthetic,8.2407,9.1332,0.9730,0.9893,2.0068,541.9592,10.3675,117.9567,2.3280,118.2119,0.8925,11.0643,14.0000,9500,70000,199,0.8400,550
SUPRAMAX-01,SUPRAMAX,bulk,2025-01-14 18:00:00,synthetic,8.0040,8.6971,0.9899,0.9895,1.8027,542.0842,11.1139,116.9181,2.2062,53.7263,0.6931,10.9342,14.0000,9500,70000,199,0.8400,550
SUPRAMAX-01,SUPRAMAX,bulk,2025-01-14 21:00:00,synthetic,8.5172,9.1904,0.9860,0.9900,1.8844,542.2092,9.8336,103.5459,2.4608,132.7100,0.6732,12.3833,14.0000,9500,70000,199,0.8400,550
SUPRAMAX-01,SUPRAMAX,bulk,2025-01-15 00:00:00,synthetic,8.6996,9.5275,0.9671,0.9910,1.7955,542.3342,10.6786,101.7731,2.7950,117.0048,0.8279,12.2462,14.0000,9500,70000,199,0.8400,550
SUPRAMAX-01,SUPRAMAX,bulk,2025-01-15 03:00:00,synthetic,8.6214,9.4344,0.9888,0.9909,1.8310,542.4592,11.8128,101.2074,3.0821,120.0702,0.8130,12.5742,14.0000,9500,70000,199,0.8400,550
SUPRAMAX-01,SUPRAMAX,bulk,2025-01-15 06:00:00,synthetic,8.4277,9.0796,0.9797,0.9906,1.6884,542.5842,12.3650,103.5805,3.6616,103.3613,0.6519,12.6121,14.0000,9500,70000,199,0.8400,550
SUPRAMAX-01,SUPRAMAX,bulk,2025-01-15 09:00:00,synthetic,8.6282,9.1932,1.0000,0.9926,1.5087,542.7092,14.3112,106.4108,4.0471,131.9377,0.5650,13.3434,14.0000,9500,70000,199,0.8400,550
SUPRAMAX-01,SUPRAMAX,bulk,2025-01-15 12:00:00,synthetic,8.8845,9.2971,0.9757,0.9922,1.6124,542.8342,12.0620,88.6890,3.3953,104.4063,0.4126,13.8694,14.0000,9500,70000,199,0.8400,550
SUPRAMAX-01,SUPRAMAX,bulk,2025-01-15 15:00:00,synthetic,8.6393,9.0326,0.9969,0.9915,1.3510,542.9592,10.6521,84.8855,2.9371,85.4506,0.3934,13.0282,14.0000,9500,70000,199,0.8400,550
SUPRAMAX-01,SUPRAMAX,bulk,2025-01-15 18:00:00,synthetic,8.7860,9.2153,0.9860,0.9926,1.3227,543.0842,11.6532,80.0240,2.8608,38.0046,0.4293,14.6458,14.0000,9500,70000,199,0.8400,550
SUPRAMAX-01,SUPRAMAX,bulk,2025-01-15 21:00:00,synthetic,8.7421,9.4737,0.9935,0.9911,1.3831,543.2092,10.9093,95.5635,2.5900,112.3244,0.7316,13.3886,14.0000,9500,70000,199,0.8400,550
SUPRAMAX-01,SUPRAMAX,bulk,2025-01-16 00:00:00,synthetic,8.7067,9.4036,0.9802,0.9910,1.2917,543.3342,12.3898,75.4495,2.5237,82.9432,0.6969,13.1963,14.0000,9500,70000,199,0.8400,550
SUPRAMAX-01,SUPRAMAX,bulk,2025-01-16 03:00:00,synthetic,8.8316,9.4456,0.9869,0.9927,1.1122,543.4592,7.9080,72.9532,1.6484,51.2551,0.6140,13.5828,14.0000,9500,70000,199,0.8400,550
SUPRAMAX-01,SUPRAMAX,bulk,2025-01-16 06:00:00,synthetic,8.9652,9.4792,0.9922,0.9907,1.2018,543.5842,7.4758,72.7586,1.2995,63.0300,0.5140,13.9595,14.0000,9500,70000,199,0.8400,550
SUPRAMAX-01,SUPRAMAX,bulk,2025-01-16 09:00:00,synthetic,8.6125,8.8690,0.9758,0.9924,1.0977,543.7092,9.0286,81.0668,1.6310,92.4383,0.2565,12.9010,14.0000,9500,70000,199,0.8400,550
SUPRAMAX-01,SUPRAMAX,bulk,2025-01-16 12:00:00,synthetic,8.6606,8.9651,0.9802,0.9921,1.1738,543.8342,9.3209,83.2271,1.7977,93.7226,0.3045,12.6957,14.0000,9500,70000,199,0.8400,550
SUPRAMAX-01,SUPRAMAX,bulk,2025-01-16 15:00:00,synthetic,8.9188,9.1360,0.9941,0.9915,1.1752,543.9592,9.3437,79.1209,1.9525,114.7514,0.2173,13.8015,14.0000,9500,70000,199,0.8400,550
SUPRAMAX-01,SUPRAMAX,bulk,2025-01-16 18:00:00,synthetic,8.9742,9.2136,0.9859,0.9929,1.0677,544.0842,8.1996,75.9036,1.4165,107.5035,0.2395,14.2278,14.0000,9500,70000,199,0.8400,550
SUPRAMAX-01,SUPRAMAX,bulk,2025-01-16 21:00:00,synthetic,8.8050,9.1104,0.9722,0.9951,1.1628,544.2092,7.3268,80.4886,1.3346,89.9663,0.3055,13.3199,14.0000,9500,70000,199,0.8400,550
SUPRAMAX-01,SUPRAMAX,bulk,2025-01-17 00:00:00,synthetic,8.8321,9.0543,0.9720,0.9938,1.2544,544.3342,8.2403,67.7672,1.3218,59.6001,0.2221,14.2824,14.0000,9500,70000,199,0.8400,550
SUPRAMAX-01,SUPRAMAX,bulk,2025-01-17 03:00:00,synthetic,8.6063,9.0836,0.9823,0.9953,1.1879,544.4592,5.8572,76.1637,1.0239,65.0204,0.4773,12.9144,14.0000,9500,70000,199,0.8400,550
SUPRAMAX-01,SUPRAMAX,bulk,2025-01-17 06:00:00,synthetic,8.7140,9.0416,0.9882,0.9944,1.1646,544.5842,4.0682,87.1844,0.6918,98.3367,0.3276,12.8298,14.0000,9500,70000,199,0.8400,550
SUPRAMAX-01,SUPRAMAX,bulk,2025-01-17 09:00:00,synthetic,8.7409,9.2529,0.9974,0.9935,1.4703,544.7092,5.3559,102.2786,0.8016,87.3759,0.5120,12.7939,14.0000,9500,70000,199,0.8400,550
SUPRAMAX-01,SUPRAMAX,bulk,2025-01-17 12:00:00,synthetic,8.6254,9.2469,0.9950,0.9911,1.3521,544.8342,3.8073,88.9681,0.6513,85.1069,0.6215,13.0422,14.0000,9500,70000,199,0.8400,550
SUPRAMAX-01,SUPRAMAX,bulk,2025-01-17 15:00:00,synthetic,8.3166,8.8240,0.9925,0.9928,0.8934,544.9592,4.2426,88.4555,0.7287,64.0186,0.5074,11.6353,14.0000,9500,70000,199,0.8400,550
SUPRAMAX-01,SUPRAMAX,bulk,2025-01-17 18:00:00,synthetic,8.1177,8.3236,1.0000,0.9933,0.8578,545.0842,4.8249,80.2689,0.6709,102.5137,0.2058,10.9120,14.0000,9500,70000,199,0.8400,550
SUPRAMAX-01,SUPRAMAX,bulk,2025-01-17 21:00:00,synthetic,8.2847,8.5799,0.9849,0.9922,0.6570,545.2092,0.9928,81.2204,0.5444,103.9802,0.2951,11.1472,14.0000,9500,70000,199,0.8400,550
SUPRAMAX-01,SUPRAMAX,bulk,2025-01-18 00:00:00,synthetic,8.3354,8.5983,0.9757,0.9923,0.7442,545.3342,1.7122,68.2647,0.5659,46.9330,0.2630,11.8830,14.0000,9500,70000,199,0.8400,550
SUPRAMAX-01,SUPRAMAX,bulk,2025-01-18 03:00:00,synthetic,8.1931,8.5769,0.9995,0.9921,0.4498,545.4592,3.6093,64.4070,0.7060,66.5979,0.3838,11.1841,14.0000,9500,70000,199,0.8400,550
SUPRAMAX-01,SUPRAMAX,bulk,2025-01-18 06:00:00,synthetic,8.0870,8.4115,0.9967,0.9905,0.6243,545.5842,4.5011,73.3222,0.6372,93.3707,0.3245,10.5786,14.0000,9500,70000,199,0.8400,550
SUPRAMAX-01,SUPRAMAX,bulk,2025-01-18 09:00:00,synthetic,8.6568,8.7413,0.9652,0.9891,0.4663,545.7092,2.3415,70.7179,0.6092,61.7776,0.0845,12.0572,14.0000,9500,70000,199,0.8400,550
SUPRAMAX-01,SUPRAMAX,bulk,2025-01-18 12:00:00,synthetic,8.7288,8.7766,0.9891,0.9907,0.5423,545.8342,1.8195,83.7120,0.6416,39.8213,0.0478,12.6322,14.0000,9500,70000,199,0.8400,550
SUPRAMAX-01,SUPRAMAX,bulk,2025-01-18 15:00:00,synthetic,8.7001,8.2621,0.9869,0.9897,0.6329,545.9592,5.1978,92.5068,0.7983,129.5765,-0.4380,12.5621,14.0000,9500,70000,199,0.8400,550
SUPRAMAX-01,SUPRAMAX,bulk,2025-01-19 00:00:00,synthetic,12.9303,12.7273,0.0000,0.5080,0.6005,546.3342,0.8320,85.8743,0.6341,70.3570,-0.2030,21.5746,14.0000,9500,70000,199,0.8400,550
SUPRAMAX-01,SUPRAMAX,bulk,2025-01-19 03:00:00,synthetic,12.8627,12.5939,0.0000,0.5071,0.4215,546.4592,2.8928,83.1025,0.6786,86.4549,-0.2688,21.0785,14.0000,9500,70000,199,0.8400,550
SUPRAMAX-01,SUPRAMAX,bulk,2025-01-19 06:00:00,synthetic,12.8565,12.5665,0.0088,0.5069,0.4991,546.5842,3.1544,93.1597,0.7002,103.5957,-0.2900,21.4319,14.0000,9500,70000,199,0.8400,550
SUPRAMAX-01,SUPRAMAX,bulk,2025-01-19 09:00:00,synthetic,13.3450,13.1115,0.0087,0.5062,0.5536,546.7092,1.7310,99.2017,0.6115,101.6276,-0.2334,23.8046,14.0000,9500,70000,199,0.8400,550
SUPRAMAX-01,SUPRAMAX,bulk,2025-01-19 12:00:00,synthetic,13.3156,13.3732,0.0200,0.5060,0.6592,546.8342,0.7068,102.1027,0.7234,76.7022,0.0577,22.8688,14.0000,9500,70000,199,0.8400,550
SUPRAMAX-01,SUPRAMAX,bulk,2025-01-19 15:00:00,synthetic,13.2001,13.6391,0.0006,0.5051,0.4171,546.9592,3.5188,105.7312,0.8093,88.9217,0.4390,23.4050,14.0000,9500,70000,199,0.8400,550
SUPRAMAX-01,SUPRAMAX,bulk,2025-01-19 18:00:00,synthetic,13.0928,13.6654,0.0000,0.5049,0.6507,547.0842,5.0862,102.6898,0.9193,99.2818,0.5726,23.6755,14.0000,9500,70000,199,0.8400,550
SUPRAMAX-01,SUPRAMAX,bulk,2025-01-19 21:00:00,synthetic,13.1233,13.6928,0.0000,0.5053,0.8306,547.2092,5.3838,104.8632,1.0542,83.4118,0.5695,23.3075,14.0000,9500,70000,199,0.8400,550
SUPRAMAX-01,SUPRAMAX,bulk,2025-01-20 00:00:00,synthetic,13.2861,13.8102,0.0001,0.5065,0.9839,547.3342,5.3912,98.4275,1.0281,100.0115,0.5241,24.0651,14.0000,9500,70000,199,0.8400,550
SUPRAMAX-01,SUPRAMAX,bulk,2025-01-20 03:00:00,synthetic,13.2109,13.7514,0.0012,0.5054,1.0492,547.4592,3.3778,102.3906,0.9551,110.6011,0.5406,22.4621,14.0000,9500,70000,199,0.8400,550
SUPRAMAX-01,SUPRAMAX,bulk,2025-01-20 06:00:00,synthetic,13.0859,13.6705,0.0008,0.5060,0.9092,547.5842,3.6985,110.6083,0.8873,111.3274,0.5846,22.7096,14.0000,9500,70000,199,0.8400,550
SUPRAMAX-01,SUPRAMAX,bulk,2025-01-20 09:00:00,synthetic,13.0181,13.7031,0.0030,0.5046,0.9863,547.7092,2.6119,90.9997,0.8577,78.0471,0.6851,21.3188,14.0000,9500,70000,199,0.8400,550
SUPRAMAX-01,SUPRAMAX,bulk,2025-01-20 12:00:00,synthetic,13.1130,13.7601,0.0000,0.5050,0.8462,547.8342,3.7520,84.4954,0.9429,15.0596,0.6471,23.3707,14.0000,9500,70000,199,0.8400,550
PANAMAX_B-01,PANAMAX_B,bulk,2025-01-01 00:00:00,synthetic,12.2888,13.0831,0.0000,0.5108,0.5275,477.9214,5.3015,16.9176,0.7474,49.4404,0.7943,37.8278,14.0000,11000,97000,229,0.8600,600
PANAMAX_B-01,PANAMAX_B,bulk,2025-01-01 03:00:00,synthetic,12.2181,12.8100,0.0000,0.5121,0.6788,478.0464,4.5982,16.6921,0.6709,13.2760,0.5919,26.0332,14.0000,11000,97000,229,0.8600,600
PANAMAX_B-01,PANAMAX_B,bulk,2025-01-01 06:00:00,synthetic,12.0045,12.5462,0.0015,0.5113,0.6932,478.1714,4.4135,10.4315,0.6294,20.4698,0.5417,25.5287,14.0000,11000,97000,229,0.8600,600
PANAMAX_B-01,PANAMAX_B,bulk,2025-01-01 09:00:00,synthetic,12.1284,12.4476,0.0101,0.5117,0.6839,478.2964,4.8649,1.7624,0.6026,13.5707,0.3192,24.4029,14.0000,11000,97000,229,0.8600,600
PANAMAX_B-01,PANAMAX_B,bulk,2025-01-01 12:00:00,synthetic,12.1295,12.4768,0.0000,0.5117,0.7300,478.4214,5.3294,12.5096,0.6631,0.0000,0.3473,25.1634,14.0000,11000,97000,229,0.8600,600
PANAMAX_B-01,PANAMAX_B,bulk,2025-01-01 15:00:00,synthetic,12.1034,12.5228,0.0050,0.5115,0.6554,478.5464,6.1535,10.1266,0.9474,0.0000,0.4194,26.8084,14.0000,11000,97000,229,0.8600,600
PANAMAX_B-01,PANAMAX_B,bulk,2025-01-01 18:00:00,synthetic,12.2143,12.9505,0.0000,0.5119,0.5645,478.6714,6.8034,15.1692,0.8084,44.2152,0.7362,26.5894,14.0000,11000,97000,229,0.8600,600
PANAMAX_B-01,PANAMAX_B,bulk,2025-01-01 21:00:00,synthetic,12.3451,12.9602,0.0000,0.5119,0.6451,478.7964,3.5787,21.3415,0.5672,34.2900,0.6151,26.0745,14.0000,11000,97000,229,0.8600,600
PANAMAX_B-01,PANAMAX_B,bulk,2025-01-02 00:00:00,synthetic,12.4159,12.8372,0.0000,0.5118,0.4558,478.9214,3.9961,16.7650,0.4935,22.3802,0.4213,26.6876,14.0000,11000,97000,229,0.8600,600
PANAMAX_B-01,PANAMAX_B,bulk,2025-01-02 03:00:00,synthetic,12.4280,12.8733,0.0030,0.5110,0.4301,479.0464,5.3366,27.4922,0.6605,76.4176,0.4453,26.3307,14.0000,11000,97000,229,0.8600,600
PANAMAX_B-01,PANAMAX_B,bulk,2025-01-02 06:00:00,synthetic,12.6552,13.1886,0.0003,0.5110,0.0744,479.1714,3.3162,32.5433,0.3672,40.9192,0.5334,26.2573,14.0000,11000,97000,229,0.8600,600
PANAMAX_B-01,PANAMAX_B,bulk,2025-01-02 09:00:00,synthetic,12.9194,13.3303,0.0087,0.5112,0.1972,479.2964,5.0344,32.6606,0.4309,58.7516,0.4109,29.2283,14.0000,11000,97000,229,0.8600,600
PANAMAX_B-01,PANAMAX_B,bulk,2025-01-02 12:00:00,synthetic,13.1492,13.2963,0.0107,0.5108,0.3054,479.4214,5.6740,35.4714,0.5917,66.8727,0.1472,30.1545,14.0000,11000,97000,229,0.8600,600
PANAMAX_B-01,PANAMAX_B,bulk,2025-01-02 15:00:00,synthetic,12.5647,12.7000,0.0262,0.5110,0.2535,479.5464,4.4989,34.9862,0.6284,37.7635,0.1353,26.6846,14.0000,11000,97000,229,0.8600,600
PANAMAX_B-01,PANAMAX_B,bulk,2025-01-02 18:00:00,synthetic,12.6429,12.7337,0.0030,0.5109,0.0564,479.6714,4.6794,34.8783,0.4210,51.8154,0.0909,27.3432,14.0000,11000,97000,229,0.8600,600
PANAMAX_B-01,PANAMAX_B,bulk,2025-01-02 21:00:00,synthetic,12.6582,12.8087,0.0000,0.5109,0.2144,479.7964,2.2973,32.6469,0.3316,56.0646,0.1504,27.4774,14.0000,11000,97000,229,0.8600,600
PANAMAX_B-01,PANAMAX_B,bulk,2025-01-03 00:00:00,synthetic,12.7866,12.7580,0.0066,0.5106,0.2505,479.9214,3.2798,34.1398,0.3398,0.0000,-0.0285,26.7818,14.0000,11000,97000,229,0.8600,600
PANAMAX_B-01,PANAMAX_B,bulk,2025-01-03 03:00:00,synthetic,12.4035,12.3760,0.0236,0.5096,0.2391,480.0464,4.7926,31.3963,0.4762,33.2466,-0.0274,26.0728,14.0000,11000,97000,229,0.8600,600
PANAMAX_B-01,PANAMAX_B,bulk,2025-01-03 06:00:00,synthetic,12.8519,12.7341,0.0000,0.5079,0.2580,480.1714,4.5208,21.7618,0.5588,17.9747,-0.1178,28.0252,14.0000,11000,97000,229,0.8600,600
PANAMAX_B-01,PANAMAX_B,bulk,2025-01-03 09:00:00,synthetic,12.6164,12.7847,0.0033,0.5074,0.2519,480.2964,5.3784,11.8179,0.5155,0.0000,0.1683,26.6511,14.0000,11000,97000,229,0.8600,600
PANAMAX_B-01,PANAMAX_B,bulk,2025-01-03 12:00:00,synthetic,12.9783,13.2432,0.0000,0.5073,0.1129,480.4214,6.3362,0.6886,0.8992,0.0000,0.2649,28.9709,14.0000,11000,97000,229,0.8600,600
PANAMAX_B-01,PANAMAX_B,bulk,2025-01-03 15:00:00,synthetic,12.9068,12.9637,0.0019,0.5067,0.2557,480.5464,4.7185,8.4854,0.8252,5.9124,0.0569,30.8987,14.0000,11000,97000,229,0.8600,600
PANAMAX_B-01,PANAMAX_B,bulk,2025-01-03 18:00:00,synthetic,12.5471,12.4995,0.0084,0.5080,0.3099,480.6714,9.6961,3.2783,1.4868,0.0000,-0.0477,29.8660,14.0000,11000,97000,229,0.8600,600
PANAMAX_B-01,PANAMAX_B,bulk,2025-01-03 21:00:00,synthetic,12.6386,12.5041,0.0149,0.5078,0.0698,480.7964,6.7218,2.2616,1.3529,4.4978,-0.1345,28.7369,14.0000,11000,97000,229,0.8600,600
PANAMAX_B-01,PANAMAX_B,bulk,2025-01-04 00:00:00,synthetic,12.5979,12.3514,0.0115,0.5068,-0.1936,480.9214,5.7626,5.9370,1.0408,6.5493,-0.2465,29.1527,14.0000,11000,97000,229,0.8600,600
PANAMAX_B-01,PANAMAX_B,bulk,2025-01-04 03:00:00,synthetic,12.3857,12.3413,0.0158,0.5062,-0.1050,481.0464,5.8048,3.3740,1.3039,0.0000,-0.0444,26.5159,14.0000,11000,97000,229,0.8600,600
PANAMAX_B-01,PANAMAX_B,bulk,2025-01-04 06:00:00,synthetic,12.2302,12.2225,0.0000,0.5057,-0.3624,481.1714,5.3527,1.4473,1.0587,52.8010,-0.0077,27.3278,14.0000,11000,97000,229,0.8600,600
PANAMAX_B-01,PANAMAX_B,bulk,2025-01-04 09:00:00,synthetic,12.3381,12.3740,0.0000,0.5036,-0.4204,481.2964,5.8159,9.9842,0.9515,30.7212,0.0358,26.0942,14.0000,11000,97000,229,0.8600,600
PANAMAX_B-01,PANAMAX_B,bulk,2025-01-04 12:00:00,synthetic,12.1898,12.2978,0.0205,0.5027,-0.5025,481.4214,7.3570,0.0593,1.0485,51.3075,0.1080,27.4806,14.0000,11000,97000,229,0.8600,600
PANAMAX_B-01,PANAMAX_B,bulk,2025-01-04 15:00:00,synthetic,12.1483,12.4590,0.0000,0.5034,-0.4220,481.5464,7.8811,11.1724,1.3476,62.0388,0.3107,26.4467,14.0000,11000,97000,229,0.8600,600
PANAMAX_B-01,PANAMAX_B,bulk,2025-01-04 18:00:00,synthetic,11.7874,12.0415,0.0043,0.5041,-0.4164,481.6714,5.4772,15.7556,1.1932,43.1971,0.2540,24.1652,14.0000,11000,97000,229,0.8600,600
PANAMAX_B-01,PANAMAX_B,bulk,2025-01-04 21:00:00,synthetic,11.9619,12.3469,0.0147,0.5041,-0.7391,481.7964,7.4898,19.4227,1.4837,0.0000,0.3850,25.1187,14.0000,11000,97000,229,0.8600,600
PANAMAX_B-01,PANAMAX_B,bulk,2025-01-05 00:00:00,synthetic,12.2562,12.6073,0.0076,0.5041,-0.8799,481.9214,8.7427,18.5104,1.8213,0.0000,0.3511,28.3319,14.0000,11000,97000,229,0.8600,600
PANAMAX_B-01,PANAMAX_B,bulk,2025-01-05 03:00:00,synthetic,12.2906,12.6126,0.0006,0.5041,-0.9744,482.0464,9.1666,21.0711,1.9171,42.3293,0.3220,28.5081,14.0000,11000,97000,229,0.8600,600
PANAMAX_B-01,PANAMAX_B,bulk,2025-01-05 06:00:00,synthetic,12.5095,12.7192,0.0079,0.5036,-0.9005,482.1714,8.8536,8.7930,2.2738,31.5254,0.2097,29.2212,14.0000,11000,97000,229,0.8600,600
PANAMAX_B-01,PANAMAX_B,bulk,2025-01-05 09:00:00,synthetic,12.1844,12.4466,0.0021,0.5035,-1.0701,482.2964,8.2282,7.4692,1.6858,0.0000,0.2622,27.4010,14.0000,11000,97000,229,0.8600,600
PANAMAX_B-01,PANAMAX_B,bulk,2025-01-05 12:00:00,synthetic,12.2122,12.6696,0.0000,0.5043,-0.9034,482.4214,7.9663,0.5389,1.6954,53.8422,0.4574,26.7029,14.0000,11000,97000,229,0.8600,600
PANAMAX_B-01,PANAMAX_B,bulk,2025-01-05 15:00:00,synthetic,12.1400,12.5810,0.0000,0.5040,-0.9001,482.5464,9.1973,9.7121,2.1523,3.7161,0.4411,28.8421,14.0000,11000,97000,229,0.8600,600
PANAMAX_B-01,PANAMAX_B,bulk,2025-01-05 18:00:00,synthetic,12.1040,12.5090,0.0000,0.5032,-0.7740,482.6714,9.4469,8.0387,1.7698,0.0000,0.4049,28.0225,14.0000,11000,97000,229,0.8600,600
PANAMAX_B-01,PANAMAX_B,bulk,2025-01-05 21:00:00,synthetic,12.0731,12.4521,0.0159,0.5038,-0.9760,482.7964,6.1176,5.5571,1.3917,0.0000,0.3790,25.9760,14.0000,11000,97000,229,0.8600,600
PANAMAX_B-01,PANAMAX_B,bulk,2025-01-06 00:00:00,synthetic,12.4020,12.7319,0.0000,0.5039,-0.8512,482.9214,9.3445,3.7585,2.3973,7.6811,0.3299,31.5644,14.0000,11000,97000,229,0.8600,600
PANAMAX_B-01,PANAMAX_B,bulk,2025-01-06 03:00:00,synthetic,12.6832,13.2495,0.0000,0.5036,-0.6962,483.0464,9.7897,9.9778,2.3153,55.5061,0.5663,31.0462,14.0000,11000,97000,229,0.8600,600
PANAMAX_B-01,PANAMAX_B,bulk,2025-01-06 06:00:00,synthetic,12.4153,12.7233,0.0000,0.5032,-0.6307,483.1714,9.3573,14.8195,2.3271,4.2476,0.3080,30.4639,14.0000,11000,97000,229,0.8600,600
PANAMAX_B-01,PANAMAX_B,bulk,2025-01-06 09:00:00,synthetic,12.4143,12.6566,0.0000,0.5033,-0.6506,483.2964,10.4128,3.0987,2.2996,11.8068,0.2423,30.4687,14.0000,11000,97000,229,0.8600,600
PANAMAX_B-01,PANAMAX_B,bulk,2025-01-06 12:00:00,synthetic,12.9077,13.2631,0.0000,0.5035,-0.6865,483.4214,10.5852,1.0390,2.6291,5.2269,0.3554,35.1558,14.0000,11000,97000,229,0.8600,600
PANAMAX_B-01,PANAMAX_B,bulk,2025-01-06 15:00:00,synthetic,12.8343,12.9163,0.0048,0.5030,-0.7077,483.5464,9.6928,0.2074,2.0381,11.2128,0.0820,31.7332,14.0000,11000,97000,229,0.8600,600
PANAMAX_B-01,PANAMAX_B,bulk,2025-01-06 18:00:00,synthetic,12.7890,12.8166,0.0000,0.5035,-0.7086,483.6714,5.7950,3.5196,1.4288,4.7472,0.0276,30.2143,14.0000,11000,97000,229,0.8600,600
PANAMAX_B-01,PANAMAX_B,bulk,2025-01-06 21:00:00,synthetic,12.5965,12.8985,0.0000,0.5023,-0.6680,483.7964,6.4053,8.9124,1.0911,0.0000,0.3020,27.7788,14.0000,11000,97000,229,0.8600,600
PANAMAX_B-01,PANAMAX_B,bulk,2025-01-07 00:00:00,synthetic,12.3727,12.6694,0.0132,0.5030,-0.6136,483.9214,6.3247,16.7798,1.4152,0.0000,0.2967,28.1962,14.0000,11000,97000,229,0.8600,600
PANAMAX_B-01,PANAMAX_B,bulk,2025-01-07 03:00:00,synthetic,12.2774,12.5921,0.0000,0.5027,-0.6609,484.0464,6.6811,15.3978,1.0363,27.7595,0.3147,26.9252,14.0000,11000,97000,229,0.8600,600
PANAMAX_B-01,PANAMAX_B,bulk,2025-01-07 06:00:00,synthetic,12.1753,12.3412,0.0000,0.5028,-0.7399,484.1714,6.2322,10.4319,0.9251,33.8208,0.1658,25.1815,14.0000,11000,97000,229,0.8600,600
PANAMAX_B-01,PANAMAX_B,bulk,2025-01-07 09:00:00,synthetic,12.3161,12.5686,0.0000,0.5025,-0.6979,484.2964,5.8640,17.7013,1.0106,10.8341,0.2525,26.2724,14.0000,11000,97000,229,0.8600,600
PANAMAX_B-01,PANAMAX_B,bulk,2025-01-07 12:00:00,synthetic,12.4201,12.7136,0.0000,0.5017,-0.7154,484.4214,6.9597,11.5448,1.4142,51.2397,0.2935,27.9859,14.0000,11000,97000,229,0.8600,600
PANAMAX_B-01,PANAMAX_B,bulk,2025-01-07 15:00:00,synthetic,12.4508,12.9241,0.0000,0.5019,-0.8340,484.5464,10.4028,24.3845,1.9179,0.0000,0.4733,28.2641,14.0000,11000,97000,229,0.8600,600
PANAMAX_B-01,PANAMAX_B,bulk,2025-01-07 18:00:00,synthetic,12.5867,12.9566,0.0091,0.5016,-0.7181,484.6714,11.8718,34.4385,2.2501,44.9602,0.3699,30.0098,14.0000,11000,97000,229,0.8600,600
PANAMAX_B-01,PANAMAX_B,bulk,2025-01-07 21:00:00,synthetic,12.2792,12.6213,0.0000,0.5018,-0.6014,484.7964,10.8360,40.7851,2.3310,69.3735,0.3421,27.5996,14.0000,11000,97000,229,0.8600,600
PANAMAX_B-01,PANAMAX_B,bulk,2025-01-09 03:00:00,synthetic,12.9071,12.9134,0.9483,0.9783,-0.1455,486.0464,9.8553,53.7980,2.0157,0.0000,0.0062,44.2689,14.0000,11000,97000,229,0.8600,600
PANAMAX_B-01,PANAMAX_B,bulk,2025-01-09 06:00:00,synthetic,12.7663,13.1504,0.9551,0.9763,-0.1349,486.1714,12.1241,41.7712,2.5880,34.2563,0.3841,42.6424,14.0000,11000,97000,229,0.8600,600
PANAMAX_B-01,PANAMAX_B,bulk,2025-01-09 09:00:00,synthetic,12.8375,12.9269,0.9384,0.9776,0.0094,486.2964,9.0378,41.7284,2.5408,41.6374,0.0894,44.1787,14.0000,11000,97000,229,0.8600,600
PANAMAX_B-01,PANAMAX_B,bulk,2025-01-09 12:00:00,synthetic,12.7470,12.6683,0.9551,0.9791,-0.0978,486.4214,10.6761,35.1784,2.2611,36.5059,-0.0786,45.0295,14.0000,11000,97000,229,0.8600,600
PANAMAX_B-01,PANAMAX_B,bulk,2025-01-09 15:00:00,synthetic,12.9303,12.4827,0.9466,0.9816,-0.1111,486.5464,7.1965,28.7641,1.5197,22.4773,-0.4476,44.0918,14.0000,11000,97000,229,0.8600,600
PANAMAX_B-01,PANAMAX_B,bulk,2025-01-09 18:00:00,synthetic,12.7580,12.2788,0.9594,0.9821,0.1304,486.6714,6.9964,29.8387,1.0273,67.9203,-0.4792,40.2389,14.0000,11000,97000,229,0.8600,600
PANAMAX_B-01,PANAMAX_B,bulk,2025-01-09 21:00:00,synthetic,12.5307,11.8935,0.9651,0.9816,0.1486,486.7964,6.0422,37.4985,0.9612,46.9737,-0.6372,37.6879,14.0000,11000,97000,229,0.8600,600
PANAMAX_B-01,PANAMAX_B,bulk,2025-01-10 00:00:00,synthetic,12.6479,11.9999,0.9593,0.9819,0.1404,486.9214,2.9779,45.6700,0.7093,32.8294,-0.6480,40.1672,14.0000,11000,97000,229,0.8600,600
PANAMAX_B-01,PANAMAX_B,bulk,2025-01-10 03:00:00,synthetic,12.7250,12.1372,0.9598,0.9831,0.1994,487.0464,5.0697,48.4994,0.8723,50.0288,-0.5878,40.2711,14.0000,11000,97000,229,0.8600,600
PANAMAX_B-01,PANAMAX_B,bulk,2025-01-10 06:00:00,synthetic,12.7165,11.9053,0.9531,0.9817,0.1314,487.1714,4.4505,58.8425,0.8462,60.5637,-0.8112,38.2823,14.0000,11000,97000,229,0.8600,600
PANAMAX_B-01,PANAMAX_B,bulk,2025-01-10 09:00:00,synthetic,12.5654,11.7796,0.9483,0.9824,0.1177,487.2964,7.3277,53.3351,0.9151,64.1322,-0.7858,40.3360,14.0000,11000,97000,229,0.8600,600
PANAMAX_B-01,PANAMAX_B,bulk,2025-01-10 12:00:00,synthetic,12.4427,11.8031,0.9703,0.9820,0.2591,487.4214,5.0220,51.7644,0.9917,75.8200,-0.6395,37.0575,14.0000,11000,97000,229,0.8600,600
PANAMAX_B-01,PANAMAX_B,bulk,2025-01-10 15:00:00,synthetic,12.3161,11.3008,0.9568,0.9804,0.2380,487.5464,7.2367,50.4382,1.4101,54.3449,-1.0153,37.9607,14.0000,11000,97000,229,0.8600,600
PANAMAX_B-01,PANAMAX_B,bulk,2025-01-10 18:00:00,synthetic,12.6991,11.9757,0.9609,0.9799,0.0698,487.6714,7.7423,56.1807,1.2438,80.3447,-0.7234,40.1065,14.0000,11000,97000,229,0.8600,600
PANAMAX_B-01,PANAMAX_B,bulk,2025-01-10 21:00:00,synthetic,12.9515,12.2414,0.9355,0.9833,-0.0400,487.7964,7.7260,49.7244,1.2894,20.5525,-0.7102,42.3271,14.0000,11000,97000,229,0.8600,600
PANAMAX_B-01,PANAMAX_B,bulk,2025-01-11 00:00:00,synthetic,13.2897,12.6806,0.9618,0.9831,-0.1895,487.9214,6.8264,53.5260,1.0526,29.1025,-0.6091,45.1139,14.0000,11000,97000,229,0.8600,600
PANAMAX_B-01,PANAMAX_B,bulk,2025-01-11 03:00:00,synthetic,13.5445,12.8909,0.9745,0.9827,-0.1647,488.0464,7.9369,42.8425,1.3045,43.8983,-0.6537,49.9831,14.0000,11000,97000,229,0.8600,600
PANAMAX_B-01,PANAMAX_B,bulk,2025-01-11 06:00:00,synthetic,13.3829,12.8411,0.9465,0.9833,0.0877,488.1714,7.1599,45.9163,1.2601,41.9342,-0.5418,46.5031,14.0000,11000,97000,229,0.8600,600
PANAMAX_B-01,PANAMAX_B,bulk,2025-01-11 09:00:00,synthetic,13.0774,12.4029,0.9506,0.9812,0.0009,488.2964,2.9576,51.1812,0.9703,22.1873,-0.6745,42.0483,14.0000,11000,97000,229,0.8600,600
PANAMAX_B-01,PANAMAX_B,bulk,2025-01-11 12:00:00,synthetic,13.2488,12.7371,0.9669,0.9809,-0.0524,488.4214,2.9172,44.0318,0.9545,44.8814,-0.5117,45.1953,14.0000,11000,97000,229,0.8600,600
PANAMAX_B-01,PANAMAX_B,bulk,2025-01-11 15:00:00,synthetic,13.1896,12.6053,0.9555,0.9815,-0.1195,488.5464,2.7318,46.9665,0.9247,50.0859,-0.5842,44.0962,14.0000,11000,97000,229,0.8600,600
PANAMAX_B-01,PANAMAX_B,bulk,2025-01-11 18:00:00,synthetic,13.2425,12.3846,0.9441,0.9818,-0.4086,488.6714,2.1728,55.9335,0.8555,51.5698,-0.8579,42.7460,14.0000,11000,97000,229,0.8600,600
PANAMAX_B-01,PANAMAX_B,bulk,2025-01-11 21:00:00,synthetic,13.2757,12.5445,0.9484,0.9803,-0.1652,488.7964,2.3082,61.2696,0.8567,66.6296,-0.7312,42.4381,14.0000,11000,97000,229,0.8600,600
PANAMAX_B-01,PANAMAX_B,bulk,2025-01-12 00:00:00,synthetic,13.0165,12.3847,0.9577,0.9808,-0.0606,488.9214,5.6288,73.0069,0.8934,77.8420,-0.6318,41.1455,14.0000,11000,97000,229,0.8600,600
PANAMAX_B-01,PANAMAX_B,bulk,2025-01-12 03:00:00,synthetic,13.1956,12.7054,0.9442,0.9815,-0.2176,489.0464,4.6248,86.8663,0.9754,51.9365,-0.4902,41.5920,14.0000,11000,97000,229,0.8600,600
PANAMAX_B-01,PANAMAX_B,bulk,2025-01-12 06:00:00,synthetic,12.9173,12.4932,0.9390,0.9835,-0.3008,489.1714,5.6218,97.1729,1.1278,108.4601,-0.4241,39.1016,14.0000,11000,97000,229,0.8600,600
PANAMAX_B-01,PANAMAX_B,bulk,2025-01-12 09:00:00,synthetic,12.7649,12.7083,0.9638,0.9834,-0.2837,489.2964,4.2085,88.9379,1.1462,101.6856,-0.0566,38.5408,14.0000,11000,97000,229,0.8600,600
PANAMAX_B-01,PANAMAX_B,bulk,2025-01-12 12:00:00,synthetic,12.7915,12.7787,0.9236,0.9857,-0.1671,489.4214,3.7991,83.2998,1.1597,88.0213,-0.0128,38.9674,14.0000,11000,97000,229,0.8600,600
PANAMAX_B-01,PANAMAX_B,bulk,2025-01-12 15:00:00,synthetic,13.1449,13.0763,0.9525,0.9873,-0.2045,489.5464,3.6313,85.7913,1.1478,109.6557,-0.0687,40.3167,14.0000,11000,97000,229,0.8600,600
PANAMAX_B-01,PANAMAX_B,bulk,2025-01-12 18:00:00,synthetic,12.9299,13.0326,0.9194,0.9894,-0.6951,489.6714,4.4303,80.0934,1.2323,124.7398,0.1026,41.0462,14.0000,11000,97000,229,0.8600,600
PANAMAX_B-01,PANAMAX_B,bulk,2025-01-12 21:00:00,synthetic,12.8436,12.8889,0.9381,0.9883,-0.7899,489.7964,5.3995,74.3277,1.3036,88.9232,0.0453,39.1988,14.0000,11000,97000,229,0.8600,600
PANAMAX_B-01,PANAMAX_B,bulk,2025-01-13 00:00:00,synthetic,12.8206,12.7911,0.9650,0.9870,-0.8563,489.9214,2.2107,87.0136,1.1101,75.6458,-0.0295,39.0896,14.0000,11000,97000,229,0.8600,600
PANAMAX_B-01,PANAMAX_B,bulk,2025-01-13 03:00:00,synthetic,12.7035,13.0328,0.9581,0.9887,-0.8644,490.0464,4.4737,86.4452,1.1035,85.5352,0.3294,36.0547,14.0000,11000,97000,229,0.8600,600
PANAMAX_B-01,PANAMAX_B,bulk,2025-01-13 06:00:00,synthetic,12.4185,12.7968,0.9595,0.9868,-0.7885,490.1714,4.9544,83.9287,1.1853,63.7338,0.3782,36.2754,14.0000,11000,97000,229,0.8600,600
PANAMAX_B-01,PANAMAX_B,bulk,2025-01-13 09:00:00,synthetic,12.5309,12.9691,0.9589,0.9862,-0.6762,490.2964,5.7821,92.3428,1.2070,89.1648,0.4382,38.2419,14.0000,11000,97000,229,0.8600,600
PANAMAX_B-01,PANAMAX_B,bulk,2025-01-13 12:00:00,synthetic,12.4681,12.8163,0.9412,0.9862,-0.3661,490.4214,4.0992,79.5086,1.1242,112.5419,0.3483,35.6898,14.0000,11000,97000,229,0.8600,600
PANAMAX_B-01,PANAMAX_B,bulk,2025-01-13 15:00:00,synthetic,12.4282,12.9374,0.9560,0.9854,-0.3368,490.5464,8.9037,77.4412,1.8986,32.0660,0.5092,38.1495,14.0000,11000,97000,229,0.8600,600
PANAMAX_B-01,PANAMAX_B,bulk,2025-01-13 18:00:00,synthetic,12.7753,12.9831,0.9537,0.9836,-0.3891,490.6714,5.8964,87.1601,1.4254,69.4465,0.2078,37.7027,14.0000,11000,97000,229,0.8600,600
PANAMAX_B-01,PANAMAX_B,bulk,2025-01-13 21:00:00,synthetic,13.2839,13.1783,0.9521,0.9811,-0.2461,490.7964,6.6626,84.8400,1.2406,45.1060,-0.1055,45.7594,14.0000,11000,97000,229,0.8600,600
PANAMAX_B-01,PANAMAX_B,bulk,2025-01-14 00:00:00,synthetic,12.9279,13.0319,0.9514,0.9791,-0.4077,490.9214,7.2331,78.0691,1.2635,103.6124,0.1040,41.1993,14.0000,11000,97000,229,0.8600,600
PANAMAX_B-01,PANAMAX_B,bulk,2025-01-14 03:00:00,synthetic,13.0268,12.9781,0.9746,0.9788,-0.2510,491.0464,7.3033,91.7002,1.3859,95.7941,-0.0487,42.8573,14.0000,11000,97000,229,0.8600,600
PANAMAX_B-01,PANAMAX_B,bulk,2025-01-14 06:00:00,synthetic,13.2347,12.9978,0.9516,0.9819,-0.3830,491.1714,7.9839,90.0633,1.3630,109.7511,-0.2369,41.6857,14.0000,11000,97000,229,0.8600,600
PANAMAX_B-01,PANAMAX_B,bulk,2025-01-14 09:00:00,synthetic,13.2671,13.1508,0.9581,0.9804,-0.1502,491.2964,7.0342,95.7256,1.3856,109.4586,-0.1163,43.2913,14.0000,11000,97000,229,0.8600,600
PANAMAX_B-01,PANAMAX_B,bulk,2025-01-14 12:00:00,synthetic,13.2294,13.2330,0.9816,0.9837,-0.0703,491.4214,8.0933,94.0086,1.2103,95.1338,0.0035,43.1572,14.0000,11000,97000,229,0.8600,600
PANAMAX_B-01,PANAMAX_B,bulk,2025-01-14 15:00:00,synthetic,13.1063,13.1571,0.9601,0.9851,-0.1853,491.5464,5.1821,88.0648,0.8624,99.4816,0.0509,42.0697,14.0000,11000,97000,229,0.8600,600
PANAMAX_B-01,PANAMAX_B,bulk,2025-01-14 18:00:00,synthetic,13.0493,13.0384,0.9588,0.9825,-0.0707,491.6714,4.4290,89.8306,0.6913,109.4575,-0.0108,41.9068,14.0000,11000,97000,229,0.8600,600
PANAMAX_B-01,PANAMAX_B,bulk,2025-01-14 21:00:00,synthetic,13.0619,13.2685,0.9387,0.9836,-0.0696,491.7964,3.7244,102.6936,0.6539,107.9502,0.2065,41.2469,14.0000,11000,97000,229,0.8600,600
PANAMAX_B-01,PANAMAX_B,bulk,2025-01-15 00:00:00,synthetic,13.1859,13.5364,0.9745,0.9844,-0.0694,491.9214,3.1423,109.5822,0.6288,71.4341,0.3505,42.4510,14.0000,11000,97000,229,0.8600,600
PANAMAX_B-01,PANAMAX_B,bulk,2025-01-15 03:00:00,synthetic,13.4099,13.9315,0.9525,0.9845,-0.0070,492.0464,2.3456,113.5166,0.4576,130.9635,0.5216,46.4417,14.0000,11000,97000,229,0.8600,600
PANAMAX_B-01,PANAMAX_B,bulk,2025-01-15 06:00:00,synthetic,13.3648,14.0513,0.9570,0.9821,0.0655,492.1714,3.7449,113.0455,0.5827,140.3678,0.6865,44.2000,14.0000,11000,97000,229,0.8600,600
PANAMAX_B-01,PANAMAX_B,bulk,2025-01-16 00:00:00,synthetic,7.8426,8.5144,0.0000,0.5015,-0.0728,492.9214,4.3381,109.9966,0.5633,89.9428,0.6717,9.8356,14.0000,11000,97000,229,0.8600,600
PANAMAX_B-01,PANAMAX_B,bulk,2025-01-16 03:00:00,synthetic,7.7091,8.3689,0.0000,0.5017,-0.0498,493.0464,1.6829,94.8449,0.5459,71.5989,0.6598,8.8181,14.0000,11000,97000,229,0.8600,600
PANAMAX_B-01,PANAMAX_B,bulk,2025-01-16 06:00:00,synthetic,7.6455,8.4369,0.0000,0.5012,-0.1768,493.1714,3.1588,93.3935,0.6041,96.8100,0.7914,8.4994,14.0000,11000,97000,229,0.8600,600
PANAMAX_B-01,PANAMAX_B,bulk,2025-01-16 09:00:00,synthetic,7.7289,8.3202,0.0000,0.5013,-0.0232,493.2964,4.0109,98.4075,0.6676,51.1644,0.5913,9.0738,14.0000,11000,97000,229,0.8600,600
PANAMAX_B-01,PANAMAX_B,bulk,2025-01-16 12:00:00,synthetic,7.6497,8.3063,0.0039,0.5019,0.2024,493.4214,3.9330,110.2221,0.6967,103.3151,0.6565,9.0099,14.0000,11000,97000,229,0.8600,600
PANAMAX_B-01,PANAMAX_B,bulk,2025-01-16 15:00:00,synthetic,7.9618,8.6147,0.0000,0.5025,0.2793,493.5464,3.3717,116.4367,0.5962,67.7563,0.6530,9.4004,14.0000,11000,97000,229,0.8600,600
PANAMAX_B-01,PANAMAX_B,bulk,2025-01-16 18:00:00,synthetic,7.8073,8.6382,0.0000,0.5032,0.4819,493.6714,1.5733,130.3922,0.5003,131.0719,0.8309,9.2282,14.0000,11000,97000,229,0.8600,600
PANAMAX_B-01,PANAMAX_B,bulk,2025-01-16 21:00:00,synthetic,7.6817,8.5940,0.0042,0.5017,0.2776,493.7964,2.5793,144.3991,0.5288,123.4438,0.9123,8.6091,14.0000,11000,97000,229,0.8600,600
PANAMAX_B-01,PANAMAX_B,bulk,2025-01-17 00:00:00,synthetic,7.8032,9.0785,0.0120,0.5011,0.3591,493.9214,5.0312,148.4841,0.7945,141.0765,1.2753,8.8982,14.0000,11000,97000,229,0.8600,600
PANAMAX_B-01,PANAMAX_B,bulk,2025-01-17 03:00:00,synthetic,8.0263,9.3895,0.0000,0.5007,0.3204,494.0464,3.6508,153.0872,0.6226,180.0000,1.3632,9.7224,14.0000,11000,97000,229,0.8600,600
PANAMAX_B-01,PANAMAX_B,bulk,2025-01-17 06:00:00,synthetic,7.6731,8.9630,0.0049,0.5004,0.3172,494.1714,3.0336,150.0522,0.4550,135.1345,1.2899,9.0938,14.0000,11000,97000,229,0.8600,600
PANAMAX_B-01,PANAMAX_B,bulk,2025-01-17 09:00:00,synthetic,8.1731,9.2821,0.0000,0.5008,0.2140,494.2964,4.7593,140.2582,0.6604,138.8630,1.1090,9.8183,14.0000,11000,97000,229,0.8600,600
PANAMAX_B-01,PANAMAX_B,bulk,2025-01-17 12:00:00,synthetic,8.2928,9.3010,0.0000,0.5011,-0.0188,494.4214,2.9789,142.9719,0.5719,148.9612,1.0082,9.7657,14.0000,11000,97000,229,0.8600,600
PANAMAX_B-01,PANAMAX_B,bulk,2025-01-17 15:00:00,synthetic,8.3444,9.2857,0.0000,0.5008,0.0470,494.5464,2.9498,142.8294,0.4938,144.5012,0.9414,10.4183,14.0000,11000,97000,229,0.8600,600
PANAMAX_B-01,PANAMAX_B,bulk,2025-01-17 18:00:00,synthetic,8.1114,8.8153,0.0017,0.5003,0.0519,494.6714,4.5157,132.2480,0.5398,134.0148,0.7039,9.7285,14.0000,11000,97000,229,0.8600,600
PANAMAX_B-01,PANAMAX_B,bulk,2025-01-17 21:00:00,synthetic,8.0207,8.5570,0.0000,0.5013,0.2504,494.7964,4.1508,121.1427,0.5702,88.0801,0.5363,9.7630,14.0000,11000,97000,229,0.8600,600
PANAMAX_B-01,PANAMAX_B,bulk,2025-01-18 00:00:00,synthetic,7.6351,8.1521,0.0181,0.5012,0.2635,494.9214,3.9787,115.9932,0.5064,157.9719,0.5170,8.5296,14.0000,11000,97000,229,0.8600,600
PANAMAX_B-01,PANAMAX_B,bulk,2025-01-18 03:00:00,synthetic,7.8396,8.4279,0.0000,0.5016,0.2398,495.0464,2.8736,128.6653,0.6151,144.9898,0.5882,9.0067,14.0000,11000,97000,229,0.8600,600
PANAMAX_B-01,PANAMAX_B,bulk,2025-01-18 06:00:00,synthetic,7.8940,8.4370,0.0121,0.5021,-0.0478,495.1714,2.5564,137.7918,0.7362,125.6573,0.5430,9.2036,14.0000,11000,97000,229,0.8600,600
PANAMAX_B-01,PANAMAX_B,bulk,2025-01-18 09:00:00,synthetic,8.0129,8.7186,0.0078,0.5017,0.0118,495.2964,5.0986,137.5725,0.8696,156.3498,0.7058,9.6851,14.0000,11000,97000,229,0.8600,600
PANAMAX_B-01,PANAMAX_B,bulk,2025-01-18 12:00:00,synthetic,7.9699,8.6541,0.0000,0.5021,-0.0282,495.4214,4.2793,144.7502,0.9087,180.0000,0.6842,9.5978,14.0000,11000,97000,229,0.8600,600
PANAMAX_B-01,PANAMAX_B,bulk,2025-01-18 15:00:00,synthetic,7.4963,8.4360,0.0000,0.5028,0.0586,495.5464,3.9449,132.1631,0.9859,162.5215,0.9397,8.2906,14.0000,11000,97000,229,0.8600,600
PANAMAX_B-01,PANAMAX_B,bulk,2025-01-18 18:00:00,synthetic,7.2000,8.0100,0.0000,0.5025,0.1526,495.6714,5.0681,140.6632,0.9877,128.3432,0.8100,7.6633,14.0000,11000,97000,229,0.8600,600
PANAMAX_B-01,PANAMAX_B,bulk,2025-01-18 21:00:00,synthetic,7.3816,8.1561,0.0000,0.5006,-0.0929,495.7964,4.6853,142.5589,1.1991,145.2359,0.7746,8.5408,14.0000,11000,97000,229,0.8600,600
PANAMAX_B-01,PANAMAX_B,bulk,2025-01-19 00:00:00,synthetic,7.4979,7.9649,0.0001,0.4999,-0.0602,495.9214,3.9808,152.2963,1.0430,145.8082,0.4670,8.2064,14.0000,11000,97000,229,0.8600,600
PANAMAX_B-01,PANAMAX_B,bulk,2025-01-19 03:00:00,synthetic,7.2000,7.8132,0.0022,0.4997,-0.2835,496.0464,6.1944,160.8404,1.0917,130.8116,0.6132,7.7960,14.0000,11000,97000,229,0.8600,600
PANAMAX_B-01,PANAMAX_B,bulk,2025-01-19 06:00:00,synthetic,7.3969,7.8669,0.0144,0.5012,-0.5148,496.1714,5.7170,153.2590,1.4266,157.3977,0.4700,8.1173,14.0000,11000,97000,229,0.8600,600
PANAMAX_B-01,PANAMAX_B,bulk,2025-01-19 09:00:00,synthetic,7.8823,8.3756,0.0059,0.5007,-0.6315,496.2964,8.9318,167.0893,1.7514,160.5458,0.4932,8.9497,14.0000,11000,97000,229,0.8600,600
PANAMAX_B-01,PANAMAX_B,bulk,2025-01-19 12:00:00,synthetic,8.0406,8.3948,0.0014,0.5002,-0.5355,496.4214,6.9809,171.6980,1.7487,149.8791,0.3541,9.5881,14.0000,11000,97000,229,0.8600,600
PANAMAX_B-01,PANAMAX_B,bulk,2025-01-19 15:00:00,synthetic,8.0314,8.1370,0.0139,0.5015,-0.6834,496.5464,9.7555,158.5006,1.9697,180.0000,0.1056,9.4323,14.0000,11000,97000,229,0.8600,600
PANAMAX_B-01,PANAMAX_B,bulk,2025-01-19 18:00:00,synthetic,7.9927,8.2840,0.0000,0.5015,-0.7488,496.6714,7.0802,149.4523,1.4152,180.0000,0.2913,9.2358,14.0000,11000,97000,229,0.8600,600
PANAMAX_B-01,PANAMAX_B,bulk,2025-01-19 21:00:00,synthetic,8.2218,8.5597,0.0046,0.5007,-0.9985,496.7964,7.4271,151.9887,1.6853,139.6348,0.3379,9.7616,14.0000,11000,97000,229,0.8600,600
PANAMAX_B-01,PANAMAX_B,bulk,2025-01-20 00:00:00,synthetic,8.0826,8.3656,0.0000,0.5007,-0.9101,496.9214,8.1840,159.2190,1.6779,148.7050,0.2830,9.8585,14.0000,11000,97000,229,0.8600,600
PANAMAX_B-01,PANAMAX_B,bulk,2025-01-20 03:00:00,synthetic,7.9742,8.3632,0.0143,0.5007,-1.0816,497.0464,8.2742,164.0041,2.1526,180.0000,0.3891,9.0737,14.0000,11000,97000,229,0.8600,600
PANAMAX_B-01,PANAMAX_B,bulk,2025-01-20 06:00:00,synthetic,7.8550,8.2382,0.0226,0.5013,-0.9288,497.1714,8.7357,177.1988,2.4253,150.1658,0.3831,9.3069,14.0000,11000,97000,229,0.8600,600
PANAMAX_B-01,PANAMAX_B,bulk,2025-01-20 09:00:00,synthetic,7.8901,8.4382,0.0065,0.5013,-0.9138,497.2964,8.6937,178.0117,2.0916,180.0000,0.5481,9.0852,14.0000,11000,97000,229,0.8600,600
PANAMAX_B-01,PANAMAX_B,bulk,2025-01-20 12:00:00,synthetic,7.7796,8.2513,0.0000,0.5022,-0.9903,497.4214,8.8473,171.9839,1.8861,152.6739,0.4717,8.7193,14.0000,11000,97000,229,0.8600,600
PANAMAX_B-01,PANAMAX_B,bulk,2025-01-20 15:00:00,synthetic,7.5113,8.1270,0.0113,0.5028,-0.9839,497.5464,9.5033,176.0780,1.7102,180.0000,0.6158,8.1936,14.0000,11000,97000,229,0.8600,600
PANAMAX_B-01,PANAMAX_B,bulk,2025-01-20 18:00:00,synthetic,7.7945,8.5434,0.0000,0.5037,-1.1208,497.6714,8.4903,177.0578,1.7768,180.0000,0.7489,8.6082,14.0000,11000,97000,229,0.8600,600
PANAMAX_B-01,PANAMAX_B,bulk,2025-01-20 21:00:00,synthetic,7.6745,8.4020,0.0098,0.5036,-1.1193,497.7964,9.2588,167.0792,2.1837,166.0232,0.7275,8.6181,14.0000,11000,97000,229,0.8600,600
PANAMAX_B-01,PANAMAX_B,bulk,2025-01-21 00:00:00,synthetic,7.6548,8.2212,0.0017,0.5046,-0.9503,497.9214,8.5007,158.0999,1.8513,153.8648,0.5664,8.3863,14.0000,11000,97000,229,0.8600,600
PANAMAX_B-01,PANAMAX_B,bulk,2025-01-21 03:00:00,synthetic,7.6615,8.1380,0.0050,0.5058,-1.0494,498.0464,8.8684,153.9953,1.8677,154.0168,0.4765,8.4879,14.0000,11000,97000,229,0.8600,600
PANAMAX_B-01,PANAMAX_B,bulk,2025-01-21 06:00:00,synthetic,7.4962,7.8744,0.0000,0.5055,-1.1579,498.1714,7.8607,156.9007,1.7058,171.7198,0.3783,8.3887,14.0000,11000,97000,229,0.8600,600
PANAMAX_B-01,PANAMAX_B,bulk,2025-01-21 09:00:00,synthetic,7.5545,8.1038,0.0000,0.5040,-1.1609,498.2964,6.8176,160.6177,1.5994,136.2288,0.5493,8.3894,14.0000,11000,97000,229,0.8600,600
MR_TANKER-01,MR_TANKER,tanker,2025-01-01 00:00:00,synthetic,10.8607,10.3438,0.0045,0.5341,0.5923,641.2874,3.1122,97.5302,0.3817,134.5611,-0.5169,14.2587,14.5000,9000,60000,183,0.8200,700
MR_TANKER-01,MR_TANKER,tanker,2025-01-01 03:00:00,synthetic,10.6932,9.8932,0.0082,0.5335,0.5763,641.4124,0.0000,94.9110,0.2526,101.9648,-0.7999,14.0569,14.5000,9000,60000,183,0.8200,700
MR_TANKER-01,MR_TANKER,tanker,2025-01-01 06:00:00,synthetic,10.7315,10.0676,0.0000,0.5335,0.7114,641.5374,1.0185,88.2335,0.3044,83.6328,-0.6639,13.4626,14.5000,9000,60000,183,0.8200,700
MR_TANKER-01,MR_TANKER,tanker,2025-01-01 09:00:00,synthetic,10.8341,10.3707,0.0068,0.5338,0.7005,641.6624,0.0000,87.5962,0.3126,80.1517,-0.4634,13.9034,14.5000,9000,60000,183,0.8200,700
MR_TANKER-01,MR_TANKER,tanker,2025-01-01 12:00:00,synthetic,10.8703,10.3763,0.0000,0.5336,0.6469,641.7874,0.0000,83.5976,0.3267,94.6156,-0.4940,14.3143,14.5000,9000,60000,183,0.8200,700
MR_TANKER-01,MR_TANKER,tanker,2025-01-01 15:00:00,synthetic,10.6249,10.2704,0.0172,0.5327,0.9758,641.9124,0.4011,80.9755,0.2903,61.1688,-0.3544,13.6035,14.5000,9000,60000,183,0.8200,700
MR_TANKER-01,MR_TANKER,tanker,2025-01-01 18:00:00,synthetic,10.7256,10.4118,0.0000,0.5329,0.9151,642.0374,2.0967,84.0562,0.3051,70.7755,-0.3138,14.2658,14.5000,9000,60000,183,0.8200,700
MR_TANKER-01,MR_TANKER,tanker,2025-01-01 21:00:00,synthetic,10.8693,10.6112,0.0000,0.5321,0.9134,642.1624,1.2331,93.3119,0.3189,80.4469,-0.2580,14.4580,14.5000,9000,60000,183,0.8200,700
MR_TANKER-01,MR_TANKER,tanker,2025-01-02 00:00:00,synthetic,10.6678,10.0669,0.0132,0.5320,1.0186,642.2874,0.0000,104.3959,0.3708,87.8241,-0.6009,13.2395,14.5000,9000,60000,183,0.8200,700
MR_TANKER-01,MR_TANKER,tanker,2025-01-02 03:00:00,synthetic,10.6246,10.0771,0.0020,0.5306,0.9865,642.4124,1.4037,106.3841,0.4319,123.5318,-0.5476,13.7650,14.5000,9000,60000,183,0.8200,700
MR_TANKER-01,MR_TANKER,tanker,2025-01-02 06:00:00,synthetic,10.5728,10.0813,0.0000,0.5304,0.9689,642.5374,0.7933,110.6645,0.5212,133.4757,-0.4915,13.4406,14.5000,9000,60000,183,0.8200,700
MR_TANKER-01,MR_TANKER,tanker,2025-01-02 09:00:00,synthetic,10.5826,10.2099,0.0000,0.5311,0.9570,642.6624,0.0898,106.0084,0.5876,116.4915,-0.3727,13.8592,14.5000,9000,60000,183,0.8200,700
MR_TANKER-01,MR_TANKER,tanker,2025-01-02 12:00:00,synthetic,10.4739,10.1580,0.0000,0.5297,0.9029,642.7874,1.5106,104.1423,0.5387,59.6281,-0.3159,13.1143,14.5000,9000,60000,183,0.8200,700
MR_TANKER-01,MR_TANKER,tanker,2025-01-02 15:00:00,synthetic,10.8808,10.5925,0.0180,0.5300,0.7968,642.9124,3.7443,98.4448,0.6304,102.5069,-0.2883,14.1545,14.5000,9000,60000,183,0.8200,700
MR_TANKER-01,MR_TANKER,tanker,2025-01-02 18:00:00,synthetic,10.8423,10.5180,0.0000,0.5301,0.9675,643.0374,3.6038,88.5701,0.7632,51.5006,-0.3243,13.9539,14.5000,9000,60000,183,0.8200,700
MR_TANKER-01,MR_TANKER,tanker,2025-01-02 21:00:00,synthetic,10.9059,10.6029,0.0000,0.5299,0.9835,643.1624,4.9727,94.0474,0.7957,128.3103,-0.3030,14.3861,14.5000,9000,60000,183,0.8200,700
MR_TANKER-01,MR_TANKER,tanker,2025-01-03 00:00:00,synthetic,10.7614,10.6344,0.0000,0.5310,0.9493,643.2874,4.6342,100.9732,0.9994,122.4463,-0.1270,13.6765,14.5000,9000,60000,183,0.8200,700
MR_TANKER-01,MR_TANKER,tanker,2025-01-03 03:00:00,synthetic,10.7451,10.7624,0.0081,0.5308,0.9557,643.4124,6.7443,93.8845,1.0356,125.2538,0.0174,13.9831,14.5000,9000,60000,183,0.8200,700
MR_TANKER-01,MR_TANKER,tanker,2025-01-03 06:00:00,synthetic,10.6224,10.7793,0.0000,0.5322,1.0161,643.5374,8.8764,96.3797,1.8046,125.0941,0.1569,14.0599,14.5000,9000,60000,183,0.8200,700
MR_TANKER-01,MR_TANKER,tanker,2025-01-03 09:00:00,synthetic,10.5875,10.7759,0.0000,0.5328,0.9880,643.6624,9.2741,111.9164,2.0905,126.2565,0.1884,12.9564,14.5000,9000,60000,183,0.8200,700
MR_TANKER-01,MR_TANKER,tanker,2025-01-03 12:00:00,synthetic,10.4808,10.6865,0.0000,0.5327,1.0509,643.7874,8.7222,114.6141,1.8453,116.2527,0.2057,13.6611,14.5000,9000,60000,183,0.8200,700
MR_TANKER-01,MR_TANKER,tanker,2025-01-03 15:00:00,synthetic,10.3234,10.7766,0.0000,0.5319,1.0892,643.9124,10.3799,105.0440,2.3327,87.9600,0.4532,13.1584,14.5000,9000,60000,183,0.8200,700
MR_TANKER-01,MR_TANKER,tanker,2025-01-03 18:00:00,synthetic,10.2503,10.7499,0.0000,0.5314,0.9926,644.0374,7.9383,102.7044,2.0487,78.7814,0.4996,12.8108,14.5000,9000,60000,183,0.8200,700
MR_TANKER-01,MR_TANKER,tanker,2025-01-03 21:00:00,synthetic,10.3457,11.0283,0.0000,0.5309,1.1441,644.1624,8.4338,99.9711,2.1984,85.0375,0.6826,12.9215,14.5000,9000,60000,183,0.8200,700
MR_TANKER-01,MR_TANKER,tanker,2025-01-04 00:00:00,synthetic,10.4876,11.3779,0.0000,0.5313,1.1643,644.2874,10.0832,105.5273,3.0710,109.8844,0.8903,13.7682,14.5000,9000,60000,183,0.8200,700
MR_TANKER-01,MR_TANKER,tanker,2025-01-04 03:00:00,synthetic,10.4581,11.4093,0.0031,0.5316,1.2714,644.4124,11.0238,103.7969,2.5570,120.7094,0.9512,13.2577,14.5000,9000,60000,183,0.8200,700
MR_TANKER-01,MR_TANKER,tanker,2025-01-04 06:00:00,synthetic,10.2871,11.1236,0.0000,0.5332,1.1717,644.5374,9.2617,96.8879,2.6947,134.0796,0.8365,12.8701,14.5000,9000,60000,183,0.8200,700
MR_TANKER-01,MR_TANKER,tanker,2025-01-04 09:00:00,synthetic,10.7635,11.8269,0.0043,0.5323,1.5738,644.6624,11.8964,95.9935,2.9189,54.2803,1.0634,15.4623,14.5000,9000,60000,183,0.8200,700
MR_TANKER-01,MR_TANKER,tanker,2025-01-04 12:00:00,synthetic,10.9643,11.9853,0.0000,0.5321,1.6057,644.7874,10.8905,87.9533,2.7918,113.8623,1.0210,14.9116,14.5000,9000,60000,183,0.8200,700
MR_TANKER-01,MR_TANKER,tanker,2025-01-04 15:00:00,synthetic,10.6663,11.6239,0.0000,0.5320,1.5444,644.9124,13.6717,80.0088,3.4642,61.3677,0.9576,15.9062,14.5000,9000,60000,183,0.8200,700
MR_TANKER-01,MR_TANKER,tanker,2025-01-04 18:00:00,synthetic,10.4487,11.1847,0.0000,0.5321,1.5360,645.0374,13.8661,109.3374,3.4182,113.9524,0.7360,13.9343,14.5000,9000,60000,183,0.8200,700
MR_TANKER-01,MR_TANKER,tanker,2025-01-04 21:00:00,synthetic,10.6010,11.1228,0.0000,0.5324,1.5455,645.1624,13.4849,120.8374,4.5547,129.4819,0.5218,13.1063,14.5000,9000,60000,183,0.8200,700
MR_TANKER-01,MR_TANKER,tanker,2025-01-05 00:00:00,synthetic,10.2239,10.8156,0.0000,0.5334,1.7558,645.2874,13.7882,118.3291,4.0451,99.8404,0.5917,12.2950,14.5000,9000,60000,183,0.8200,700
MR_TANKER-01,MR_TANKER,tanker,2025-01-05 03:00:00,synthetic,10.3427,10.7706,0.0019,0.5327,1.7344,645.4124,11.8867,111.1639,3.0532,101.5844,0.4279,12.4426,14.5000,9000,60000,183,0.8200,700
MR_TANKER-01,MR_TANKER,tanker,2025-01-05 06:00:00,synthetic,10.4039,11.0747,0.0022,0.5322,1.5903,645.5374,9.7678,116.1715,2.1831,131.5304,0.6708,13.4561,14.5000,9000,60000,183,0.8200,700
MR_TANKER-01,MR_TANKER,tanker,2025-01-05 09:00:00,synthetic,10.3731,11.0122,0.0072,0.5315,1.2606,645.6624,8.5568,110.5780,1.3266,94.7705,0.6392,13.1845,14.5000,9000,60000,183,0.8200,700
MR_TANKER-01,MR_TANKER,tanker,2025-01-05 12:00:00,synthetic,10.1125,10.6368,0.0024,0.5305,1.0959,645.7874,4.5293,101.8298,0.7497,167.1232,0.5243,12.3685,14.5000,9000,60000,183,0.8200,700
MR_TANKER-01,MR_TANKER,tanker,2025-01-05 15:00:00,synthetic,10.5483,10.9667,0.0313,0.5310,1.0380,645.9124,6.1228,85.1045,1.0024,79.5763,0.4184,13.5635,14.5000,9000,60000,183,0.8200,700
MR_TANKER-01,MR_TANKER,tanker,2025-01-05 18:00:00,synthetic,10.6220,11.0726,0.0000,0.5306,1.1812,646.0374,5.1536,86.5841,0.8906,83.0861,0.4507,13.8891,14.5000,9000,60000,183,0.8200,700
MR_TANKER-01,MR_TANKER,tanker,2025-01-05 21:00:00,synthetic,10.5460,10.8388,0.0074,0.5313,1.2914,646.1624,2.8472,95.7889,0.4231,82.5964,0.2927,13.3932,14.5000,9000,60000,183,0.8200,700
MR_TANKER-01,MR_TANKER,tanker,2025-01-06 00:00:00,synthetic,10.6836,10.9134,0.0050,0.5303,1.0460,646.2874,1.7254,113.5944,0.5098,100.8171,0.2298,13.4096,14.5000,9000,60000,183,0.8200,700
MR_TANKER-01,MR_TANKER,tanker,2025-01-06 03:00:00,synthetic,10.6454,10.6841,0.0020,0.5303,1.1152,646.4124,2.4325,104.4984,0.6026,101.7491,0.0387,13.1629,14.5000,9000,60000,183,0.8200,700
MR_TANKER-01,MR_TANKER,tanker,2025-01-06 06:00:00,synthetic,10.2444,10.1501,0.0000,0.5292,1.1331,646.5374,5.7947,99.2812,0.7363,113.8008,-0.0943,12.4236,14.5000,9000,60000,183,0.8200,700
MR_TANKER-01,MR_TANKER,tanker,2025-01-06 09:00:00,synthetic,10.4581,10.2874,0.0015,0.5287,1.3738,646.6624,3.5023,104.4628,0.8929,163.4894,-0.1706,12.9095,14.5000,9000,60000,183,0.8200,700
MR_TANKER-01,MR_TANKER,tanker,2025-01-06 12:00:00,synthetic,10.2189,10.0062,0.0000,0.5282,1.1817,646.7874,6.9879,97.5903,1.2135,61.1642,-0.2127,13.0113,14.5000,9000,60000,183,0.8200,700
MR_TANKER-01,MR_TANKER,tanker,2025-01-06 15:00:00,synthetic,10.3053,9.8233,0.0060,0.5296,1.2208,646.9124,8.5274,97.5272,1.9146,71.4154,-0.4820,13.0669,14.5000,9000,60000,183,0.8200,700
MR_TANKER-01,MR_TANKER,tanker,2025-01-06 18:00:00,synthetic,10.4408,9.7662,0.0000,0.5297,1.3198,647.0374,8.2624,97.1289,1.7654,130.5413,-0.6746,14.1426,14.5000,9000,60000,183,0.8200,700
MR_TANKER-01,MR_TANKER,tanker,2025-01-08 00:00:00,synthetic,7.9789,7.4537,0.8962,0.9470,1.0465,648.2874,4.7655,102.3392,1.0345,107.9788,-0.5251,10.1364,14.5000,9000,60000,183,0.8200,700
MR_TANKER-01,MR_TANKER,tanker,2025-01-08 03:00:00,synthetic,7.7078,7.3337,0.9081,0.9475,1.0199,648.4124,6.3932,98.2480,1.0344,137.8757,-0.3741,9.4571,14.5000,9000,60000,183,0.8200,700
MR_TANKER-01,MR_TANKER,tanker,2025-01-08 06:00:00,synthetic,7.6373,7.2975,0.9038,0.9482,1.1609,648.5374,5.0669,94.3801,0.8156,108.5288,-0.3398,9.2434,14.5000,9000,60000,183,0.8200,700
MR_TANKER-01,MR_TANKER,tanker,2025-01-08 09:00:00,synthetic,7.5840,7.2274,0.9004,0.9481,1.1640,648.6624,7.8697,95.0395,1.1181,121.0948,-0.3567,9.3744,14.5000,9000,60000,183,0.8200,700
MR_TANKER-01,MR_TANKER,tanker,2025-01-08 12:00:00,synthetic,7.4002,7.2935,0.9182,0.9471,1.2951,648.7874,5.7292,92.5896,0.9507,65.9924,-0.1067,8.9509,14.5000,9000,60000,183,0.8200,700
MR_TANKER-01,MR_TANKER,tanker,2025-01-08 15:00:00,synthetic,7.7902,7.9189,0.9175,0.9476,1.2681,648.9124,4.9342,94.3446,0.9292,83.7082,0.1287,9.9027,14.5000,9000,60000,183,0.8200,700
MR_TANKER-01,MR_TANKER,tanker,2025-01-08 18:00:00,synthetic,8.1860,8.0883,0.9037,0.9474,1.3822,649.0374,3.8335,95.5550,0.7917,47.5422,-0.0977,10.6103,14.5000,9000,60000,183,0.8200,700
MR_TANKER-01,MR_TANKER,tanker,2025-01-08 21:00:00,synthetic,8.1394,8.2170,0.9263,0.9502,1.5678,649.1624,3.7070,79.0866,0.8761,112.4611,0.0776,10.9529,14.5000,9000,60000,183,0.8200,700
MR_TANKER-01,MR_TANKER,tanker,2025-01-09 00:00:00,synthetic,8.3234,8.5088,0.9082,0.9500,1.6233,649.2874,3.2593,81.0599,0.9205,104.9274,0.1854,10.6728,14.5000,9000,60000,183,0.8200,700
MR_TANKER-01,MR_TANKER,tanker,2025-01-09 03:00:00,synthetic,8.5346,8.7075,0.9143,0.9506,1.6077,649.4124,2.6652,78.2869,0.8621,60.3476,0.1729,11.1331,14.5000,9000,60000,183,0.8200,700
MR_TANKER-01,MR_TANKER,tanker,2025-01-09 06:00:00,synthetic,8.6098,8.4657,0.8990,0.9495,1.5376,649.5374,6.2329,66.4282,1.1324,83.1164,-0.1441,11.5922,14.5000,9000,60000,183,0.8200,700
MR_TANKER-01,MR_TANKER,tanker,2025-01-09 09:00:00,synthetic,8.6948,8.6665,0.8988,0.9489,1.5305,649.6624,5.1171,57.3342,1.1483,66.1440,-0.0282,12.2513,14.5000,9000,60000,183,0.8200,700
MR_TANKER-01,MR_TANKER,tanker,2025-01-09 12:00:00,synthetic,8.7582,8.6721,0.9098,0.9484,1.6645,649.7874,8.0224,72.0103,1.6080,74.5415,-0.0862,12.3692,14.5000,9000,60000,183,0.8200,700
MR_TANKER-01,MR_TANKER,tanker,2025-01-09 15:00:00,synthetic,8.7124,8.5971,0.9144,0.9487,1.7000,649.9124,7.7989,68.1605,1.7913,96.2030,-0.1152,12.1765,14.5000,9000,60000,183,0.8200,700
MR_TANKER-01,MR_TANKER,tanker,2025-01-09 18:00:00,synthetic,8.5681,8.6892,0.8985,0.9466,1.5169,650.0374,8.3458,59.8059,1.8823,44.2514,0.1211,12.7757,14.5000,9000,60000,183,0.8200,700
MR_TANKER-01,MR_TANKER,tanker,2025-01-09 21:00:00,synthetic,8.3413,8.4007,0.9099,0.9458,1.6187,650.1624,11.3694,62.0207,2.5407,47.4404,0.0594,12.3995,14.5000,9000,60000,183,0.8200,700
MR_TANKER-01,MR_TANKER,tanker,2025-01-10 00:00:00,synthetic,8.4211,8.7328,0.9114,0.9485,1.6438,650.2874,7.9497,63.8648,1.8413,55.2771,0.3117,12.0163,14.5000,9000,60000,183,0.8200,700
MR_TANKER-01,MR_TANKER,tanker,2025-01-10 03:00:00,synthetic,8.3045,8.3740,0.9058,0.9479,1.5068,650.4124,10.6254,65.6451,2.4341,82.5515,0.0695,11.4575,14.5000,9000,60000,183,0.8200,700
MR_TANKER-01,MR_TANKER,tanker,2025-01-10 06:00:00,synthetic,8.6378,8.4985,0.9098,0.9477,1.4882,650.5374,10.8718,54.2019,2.1767,71.1209,-0.1393,12.2754,14.5000,9000,60000,183,0.8200,700
MR_TANKER-01,MR_TANKER,tanker,2025-01-10 09:00:00,synthetic,8.5481,8.4297,0.8945,0.9474,1.4070,650.6624,9.4090,62.4712,2.0918,53.0082,-0.1185,12.8937,14.5000,9000,60000,183,0.8200,700
MR_TANKER-01,MR_TANKER,tanker,2025-01-10 12:00:00,synthetic,8.5459,8.6311,0.8991,0.9474,1.4223,650.7874,9.1528,59.9753,2.1076,38.2190,0.0852,13.4824,14.5000,9000,60000,183,0.8200,700
MR_TANKER-01,MR_TANKER,tanker,2025-01-10 15:00:00,synthetic,8.6766,8.6707,0.8990,0.9481,1.4370,650.9124,5.0484,53.6098,1.5336,79.0171,-0.0059,12.3593,14.5000,9000,60000,183,0.8200,700
MR_TANKER-01,MR_TANKER,tanker,2025-01-10 18:00:00,synthetic,8.3484,8.2504,0.8875,0.9462,1.2013,651.0374,7.5264,50.9601,1.7649,46.8626,-0.0980,11.9265,14.5000,9000,60000,183,0.8200,700
MR_TANKER-01,MR_TANKER,tanker,2025-01-10 21:00:00,synthetic,8.0711,8.2385,0.9013,0.9448,1.2890,651.1624,11.4886,55.1760,2.8503,35.5647,0.1674,12.3206,14.5000,9000,60000,183,0.8200,700
MR_TANKER-01,MR_TANKER,tanker,2025-01-11 00:00:00,synthetic,8.0007,8.0440,0.9244,0.9457,1.1438,651.2874,11.6298,53.1952,2.9703,65.4066,0.0433,11.9514,14.5000,9000,60000,183,0.8200,700
MR_TANKER-01,MR_TANKER,tanker,2025-01-11 03:00:00,synthetic,8.0909,7.9766,0.9168,0.9477,1.1157,651.4124,9.7854,49.7481,2.3071,0.0000,-0.1143,11.8837,14.5000,9000,60000,183,0.8200,700
MR_TANKER-01,MR_TANKER,tanker,2025-01-11 06:00:00,synthetic,7.7119,7.5225,0.9442,0.9444,1.1722,651.5374,9.5634,43.5039,2.0629,51.4640,-0.1894,11.0058,14.5000,9000,60000,183,0.8200,700
MR_TANKER-01,MR_TANKER,tanker,2025-01-11 09:00:00,synthetic,7.6633,7.4798,0.9082,0.9440,1.1571,651.6624,9.9344,62.0436,2.4643,74.4371,-0.1835,10.4383,14.5000,9000,60000,183,0.8200,700
MR_TANKER-01,MR_TANKER,tanker,2025-01-11 12:00:00,synthetic,7.7393,7.5613,0.9151,0.9427,0.8810,651.7874,10.7184,83.1942,2.4303,62.1918,-0.1781,10.6301,14.5000,9000,60000,183,0.8200,700
MR_TANKER-01,MR_TANKER,tanker,2025-01-11 15:00:00,synthetic,8.0684,7.6626,0.9103,0.9435,1.0895,651.9124,12.1408,88.5537,2.6581,56.5378,-0.4058,11.0963,14.5000,9000,60000,183,0.8200,700
MR_TANKER-01,MR_TANKER,tanker,2025-01-11 18:00:00,synthetic,8.2981,7.7078,0.9250,0.9445,0.9627,652.0374,10.6856,78.0429,2.7307,76.2382,-0.5903,11.5910,14.5000,9000,60000,183,0.8200,700
MR_TANKER-01,MR_TANKER,tanker,2025-01-11 21:00:00,synthetic,8.3720,7.7700,0.9097,0.9452,1.0932,652.1624,9.8036,90.8739,2.5020,106.3946,-0.6021,11.2719,14.5000,9000,60000,183,0.8200,700
MR_TANKER-01,MR_TANKER,tanker,2025-01-12 00:00:00,synthetic,8.2873,7.6486,0.9091,0.9477,1.3034,652.2874,10.1236,89.1353,2.4878,126.8705,-0.6386,11.5643,14.5000,9000,60000,183,0.8200,700
MR_TANKER-01,MR_TANKER,tanker,2025-01-12 03:00:00,synthetic,8.3251,7.9515,0.8904,0.9486,1.2862,652.4124,8.1510,108.0349,1.9456,112.2798,-0.3736,10.7081,14.5000,9000,60000,183,0.8200,700
MR_TANKER-01,MR_TANKER,tanker,2025-01-12 06:00:00,synthetic,8.4270,7.9943,0.9150,0.9487,1.4142,652.5374,8.2016,109.5721,1.7233,76.4381,-0.4328,10.9650,14.5000,9000,60000,183,0.8200,700
MR_TANKER-01,MR_TANKER,tanker,2025-01-12 09:00:00,synthetic,8.5668,7.8227,0.9146,0.9490,1.5589,652.6624,9.4763,103.9624,1.8531,100.2748,-0.7441,12.0036,14.5000,9000,60000,183,0.8200,700
MR_TANKER-01,MR_TANKER,tanker,2025-01-12 12:00:00,synthetic,8.6482,7.8220,0.9016,0.9497,1.4193,652.7874,10.1516,99.2808,1.5743,60.1700,-0.8262,12.3530,14.5000,9000,60000,183,0.8200,700
MR_TANKER-01,MR_TANKER,tanker,2025-01-12 15:00:00,synthetic,8.4063,7.6741,0.9128,0.9497,1.6164,652.9124,6.6804,105.0072,1.2487,153.3333,-0.7323,10.7968,14.5000,9000,60000,183,0.8200,700
MR_TANKER-01,MR_TANKER,tanker,2025-01-12 18:00:00,synthetic,8.2800,7.7094,0.9175,0.9510,1.3368,653.0374,7.0106,101.2290,1.2134,71.8155,-0.5706,11.2638,14.5000,9000,60000,183,0.8200,700
MR_TANKER-01,MR_TANKER,tanker,2025-01-12 21:00:00,synthetic,8.4292,8.0237,0.9112,0.9499,1.4652,653.1624,6.4933,95.3662,1.1789,123.6131,-0.4055,11.4170,14.5000,9000,60000,183,0.8200,700
MR_TANKER-01,MR_TANKER,tanker,2025-01-13 00:00:00,synthetic,8.2560,7.9675,0.9123,0.9514,1.3530,653.2874,8.7002,99.0257,1.1914,44.2127,-0.2885,10.5834,14.5000,9000,60000,183,0.8200,700
MR_TANKER-01,MR_TANKER,tanker,2025-01-13 03:00:00,synthetic,8.2330,7.8706,0.9066,0.9499,1.6359,653.4124,4.6552,95.1692,0.7297,60.9696,-0.3624,10.8437,14.5000,9000,60000,183,0.8200,700
MR_TANKER-01,MR_TANKER,tanker,2025-01-13 06:00:00,synthetic,8.4101,8.1531,0.9116,0.9483,1.7414,653.5374,3.8808,87.4069,0.7443,110.7546,-0.2571,11.3476,14.5000,9000,60000,183,0.8200,700
MR_TANKER-01,MR_TANKER,tanker,2025-01-13 09:00:00,synthetic,8.2411,7.9195,0.9089,0.9478,1.5762,653.6624,4.8822,70.0732,0.7950,56.2330,-0.3215,10.9490,14.5000,9000,60000,183,0.8200,700
MR_TANKER-01,MR_TANKER,tanker,2025-01-13 12:00:00,synthetic,8.5154,8.2794,0.8979,0.9484,1.3470,653.7874,5.7926,70.3421,0.8176,82.1571,-0.2360,11.5061,14.5000,9000,60000,183,0.8200,700
MR_TANKER-01,MR_TANKER,tanker,2025-01-13 15:00:00,synthetic,8.5091,8.2377,0.9138,0.9479,1.2636,653.9124,5.5177,80.5749,0.8252,68.3527,-0.2714,11.5484,14.5000,9000,60000,183,0.8200,700
MR_TANKER-01,MR_TANKER,tanker,2025-01-13 18:00:00,synthetic,8.4102,8.1717,0.9126,0.9478,1.0722,654.0374,3.6268,87.5198,0.8541,91.6611,-0.2385,10.9808,14.5000,9000,60000,183,0.8200,700
MR_TANKER-01,MR_TANKER,tanker,2025-01-13 21:00:00,synthetic,8.4700,8.1328,0.9068,0.9474,1.0579,654.1624,4.5212,93.9391,0.9168,57.0477,-0.3373,11.0146,14.5000,9000,60000,183,0.8200,700
MR_TANKER-01,MR_TANKER,tanker,2025-01-14 00:00:00,synthetic,8.6679,8.2237,0.8963,0.9473,1.1857,654.2874,4.8612,93.1097,0.9658,62.4891,-0.4442,11.9227,14.5000,9000,60000,183,0.8200,700
MR_TANKER-01,MR_TANKER,tanker,2025-01-14 03:00:00,synthetic,8.4904,8.3781,0.9183,0.9471,1.4071,654.4124,3.9673,88.1593,1.1154,81.2505,-0.1122,11.1183,14.5000,9000,60000,183,0.8200,700
MR_TANKER-01,MR_TANKER,tanker,2025-01-14 06:00:00,synthetic,8.6040,8.5673,0.9246,0.9458,1.3420,654.5374,5.6043,88.8259,1.1392,91.9397,-0.0366,11.4900,14.5000,9000,60000,183,0.8200,700
MR_TANKER-01,MR_TANKER,tanker,2025-01-14 09:00:00,synthetic,8.8560,8.8882,0.9062,0.9474,1.4805,654.6624,6.3520,83.3794,1.2345,74.4308,0.0322,12.7957,14.5000,9000,60000,183,0.8200,700
MR_TANKER-01,MR_TANKER,tanker,2025-01-15 09:00:00,synthetic,12.9336,13.0958,0.0000,0.5305,1.6435,655.6624,9.2199,71.9269,2.1090,35.4583,0.1623,22.1414,14.5000,9000,60000,183,0.8200,700
MR_TANKER-01,MR_TANKER,tanker,2025-01-15 12:00:00,synthetic,12.5404,12.9204,0.0000,0.5317,1.6397,655.7874,7.5542,71.7264,1.9786,90.8731,0.3800,20.5879,14.5000,9000,60000,183,0.8200,700
MR_TANKER-01,MR_TANKER,tanker,2025-01-15 15:00:00,synthetic,12.6492,12.8838,0.0000,0.5313,1.6546,655.9124,7.4052,72.7558,2.0174,66.2597,0.2345,20.1958,14.5000,9000,60000,183,0.8200,700
MR_TANKER-01,MR_TANKER,tanker,2025-01-15 18:00:00,synthetic,12.2360,12.4090,0.0135,0.5306,1.6575,656.0374,7.3308,92.0423,1.5422,106.6770,0.1730,18.8660,14.5000,9000,60000,183,0.8200,700
MR_TANKER-01,MR_TANKER,tanker,2025-01-15 21:00:00,synthetic,12.4142,12.7176,0.0000,0.5298,1.5505,656.1624,5.7030,96.4480,1.5110,65.2051,0.3035,18.3447,14.5000,9000,60000,183,0.8200,700
MR_TANKER-01,MR_TANKER,tanker,2025-01-16 00:00:00,synthetic,12.3436,12.6045,0.0024,0.5292,1.6640,656.2874,6.5219,79.9104,1.4299,77.6683,0.2609,19.4388,14.5000,9000,60000,183,0.8200,700
MR_TANKER-01,MR_TANKER,tanker,2025-01-16 03:00:00,synthetic,11.9995,12.0001,0.0061,0.5274,1.6018,656.4124,5.8217,78.7924,1.2499,62.1863,0.0006,18.3435,14.5000,9000,60000,183,0.8200,700
MR_TANKER-01,MR_TANKER,tanker,2025-01-16 06:00:00,synthetic,12.0835,11.9771,0.0126,0.5272,1.5455,656.5374,3.5447,74.7115,1.3603,63.3281,-0.1064,18.6181,14.5000,9000,60000,183,0.8200,700
MR_TANKER-01,MR_TANKER,tanker,2025-01-16 09:00:00,synthetic,12.0864,11.9092,0.0000,0.5280,1.5371,656.6624,4.3527,78.2249,1.3488,39.3509,-0.1772,17.4439,14.5000,9000,60000,183,0.8200,700
MR_TANKER-01,MR_TANKER,tanker,2025-01-16 12:00:00,synthetic,12.1348,12.2680,0.0000,0.5268,1.9442,656.7874,3.7908,77.6908,1.3752,86.4710,0.1332,18.3442,14.5000,9000,60000,183,0.8200,700
MR_TANKER-01,MR_TANKER,tanker,2025-01-16 15:00:00,synthetic,12.3745,12.8929,0.0000,0.5268,1.9164,656.9124,3.9105,75.8407,1.3793,71.9780,0.5184,18.9906,14.5000,9000,60000,183,0.8200,700
MR_TANKER-01,MR_TANKER,tanker,2025-01-16 18:00:00,synthetic,12.1920,12.3913,0.0000,0.5273,1.6449,657.0374,4.1151,73.2657,1.3365,97.3740,0.1993,19.1580,14.5000,9000,60000,183,0.8200,700
MR_TANKER-01,MR_TANKER,tanker,2025-01-16 21:00:00,synthetic,12.2707,12.5061,0.0199,0.5286,1.5675,657.1624,5.2688,76.3124,1.4644,123.7460,0.2354,17.7094,14.5000,9000,60000,183,0.8200,700
MR_TANKER-01,MR_TANKER,tanker,2025-01-17 00:00:00,synthetic,12.4689,12.5264,0.0080,0.5294,1.5698,657.2874,2.8118,81.6951,1.3174,43.4466,0.0574,18.8401,14.5000,9000,60000,183,0.8200,700
MR_TANKER-01,MR_TANKER,tanker,2025-01-17 03:00:00,synthetic,12.4800,12.5595,0.0006,0.5293,1.3627,657.4124,2.4480,70.5442,1.2767,67.7511,0.0795,18.9773,14.5000,9000,60000,183,0.8200,700
MR_TANKER-01,MR_TANKER,tanker,2025-01-17 06:00:00,synthetic,12.4813,12.7037,0.0000,0.5292,1.3113,657.5374,5.4506,66.9011,1.3994,36.5044,0.2224,20.4371,14.5000,9000,60000,183,0.8200,700
MR_TANKER-01,MR_TANKER,tanker,2025-01-17 09:00:00,synthetic,12.5437,13.0347,0.0000,0.5288,1.3072,657.6624,8.3034,78.8251,1.4527,88.0502,0.4910,19.5841,14.5000,9000,60000,183,0.8200,700
MR_TANKER-01,MR_TANKER,tanker,2025-01-17 12:00:00,synthetic,12.7538,13.2253,0.0000,0.5298,0.9285,657.7874,6.8815,73.5333,1.2805,54.0410,0.4715,21.0043,14.5000,9000,60000,183,0.8200,700
MR_TANKER-01,MR_TANKER,tanker,2025-01-17 15:00:00,synthetic,12.6178,13.2296,0.0000,0.5295,1.0301,657.9124,6.0735,68.2859,1.4359,84.3743,0.6118,20.3487,14.5000,9000,60000,183,0.8200,700
MR_TANKER-01,MR_TANKER,tanker,2025-01-17 18:00:00,synthetic,12.8819,13.3406,0.0138,0.5305,1.1043,658.0374,7.3469,84.1835,1.7693,105.0357,0.4587,20.6560,14.5000,9000,60000,183,0.8200,700
MR_TANKER-01,MR_TANKER,tanker,2025-01-17 21:00:00,synthetic,13.1124,13.3789,0.0062,0.5301,1.1695,658.1624,7.0240,76.5408,1.6369,82.5359,0.2665,22.5991,14.5000,9000,60000,183,0.8200,700
MR_TANKER-01,MR_TANKER,tanker,2025-01-18 00:00:00,synthetic,13.0113,13.1937,0.0000,0.5303,1.1546,658.2874,5.8607,70.3648,1.2506,95.1078,0.1824,22.0238,14.5000,9000,60000,183,0.8200,700
MR_TANKER-01,MR_TANKER,tanker,2025-01-18 03:00:00,synthetic,13.5219,13.5001,0.0000,0.5297,0.9075,658.4124,4.9813,80.4673,1.3700,57.8146,-0.0219,23.0408,14.5000,9000,60000,183,0.8200,700
MR_TANKER-01,MR_TANKER,tanker,2025-01-18 06:00:00,synthetic,13.4251,13.5615,0.0000,0.5307,0.7147,658.5374,7.3224,89.2810,1.3957,115.8881,0.1365,22.7528,14.5000,9000,60000,183,0.8200,700
MR_TANKER-01,MR_TANKER,tanker,2025-01-18 09:00:00,synthetic,13.2497,13.2589,0.0038,0.5310,0.9153,658.6624,10.3005,83.2678,2.2087,91.7955,0.0092,21.7027,14.5000,9000,60000,183,0.8200,700
MR_TANKER-01,MR_TANKER,tanker,2025-01-18 12:00:00,synthetic,13.1797,13.1248,0.0000,0.5316,1.0527,658.7874,8.4564,95.8791,2.1060,82.9170,-0.0549,22.6125,14.5000,9000,60000,183,0.8200,700
MR_TANKER-01,MR_TANKER,tanker,2025-01-18 15:00:00,synthetic,13.1016,12.9790,0.0062,0.5329,1.0006,658.9124,10.0911,102.9261,2.1885,132.2140,-0.1226,22.3868,14.5000,9000,60000,183,0.8200,700
MR_TANKER-01,MR_TANKER,tanker,2025-01-18 18:00:00,synthetic,13.1337,13.0956,0.0084,0.5330,1.0319,659.0374,9.2470,103.9566,2.2114,126.0837,-0.0381,20.6894,14.5000,9000,60000,183,0.8200,700
MR_TANKER-01,MR_TANKER,tanker,2025-01-18 21:00:00,synthetic,13.1943,13.2487,0.0197,0.5338,0.9120,659.1624,9.0935,108.0797,1.6790,113.6034,0.0544,21.0165,14.5000,9000,60000,183,0.8200,700
MR_TANKER-01,MR_TANKER,tanker,2025-01-19 00:00:00,synthetic,12.9032,12.9273,0.0093,0.5325,0.8469,659.2874,8.1567,108.1846,1.9886,109.6521,0.0240,20.0883,14.5000,9000,60000,183,0.8200,700
MR_TANKER-01,MR_TANKER,tanker,2025-01-19 03:00:00,synthetic,12.7244,12.7293,0.0000,0.5322,0.9448,659.4124,9.5496,113.8729,2.1222,99.6753,0.0050,19.6052,14.5000,9000,60000,183,0.8200,700
MR_TANKER-01,MR_TANKER,tanker,2025-01-19 06:00:00,synthetic,12.7506,12.8191,0.0000,0.5319,0.7835,659.5374,10.0785,114.7552,2.6043,107.1068,0.0685,19.4076,14.5000,9000,60000,183,0.8200,700
MR_TANKER-01,MR_TANKER,tanker,2025-01-19 09:00:00,synthetic,12.8988,12.8905,0.0000,0.5322,0.8313,659.6624,12.0924,100.0613,2.9408,116.8729,-0.0083,21.0055,14.5000,9000,60000,183,0.8200,700
MR_TANKER-01,MR_TANKER,tanker,2025-01-19 12:00:00,synthetic,12.9687,12.8975,0.0076,0.5319,0.8187,659.7874,11.3662,104.7156,2.5705,143.4397,-0.0711,20.6252,14.5000,9000,60000,183,0.8200,700
MR_TANKER-01,MR_TANKER,tanker,2025-01-19 15:00:00,synthetic,13.2133,13.3389,0.0000,0.5318,1.0333,659.9124,10.7274,114.4129,2.4904,118.3973,0.1256,20.8851,14.5000,9000,60000,183,0.8200,700
MR_TANKER-01,MR_TANKER,tanker,2025-01-19 18:00:00,synthetic,13.3916,13.4568,0.0000,0.5314,0.9868,660.0374,9.2962,112.8743,2.4919,123.9650,0.0652,21.7196,14.5000,9000,60000,183,0.8200,700
MR_TANKER-01,MR_TANKER,tanker,2025-01-19 21:00:00,synthetic,13.0151,12.9058,0.0071,0.5306,0.9461,660.1624,9.6908,109.4931,1.8266,74.0703,-0.1093,21.4530,14.5000,9000,60000,183,0.8200,700
MR_TANKER-01,MR_TANKER,tanker,2025-01-20 00:00:00,synthetic,13.0442,13.1774,0.0014,0.5307,0.8476,660.2874,9.9064,124.2495,2.1428,98.5034,0.1332,19.2274,14.5000,9000,60000,183,0.8200,700
MR_TANKER-01,MR_TANKER,tanker,2025-01-20 03:00:00,synthetic,13.2646,13.4874,0.0000,0.5315,0.5720,660.4124,9.5978,125.2847,2.1167,121.1072,0.2228,20.8908,14.5000,9000,60000,183,0.8200,700
MR_TANKER-01,MR_TANKER,tanker,2025-01-20 06:00:00,synthetic,13.2055,13.2952,0.0000,0.5304,0.7543,660.5374,8.2786,118.9100,2.0499,150.2455,0.0897,20.9673,14.5000,9000,60000,183,0.8200,700
MR_TANKER-01,MR_TANKER,tanker,2025-01-20 09:00:00,synthetic,13.2731,13.4341,0.0019,0.5300,0.8015,660.6624,6.8069,111.8626,1.6342,96.4242,0.1610,21.0741,14.5000,9000,60000,183,0.8200,700
MR_TANKER-01,MR_TANKER,tanker,2025-01-20 12:00:00,synthetic,13.1133,13.2649,0.0000,0.5298,0.5291,660.7874,7.3198,116.2063,1.5935,85.7372,0.1516,21.4719,14.5000,9000,60000,183,0.8200,700
MR_TANKER-01,MR_TANKER,tanker,2025-01-20 15:00:00,synthetic,13.1072,13.0193,0.0007,0.5307,0.3395,660.9124,3.9612,106.8042,1.2316,126.9650,-0.0879,20.8545,14.5000,9000,60000,183,0.8200,700
MR_TANKER-01,MR_TANKER,tanker,2025-01-20 18:00:00,synthetic,12.8746,12.4920,0.0000,0.5311,0.1797,661.0374,3.3565,124.8020,1.2392,146.6725,-0.3826,19.2862,14.5000,9000,60000,183,0.8200,700
MR_TANKER-01,MR_TANKER,tanker,2025-01-20 21:00:00,synthetic,13.3857,13.2930,0.0044,0.5318,0.1066,661.1624,1.2694,144.8081,1.3364,177.7556,-0.0927,22.7360,14.5000,9000,60000,183,0.8200,700
MR_TANKER-01,MR_TANKER,tanker,2025-01-21 00:00:00,synthetic,13.4660,13.4338,0.0000,0.5322,0.1952,661.2874,0.5651,142.1716,1.3117,161.5187,-0.0322,21.7467,14.5000,9000,60000,183,0.8200,700
MR_TANKER-01,MR_TANKER,tanker,2025-01-21 03:00:00,synthetic,13.5150,13.3344,0.0000,0.5330,0.4492,661.4124,0.4385,159.8931,1.1617,160.0299,-0.1807,22.4599,14.5000,9000,60000,183,0.8200,700
MR_TANKER-01,MR_TANKER,tanker,2025-01-21 06:00:00,synthetic,13.6295,13.4028,0.0000,0.5330,0.2906,661.5374,1.4209,169.4566,1.1448,180.0000,-0.2267,23.2502,14.5000,9000,60000,183,0.8200,700
MR_TANKER-01,MR_TANKER,tanker,2025-01-21 09:00:00,synthetic,13.2555,13.1899,0.0000,0.5326,0.3345,661.6624,1.6486,175.0181,1.1493,180.0000,-0.0656,21.3642,14.5000,9000,60000,183,0.8200,700
MR_TANKER-01,MR_TANKER,tanker,2025-01-21 12:00:00,synthetic,13.1911,12.8678,0.0000,0.5312,0.3104,661.7874,2.8641,178.9983,1.1279,178.6498,-0.3232,21.3873,14.5000,9000,60000,183,0.8200,700
MR_TANKER-01,MR_TANKER,tanker,2025-01-21 15:00:00,synthetic,13.2433,12.8670,0.0024,0.5310,0.1870,661.9124,3.2768,175.7915,1.1487,166.2283,-0.3763,22.7373,14.5000,9000,60000,183,0.8200,700
AFRAMAX-01,AFRAMAX,tanker,2025-01-01 00:00:00,synthetic,13.3843,13.5484,0.9434,0.9802,0.3824,526.0383,4.6975,61.4229,0.6784,34.3141,0.1640,48.2181,14.5000,14000,128000,245,0.8400,900
AFRAMAX-01,AFRAMAX,tanker,2025-01-01 03:00:00,synthetic,13.4250,13.8915,0.9700,0.9799,0.7889,526.1633,4.4620,57.2468,0.7156,48.2753,0.4664,47.1185,14.5000,14000,128000,245,0.8400,900
AFRAMAX-01,AFRAMAX,tanker,2025-01-01 06:00:00,synthetic,13.3217,13.7576,0.9473,0.9779,0.7760,526.2883,4.8216,60.5832,0.7284,115.0479,0.4359,46.2922,14.5000,14000,128000,245,0.8400,900
AFRAMAX-01,AFRAMAX,tanker,2025-01-01 09:00:00,synthetic,12.8779,13.2906,0.9591,0.9766,0.7310,526.4133,2.6471,68.2375,0.6646,25.5305,0.4126,42.5887,14.5000,14000,128000,245,0.8400,900
AFRAMAX-01,AFRAMAX,tanker,2025-01-01 12:00:00,synthetic,12.8926,13.1500,0.9478,0.9758,0.6833,526.5383,0.1825,64.5842,0.6513,43.9294,0.2573,39.9700,14.5000,14000,128000,245,0.8400,900
AFRAMAX-01,AFRAMAX,tanker,2025-01-01 15:00:00,synthetic,13.0981,13.3571,0.9622,0.9765,0.6991,526.6633,2.2583,70.3440,0.6162,114.6443,0.2590,44.5996,14.5000,14000,128000,245,0.8400,900
AFRAMAX-01,AFRAMAX,tanker,2025-01-01 18:00:00,synthetic,12.8017,13.0669,0.9623,0.9778,0.6633,526.7883,3.5435,83.8879,0.6799,80.1391,0.2652,39.9771,14.5000,14000,128000,245,0.8400,900
AFRAMAX-01,AFRAMAX,tanker,2025-01-01 21:00:00,synthetic,12.7391,12.9217,0.9537,0.9785,0.5684,526.9133,5.1957,92.2818,0.8512,66.5508,0.1826,40.9285,14.5000,14000,128000,245,0.8400,900
AFRAMAX-01,AFRAMAX,tanker,2025-01-02 00:00:00,synthetic,12.6909,12.9350,0.9631,0.9755,0.3777,527.0383,5.3655,83.6891,0.9815,107.2571,0.2441,38.6963,14.5000,14000,128000,245,0.8400,900
AFRAMAX-01,AFRAMAX,tanker,2025-01-02 03:00:00,synthetic,12.8609,13.0907,0.9394,0.9744,0.2939,527.1633,5.9914,89.6248,0.8302,128.6070,0.2298,40.8758,14.5000,14000,128000,245,0.8400,900
AFRAMAX-01,AFRAMAX,tanker,2025-01-02 06:00:00,synthetic,12.6434,12.8690,0.9754,0.9737,0.3886,527.2883,4.6684,77.7469,1.0593,80.2494,0.2256,39.9050,14.5000,14000,128000,245,0.8400,900
AFRAMAX-01,AFRAMAX,tanker,2025-01-02 09:00:00,synthetic,12.8288,13.2088,0.9598,0.9738,0.7423,527.4133,6.8380,83.1753,1.0344,86.6621,0.3800,39.6937,14.5000,14000,128000,245,0.8400,900
AFRAMAX-01,AFRAMAX,tanker,2025-01-02 12:00:00,synthetic,12.7751,13.1373,0.9473,0.9737,0.6934,527.5383,6.1658,92.7986,1.0275,84.2635,0.3622,42.0470,14.5000,14000,128000,245,0.8400,900
AFRAMAX-01,AFRAMAX,tanker,2025-01-02 15:00:00,synthetic,12.9062,13.3468,0.9620,0.9729,0.8678,527.6633,7.3569,92.1597,1.0478,87.9733,0.4406,40.1877,14.5000,14000,128000,245,0.8400,900
AFRAMAX-01,AFRAMAX,tanker,2025-01-02 18:00:00,synthetic,12.5079,12.6916,0.9656,0.9733,0.5776,527.7883,5.7393,62.2281,0.9946,57.5132,0.1836,37.7763,14.5000,14000,128000,245,0.8400,900
AFRAMAX-01,AFRAMAX,tanker,2025-01-02 21:00:00,synthetic,12.2900,12.6155,0.9643,0.9732,0.6012,527.9133,8.3711,65.5192,1.5055,63.0792,0.3254,36.6970,14.5000,14000,128000,245,0.8400,900
AFRAMAX-01,AFRAMAX,tanker,2025-01-03 00:00:00,synthetic,12.5545,12.8238,0.9591,0.9736,0.8067,528.0383,7.0321,54.7235,1.1257,62.6201,0.2693,40.0708,14.5000,14000,128000,245,0.8400,900
AFRAMAX-01,AFRAMAX,tanker,2025-01-03 03:00:00,synthetic,12.2436,12.3313,0.9496,0.9745,0.7933,528.1633,6.9849,66.4704,1.2793,60.1722,0.0877,37.2115,14.5000,14000,128000,245,0.8400,900
AFRAMAX-01,AFRAMAX,tanker,2025-01-03 06:00:00,synthetic,12.5265,12.4589,0.9545,0.9734,0.5069,528.2883,5.0672,78.3065,0.9007,82.1817,-0.0676,38.4137,14.5000,14000,128000,245,0.8400,900
AFRAMAX-01,AFRAMAX,tanker,2025-01-03 09:00:00,synthetic,12.3282,12.0745,0.9675,0.9747,0.5470,528.4133,5.9937,89.2483,0.8754,108.6047,-0.2537,38.4020,14.5000,14000,128000,245,0.8400,900
AFRAMAX-01,AFRAMAX,tanker,2025-01-03 12:00:00,synthetic,12.4786,12.3743,0.9626,0.9752,0.6394,528.5383,5.5739,93.7868,1.0366,93.5497,-0.1044,38.2123,14.5000,14000,128000,245,0.8400,900
AFRAMAX-01,AFRAMAX,tanker,2025-01-03 15:00:00,synthetic,12.8599,12.8354,0.9438,0.9745,0.6509,528.6633,9.4501,104.6928,1.8596,106.0249,-0.0245,38.7494,14.5000,14000,128000,245,0.8400,900
AFRAMAX-01,AFRAMAX,tanker,2025-01-03 18:00:00,synthetic,13.1432,13.2667,0.9619,0.9740,0.5522,528.7883,9.5915,103.3030,2.3171,93.2781,0.1234,44.1478,14.5000,14000,128000,245,0.8400,900
AFRAMAX-01,AFRAMAX,tanker,2025-01-03 21:00:00,synthetic,13.1006,13.2600,0.9653,0.9720,0.4627,528.9133,10.7415,110.4469,2.1570,132.4801,0.1594,41.2224,14.5000,14000,128000,245,0.8400,900
AFRAMAX-01,AFRAMAX,tanker,2025-01-04 00:00:00,synthetic,13.0771,13.1940,0.9486,0.9722,0.4434,529.0383,10.3019,111.3793,2.6679,115.8675,0.1169,44.5430,14.5000,14000,128000,245,0.8400,900
AFRAMAX-01,AFRAMAX,tanker,2025-01-04 03:00:00,synthetic,13.3344,13.3236,0.9639,0.9752,0.6542,529.1633,10.1033,118.1567,2.0255,96.8253,-0.0108,47.3312,14.5000,14000,128000,245,0.8400,900
AFRAMAX-01,AFRAMAX,tanker,2025-01-04 06:00:00,synthetic,12.7459,12.4880,0.9777,0.9736,0.6415,529.2883,10.2538,116.1999,2.1954,108.2422,-0.2579,37.4030,14.5000,14000,128000,245,0.8400,900
AFRAMAX-01,AFRAMAX,tanker,2025-01-04 09:00:00,synthetic,12.7109,12.5085,0.9514,0.9751,0.7524,529.4133,8.9277,100.0622,1.6728,71.1849,-0.2025,40.1449,14.5000,14000,128000,245,0.8400,900
AFRAMAX-01,AFRAMAX,tanker,2025-01-04 12:00:00,synthetic,12.6935,12.3024,0.9588,0.9768,0.5913,529.5383,6.3426,88.1892,1.0752,105.3348,-0.3911,41.8013,14.5000,14000,128000,245,0.8400,900
AFRAMAX-01,AFRAMAX,tanker,2025-01-04 15:00:00,synthetic,12.9096,12.4841,0.9614,0.9782,0.6532,529.6633,8.5628,84.3406,1.4913,121.1690,-0.4255,42.1918,14.5000,14000,128000,245,0.8400,900
AFRAMAX-01,AFRAMAX,tanker,2025-01-04 18:00:00,synthetic,13.0192,12.5156,0.9432,0.9794,0.6268,529.7883,7.6419,68.7794,1.3861,127.8603,-0.5036,44.3828,14.5000,14000,128000,245,0.8400,900
AFRAMAX-01,AFRAMAX,tanker,2025-01-04 21:00:00,synthetic,12.9512,12.4926,0.9526,0.9795,0.7783,529.9133,9.2312,66.9346,2.0119,59.5403,-0.4585,45.7770,14.5000,14000,128000,245,0.8400,900
AFRAMAX-01,AFRAMAX,tanker,2025-01-05 00:00:00,synthetic,13.2201,12.7955,0.9748,0.9808,0.6396,530.0383,10.3405,72.0035,1.7629,81.0282,-0.4247,45.8114,14.5000,14000,128000,245,0.8400,900
AFRAMAX-01,AFRAMAX,tanker,2025-01-05 03:00:00,synthetic,13.1570,12.9329,0.9576,0.9790,0.6983,530.1633,7.6337,71.3447,1.2255,58.1675,-0.2241,45.2391,14.5000,14000,128000,245,0.8400,900
AFRAMAX-01,AFRAMAX,tanker,2025-01-05 06:00:00,synthetic,13.1768,12.7940,0.9599,0.9772,0.8194,530.2883,4.6698,72.2205,0.7540,98.2697,-0.3828,44.3864,14.5000,14000,128000,245,0.8400,900
AFRAMAX-01,AFRAMAX,tanker,2025-01-05 09:00:00,synthetic,13.1594,12.8951,0.9411,0.9762,0.7422,530.4133,8.0592,81.1702,1.0381,86.8921,-0.2642,43.2798,14.5000,14000,128000,245,0.8400,900
AFRAMAX-01,AFRAMAX,tanker,2025-01-05 12:00:00,synthetic,13.0099,12.7398,0.9513,0.9759,0.9326,530.5383,5.7057,69.6108,0.7522,103.7924,-0.2701,41.7558,14.5000,14000,128000,245,0.8400,900
AFRAMAX-01,AFRAMAX,tanker,2025-01-05 15:00:00,synthetic,13.1491,12.6830,0.9547,0.9753,0.9384,530.6633,6.8966,59.0153,1.0658,38.3436,-0.4661,45.4725,14.5000,14000,128000,245,0.8400,900
AFRAMAX-01,AFRAMAX,tanker,2025-01-05 18:00:00,synthetic,12.9167,12.3744,0.9801,0.9756,1.1646,530.7883,6.8416,47.2891,1.2019,24.6595,-0.5422,42.1784,14.5000,14000,128000,245,0.8400,900
AFRAMAX-01,AFRAMAX,tanker,2025-01-05 21:00:00,synthetic,12.8198,12.4345,0.9799,0.9767,1.0110,530.9133,4.5930,40.2362,0.9115,57.5118,-0.3853,43.0426,14.5000,14000,128000,245,0.8400,900
AFRAMAX-01,AFRAMAX,tanker,2025-01-06 00:00:00,synthetic,12.7921,12.3697,0.9489,0.9762,0.7300,531.0383,5.8378,37.0088,0.7643,18.9976,-0.4224,41.1991,14.5000,14000,128000,245,0.8400,900
AFRAMAX-01,AFRAMAX,tanker,2025-01-06 03:00:00,synthetic,12.6689,12.1225,0.9684,0.9770,0.8011,531.1633,6.0969,40.2578,1.1397,51.6840,-0.5463,42.4270,14.5000,14000,128000,245,0.8400,900
AFRAMAX-01,AFRAMAX,tanker,2025-01-06 06:00:00,synthetic,13.0310,12.3038,0.9624,0.9776,0.6851,531.2883,6.1548,26.6329,0.9701,0.0000,-0.7271,45.4389,14.5000,14000,128000,245,0.8400,900
AFRAMAX-01,AFRAMAX,tanker,2025-01-06 09:00:00,synthetic,13.0132,12.4393,0.9488,0.9751,0.8124,531.4133,6.4935,35.0264,1.0597,72.4259,-0.5739,44.5126,14.5000,14000,128000,245,0.8400,900
AFRAMAX-01,AFRAMAX,tanker,2025-01-06 12:00:00,synthetic,13.2279,12.7903,0.9474,0.9752,0.8508,531.5383,5.3405,30.4530,0.8392,0.0000,-0.4375,47.6659,14.5000,14000,128000,245,0.8400,900
AFRAMAX-01,AFRAMAX,tanker,2025-01-06 15:00:00,synthetic,13.1809,12.5369,0.9658,0.9755,0.8277,531.6633,4.6918,30.6967,0.9412,29.3662,-0.6440,45.1007,14.5000,14000,128000,245,0.8400,900
AFRAMAX-01,AFRAMAX,tanker,2025-01-06 18:00:00,synthetic,13.1795,12.5616,0.9527,0.9729,0.8562,531.7883,5.7222,36.3653,0.9264,43.2543,-0.6179,47.0677,14.5000,14000,128000,245,0.8400,900
AFRAMAX-01,AFRAMAX,tanker,2025-01-06 21:00:00,synthetic,12.9216,12.0833,0.9644,0.9716,0.6630,531.9133,5.6625,29.3652,1.0129,57.8575,-0.8383,41.9321,14.5000,14000,128000,245,0.8400,900
AFRAMAX-01,AFRAMAX,tanker,2025-01-07 00:00:00,synthetic,13.1644,12.4449,0.9699,0.9707,0.6626,532.0383,6.8663,37.3583,1.1200,42.6744,-0.7195,42.5135,14.5000,14000,128000,245,0.8400,900
AFRAMAX-01,AFRAMAX,tanker,2025-01-07 03:00:00,synthetic,12.9338,12.4234,0.9391,0.9708,0.6210,532.1633,5.7903,43.2901,1.1063,49.1803,-0.5104,42.6616,14.5000,14000,128000,245,0.8400,900
AFRAMAX-01,AFRAMAX,tanker,2025-01-07 06:00:00,synthetic,12.7864,12.2981,0.9626,0.9690,0.6421,532.2883,5.3803,46.7900,1.0339,56.1855,-0.4883,40.6150,14.5000,14000,128000,245,0.8400,900
AFRAMAX-01,AFRAMAX,tanker,2025-01-07 09:00:00,synthetic,13.0023,12.7597,0.9616,0.9679,0.6936,532.4133,7.9435,52.5286,1.4934,57.1035,-0.2426,44.1239,14.5000,14000,128000,245,0.8400,900
AFRAMAX-01,AFRAMAX,tanker,2025-01-07 12:00:00,synthetic,13.1853,13.0355,0.9538,0.9676,0.5514,532.5383,9.5691,41.4359,1.8825,40.8846,-0.1498,46.3643,14.5000,14000,128000,245,0.8400,900
AFRAMAX-01,AFRAMAX,tanker,2025-01-07 15:00:00,synthetic,13.2498,13.1514,0.9597,0.9661,0.5833,532.6633,5.1742,38.1542,1.1425,39.3399,-0.0984,46.3926,14.5000,14000,128000,245,0.8400,900
AFRAMAX-01,AFRAMAX,tanker,2025-01-07 18:00:00,synthetic,12.8932,12.7596,0.9699,0.9671,0.7234,532.7883,6.6668,36.9477,1.4255,23.4672,-0.1336,43.6906,14.5000,14000,128000,245,0.8400,900
AFRAMAX-01,AFRAMAX,tanker,2025-01-07 21:00:00,synthetic,12.8732,12.7141,0.9546,0.9686,0.7660,532.9133,7.8211,11.9816,1.8202,40.6979,-0.1590,45.7550,14.5000,14000,128000,245,0.8400,900
AFRAMAX-01,AFRAMAX,tanker,2025-01-08 09:00:00,synthetic,11.1057,10.4990,0.0063,0.5269,0.7544,533.4133,8.6863,33.5176,1.9622,25.7724,-0.6068,24.5411,14.5000,14000,128000,245,0.8400,900
AFRAMAX-01,AFRAMAX,tanker,2025-01-08 12:00:00,synthetic,10.9712,10.3514,0.0000,0.5249,0.7090,533.5383,7.1240,34.1648,1.6538,51.7502,-0.6198,23.9234,14.5000,14000,128000,245,0.8400,900
AFRAMAX-01,AFRAMAX,tanker,2025-01-08 15:00:00,synthetic,11.1325,10.4363,0.0000,0.5245,0.7417,533.6633,7.2582,41.4322,1.8725,25.6927,-0.6961,25.3768,14.5000,14000,128000,245,0.8400,900
AFRAMAX-01,AFRAMAX,tanker,2025-01-08 18:00:00,synthetic,11.0807,10.3948,0.0143,0.5240,0.7993,533.7883,7.2283,40.9948,1.5488,23.4189,-0.6859,23.0935,14.5000,14000,128000,245,0.8400,900
AFRAMAX-01,AFRAMAX,tanker,2025-01-08 21:00:00,synthetic,10.9205,10.4164,0.0000,0.5239,0.7733,533.9133,6.4877,49.6982,1.4456,26.1372,-0.5042,21.0730,14.5000,14000,128000,245,0.8400,900
AFRAMAX-01,AFRAMAX,tanker,2025-01-09 00:00:00,synthetic,10.9667,10.6395,0.0020,0.5228,0.9430,534.0383,5.1672,51.4480,1.2871,33.8930,-0.3272,22.4419,14.5000,14000,128000,245,0.8400,900
AFRAMAX-01,AFRAMAX,tanker,2025-01-09 03:00:00,synthetic,10.8710,10.6691,0.0128,0.5233,0.9226,534.1633,3.7170,40.3965,1.1824,46.4476,-0.2020,21.3147,14.5000,14000,128000,245,0.8400,900
AFRAMAX-01,AFRAMAX,tanker,2025-01-09 06:00:00,synthetic,10.7135,10.3901,0.0000,0.5233,0.7615,534.2883,4.5139,41.9534,1.2059,0.0000,-0.3234,22.2180,14.5000,14000,128000,245,0.8400,900
AFRAMAX-01,AFRAMAX,tanker,2025-01-09 09:00:00,synthetic,11.1065,11.0808,0.0099,0.5233,0.9385,534.4133,4.7821,40.3350,1.2599,0.0000,-0.0257,22.0274,14.5000,14000,128000,245,0.8400,900
AFRAMAX-01,AFRAMAX,tanker,2025-01-09 12:00:00,synthetic,11.5674,11.4060,0.0000,0.5225,0.7993,534.5383,4.1537,38.2734,1.3354,24.8035,-0.1614,25.7917,14.5000,14000,128000,245,0.8400,900
AFRAMAX-01,AFRAMAX,tanker,2025-01-09 15:00:00,synthetic,11.4976,11.4021,0.0000,0.5220,0.9032,534.6633,3.8085,41.1695,1.2898,48.1505,-0.0954,24.7309,14.5000,14000,128000,245,0.8400,900
AFRAMAX-01,AFRAMAX,tanker,2025-01-09 18:00:00,synthetic,11.4455,11.4558,0.0000,0.5225,0.8600,534.7883,3.8834,51.4112,1.2614,61.3177,0.0103,24.0219,14.5000,14000,128000,245,0.8400,900
AFRAMAX-01,AFRAMAX,tanker,2025-01-09 21:00:00,synthetic,11.5663,11.3184,0.0000,0.5214,0.8617,534.9133,4.4530,57.5423,1.2945,82.5040,-0.2479,24.2462,14.5000,14000,128000,245,0.8400,900
AFRAMAX-01,AFRAMAX,tanker,2025-01-10 00:00:00,synthetic,11.5713,11.4204,0.0000,0.5225,0.6788,535.0383,5.9536,61.4631,1.5032,4.1995,-0.1509,25.5750,14.5000,14000,128000,245,0.8400,900
AFRAMAX-01,AFRAMAX,tanker,2025-01-10 03:00:00,synthetic,11.1338,10.8869,0.0000,0.5225,0.6567,535.1633,5.9793,68.6657,1.6660,58.5601,-0.2469,22.6605,14.5000,14000,128000,245,0.8400,900
AFRAMAX-01,AFRAMAX,tanker,2025-01-10 06:00:00,synthetic,11.4538,11.2027,0.0032,0.5222,0.5968,535.2883,7.1209,73.8283,1.3921,26.9184,-0.2511,23.5501,14.5000,14000,128000,245,0.8400,900
AFRAMAX-01,AFRAMAX,tanker,2025-01-10 09:00:00,synthetic,11.1910,10.5393,0.0000,0.5228,0.7459,535.4133,5.8694,70.0825,1.3348,76.1667,-0.6517,22.8326,14.5000,14000,128000,245,0.8400,900
AFRAMAX-01,AFRAMAX,tanker,2025-01-10 12:00:00,synthetic,11.1372,10.5864,0.0000,0.5237,0.8656,535.5383,7.9284,55.4298,1.6032,76.4979,-0.5509,23.0085,14.5000,14000,128000,245,0.8400,900
AFRAMAX-01,AFRAMAX,tanker,2025-01-10 15:00:00,synthetic,11.3950,10.7575,0.0000,0.5253,0.7276,535.6633,6.9758,53.5126,1.4292,33.4678,-0.6374,23.8835,14.5000,14000,128000,245,0.8400,900
AFRAMAX-01,AFRAMAX,tanker,2025-01-10 18:00:00,synthetic,11.7870,10.8866,0.0091,0.5242,0.5557,535.7883,8.2984,65.6084,1.4048,96.3410,-0.9004,24.9556,14.5000,14000,128000,245,0.8400,900
AFRAMAX-01,AFRAMAX,tanker,2025-01-10 21:00:00,synthetic,11.5993,10.8958,0.0000,0.5249,0.3813,535.9133,9.5586,48.9409,2.1586,78.6649,-0.7035,25.8891,14.5000,14000,128000,245,0.8400,900
AFRAMAX-01,AFRAMAX,tanker,2025-01-11 00:00:00,synthetic,11.4572,10.7925,0.0078,0.5250,0.4485,536.0383,9.3432,55.9481,2.1988,124.2964,-0.6647,25.9897,14.5000,14000,128000,245,0.8400,900
AFRAMAX-01,AFRAMAX,tanker,2025-01-11 03:00:00,synthetic,11.4903,10.6187,0.0000,0.5267,0.3477,536.1633,9.5066,61.6067,2.4640,0.0000,-0.8716,27.7853,14.5000,14000,128000,245,0.8400,900
AFRAMAX-01,AFRAMAX,tanker,2025-01-11 06:00:00,synthetic,11.1423,10.4051,0.0000,0.5264,0.2820,536.2883,9.3025,54.4959,2.5018,59.6113,-0.7373,24.7798,14.5000,14000,128000,245,0.8400,900
AFRAMAX-01,AFRAMAX,tanker,2025-01-11 09:00:00,synthetic,10.9195,10.4091,0.0119,0.5267,0.2499,536.4133,10.8974,57.6205,3.2308,45.3507,-0.5103,24.6517,14.5000,14000,128000,245,0.8400,900
AFRAMAX-01,AFRAMAX,tanker,2025-01-11 12:00:00,synthetic,11.1135,10.6466,0.0109,0.5260,0.4285,536.5383,10.7849,65.1520,3.0637,56.9417,-0.4668,24.2028,14.5000,14000,128000,245,0.8400,900
AFRAMAX-01,AFRAMAX,tanker,2025-01-11 15:00:00,synthetic,11.3934,10.8518,0.0000,0.5255,0.5601,536.6633,13.1145,65.2005,3.0053,90.3287,-0.5416,24.1289,14.5000,14000,128000,245,0.8400,900
AFRAMAX-01,AFRAMAX,tanker,2025-01-11 18:00:00,synthetic,11.2973,10.7861,0.0084,0.5262,1.0848,536.7883,9.8003,61.6161,2.8998,82.9277,-0.5112,24.8551,14.5000,14000,128000,245,0.8400,900
AFRAMAX-01,AFRAMAX,tanker,2025-01-11 21:00:00,synthetic,11.3788,10.8516,0.0000,0.5271,1.0113,536.9133,9.7013,69.4129,2.5039,31.0416,-0.5272,25.7886,14.5000,14000,128000,245,0.8400,900
AFRAMAX-01,AFRAMAX,tanker,2025-01-12 00:00:00,synthetic,11.0912,10.4518,0.0034,0.5262,0.7665,537.0383,12.5380,65.2415,2.8507,66.2827,-0.6394,23.6544,14.5000,14000,128000,245,0.8400,900
AFRAMAX-01,AFRAMAX,tanker,2025-01-12 03:00:00,synthetic,10.9910,10.5560,0.0000,0.5250,0.8589,537.1633,11.2920,65.9849,2.8481,31.5434,-0.4350,24.5059,14.5000,14000,128000,245,0.8400,900
AFRAMAX-01,AFRAMAX,tanker,2025-01-12 06:00:00,synthetic,11.1400,10.9964,0.0111,0.5246,0.8464,537.2883,12.4242,65.7190,3.2486,97.0962,-0.1436,22.1447,14.5000,14000,128000,245,0.8400,900
AFRAMAX-01,AFRAMAX,tanker,2025-01-12 09:00:00,synthetic,11.1323,11.0116,0.0000,0.5251,0.8810,537.4133,11.4676,68.3863,2.6675,76.3075,-0.1206,23.6520,14.5000,14000,128000,245,0.8400,900
AFRAMAX-01,AFRAMAX,tanker,2025-01-12 21:00:00,synthetic,13.8176,14.0537,0.9537,0.9652,0.7723,537.9133,6.3582,71.8807,1.4370,120.5701,0.2362,52.0520,14.5000,14000,128000,245,0.8400,900
AFRAMAX-01,AFRAMAX,tanker,2025-01-13 00:00:00,synthetic,13.9367,14.2402,0.9523,0.9659,0.8391,538.0383,8.0888,74.8287,1.5602,44.3717,0.3036,53.3476,14.5000,14000,128000,245,0.8400,900
AFRAMAX-01,AFRAMAX,tanker,2025-01-13 03:00:00,synthetic,13.6284,13.7224,0.9692,0.9666,0.9992,538.1633,7.9228,81.5305,1.6281,75.1424,0.0940,48.4758,14.5000,14000,128000,245,0.8400,900
AFRAMAX-01,AFRAMAX,tanker,2025-01-13 06:00:00,synthetic,14.0473,14.2739,0.9663,0.9683,1.0781,538.2883,7.3831,82.1450,1.6449,83.2347,0.2266,53.7990,14.5000,14000,128000,245,0.8400,900
AFRAMAX-01,AFRAMAX,tanker,2025-01-13 09:00:00,synthetic,14.1125,14.1960,0.9403,0.9692,0.8460,538.4133,8.6677,78.6837,1.8186,67.8322,0.0835,58.1968,14.5000,14000,128000,245,0.8400,900
AFRAMAX-01,AFRAMAX,tanker,2025-01-13 12:00:00,synthetic,13.9112,14.0145,0.9602,0.9702,0.9325,538.5383,7.6578,84.6494,1.3799,52.3736,0.1034,53.2284,14.5000,14000,128000,245,0.8400,900
AFRAMAX-01,AFRAMAX,tanker,2025-01-13 15:00:00,synthetic,13.7773,13.7847,0.9456,0.9695,0.9103,538.6633,6.0540,95.3836,1.3501,89.0989,0.0075,50.1647,14.5000,14000,128000,245,0.8400,900
AFRAMAX-01,AFRAMAX,tanker,2025-01-13 18:00:00,synthetic,13.4711,13.5683,0.9361,0.9725,0.9955,538.7883,7.7507,84.8578,1.6037,116.3670,0.0972,45.3335,14.5000,14000,128000,245,0.8400,900
AFRAMAX-01,AFRAMAX,tanker,2025-01-13 21:00:00,synthetic,13.4187,13.5116,0.9681,0.9735,0.8185,538.9133,8.2443,93.4833,1.4873,106.0196,0.0929,45.8849,14.5000,14000,128000,245,0.8400,900
AFRAMAX-01,AFRAMAX,tanker,2025-01-14 00:00:00,synthetic,13.3412,13.4029,0.9674,0.9732,0.8900,539.0383,9.1011,91.2264,1.5270,97.3861,0.0616,46.5109,14.5000,14000,128000,245,0.8400,900
AFRAMAX-01,AFRAMAX,tanker,2025-01-14 03:00:00,synthetic,13.6842,13.7623,0.9472,0.9741,0.7457,539.1633,7.3189,92.8430,1.1561,86.4333,0.0781,51.0688,14.5000,14000,128000,245,0.8400,900
AFRAMAX-01,AFRAMAX,tanker,2025-01-14 06:00:00,synthetic,13.5971,13.7116,0.9592,0.9759,0.7013,539.2883,5.2902,87.7380,1.0290,75.2474,0.1145,49.7972,14.5000,14000,128000,245,0.8400,900
AFRAMAX-01,AFRAMAX,tanker,2025-01-14 09:00:00,synthetic,13.8023,13.8270,0.9562,0.9748,1.0602,539.4133,4.3480,96.2086,0.9825,119.1357,0.0247,49.7663,14.5000,14000,128000,245,0.8400,900
AFRAMAX-01,AFRAMAX,tanker,2025-01-14 12:00:00,synthetic,13.8610,13.7472,0.9627,0.9756,0.7859,539.5383,4.6243,88.5191,0.9853,71.7729,-0.1138,74.4518,14.5000,14000,128000,245,0.8400,900
AFRAMAX-01,AFRAMAX,tanker,2025-01-14 15:00:00,synthetic,14.0357,13.9250,0.9511,0.9754,0.9174,539.6633,4.4976,87.1802,0.8376,103.7935,-0.1107,51.9566,14.5000,14000,128000,245,0.8400,900
AFRAMAX-01,AFRAMAX,tanker,2025-01-14 18:00:00,synthetic,14.2481,14.2746,0.9409,0.9767,1.0316,539.7883,4.8705,85.0729,1.0139,113.0388,0.0265,57.6996,14.5000,14000,128000,245,0.8400,900
AFRAMAX-01,AFRAMAX,tanker,2025-01-14 21:00:00,synthetic,13.6061,13.4185,0.9453,0.9751,0.9341,539.9133,3.7763,83.7253,0.7018,41.3826,-0.1876,49.7894,14.5000,14000,128000,245,0.8400,900
AFRAMAX-01,AFRAMAX,tanker,2025-01-15 00:00:00,synthetic,13.7452,13.6824,0.9369,0.9750,0.7859,540.0383,4.2676,76.8429,0.6761,89.5934,-0.0629,48.5677,14.5000,14000,128000,245,0.8400,900
AFRAMAX-01,AFRAMAX,tanker,2025-01-15 03:00:00,synthetic,13.4247,13.3249,0.9535,0.9742,0.9481,540.1633,4.6026,79.2375,0.7271,79.8413,-0.0998,48.3469,14.5000,14000,128000,245,0.8400,900
AFRAMAX-01,AFRAMAX,tanker,2025-01-15 06:00:00,synthetic,13.5524,13.3899,0.9507,0.9760,0.9836,540.2883,4.3692,79.9446,0.6699,85.0307,-0.1625,46.6911,14.5000,14000,128000,245,0.8400,900
AFRAMAX-01,AFRAMAX,tanker,2025-01-15 09:00:00,synthetic,13.4411,13.1494,0.9583,0.9759,1.2961,540.4133,5.7550,76.3819,0.7858,130.6809,-0.2917,46.0587,14.5000,14000,128000,245,0.8400,900
AFRAMAX-01,AFRAMAX,tanker,2025-01-15 12:00:00,synthetic,13.5754,13.4001,0.9754,0.9764,1.3162,540.5383,4.4342,65.0476,0.8735,76.2388,-0.1753,49.4235,14.5000,14000,128000,245,0.8400,900
AFRAMAX-01,AFRAMAX,tanker,2025-01-15 15:00:00,synthetic,14.0014,13.5512,0.9421,0.9754,0.9883,540.6633,5.1612,55.4217,1.0064,40.6645,-0.4502,54.6313,14.5000,14000,128000,245,0.8400,900
AFRAMAX-01,AFRAMAX,tanker,2025-01-15 18:00:00,synthetic,13.8547,13.3859,0.9410,0.9747,1.1018,540.7883,7.2594,61.3970,1.1793,51.1477,-0.4689,50.2990,14.5000,14000,128000,245,0.8400,900
AFRAMAX-01,AFRAMAX,tanker,2025-01-15 21:00:00,synthetic,14.1046,13.5230,0.9604,0.9748,1.1170,540.9133,5.8260,65.5045,1.0341,59.6649,-0.5816,55.1308,14.5000,14000,128000,245,0.8400,900
AFRAMAX-01,AFRAMAX,tanker,2025-01-16 00:00:00,synthetic,14.4766,13.9458,0.9482,0.9741,0.9508,541.0383,5.5120,62.6617,0.8526,67.9754,-0.5308,60.9803,14.5000,14000,128000,245,0.8400,900
AFRAMAX-01,AFRAMAX,tanker,2025-01-16 03:00:00,synthetic,14.6164,14.1751,0.9602,0.9720,0.7860,541.1633,6.1855,57.8433,0.7191,28.7248,-0.4414,62.3904,14.5000,14000,128000,245,0.8400,900
AFRAMAX-01,AFRAMAX,tanker,2025-01-16 06:00:00,synthetic,14.0762,13.6002,0.9658,0.9722,0.7613,541.2883,4.8666,57.1146,0.7280,33.5993,-0.4760,55.4851,14.5000,14000,128000,245,0.8400,900
AFRAMAX-01,AFRAMAX,tanker,2025-01-16 09:00:00,synthetic,14.3036,13.7416,0.9598,0.9721,0.8749,541.4133,5.7632,59.6993,0.7670,61.3361,-0.5620,58.3724,14.5000,14000,128000,245,0.8400,900
AFRAMAX-01,AFRAMAX,tanker,2025-01-16 12:00:00,synthetic,14.0430,13.6288,0.9602,0.9725,0.5509,541.5383,6.2200,59.8767,0.8521,74.1665,-0.4142,53.2338,14.5000,14000,128000,245,0.8400,900
AFRAMAX-01,AFRAMAX,tanker,2025-01-16 15:00:00,synthetic,14.1244,13.7458,0.9509,0.9720,0.5309,541.6633,8.1886,64.5314,1.3052,39.0438,-0.3786,56.5084,14.5000,14000,128000,245,0.8400,900
AFRAMAX-01,AFRAMAX,tanker,2025-01-16 18:00:00,synthetic,13.9259,13.6295,0.9456,0.9702,0.4765,541.7883,6.5338,70.1718,1.4491,35.6551,-0.2964,52.8451,14.5000,14000,128000,245,0.8400,900
AFRAMAX-01,AFRAMAX,tanker,2025-01-16 21:00:00,synthetic,13.5525,13.0877,0.9551,0.9725,0.4327,541.9133,7.9822,60.1017,1.6670,34.9465,-0.4647,49.4172,14.5000,14000,128000,245,0.8400,900
AFRAMAX-01,AFRAMAX,tanker,2025-01-17 00:00:00,synthetic,13.4873,12.8948,0.9490,0.9732,0.3505,542.0383,9.5576,57.3912,1.4637,17.1388,-0.5925,50.3746,14.5000,14000,128000,245,0.8400,900
AFRAMAX-01,AFRAMAX,tanker,2025-01-17 03:00:00,synthetic,13.8676,13.2562,0.9593,0.9741,0.2622,542.1633,7.9617,66.9371,1.4022,65.9084,-0.6113,53.9033,14.5000,14000,128000,245,0.8400,900
AFRAMAX-01,AFRAMAX,tanker,2025-01-17 06:00:00,synthetic,13.6653,13.3376,0.9506,0.9739,0.1067,542.2883,7.4976,54.8056,1.6735,44.6670,-0.3277,51.7474,14.5000,14000,128000,245,0.8400,900
AFRAMAX-01,AFRAMAX,tanker,2025-01-17 09:00:00,synthetic,13.8721,13.7651,0.9593,0.9738,0.1562,542.4133,7.2821,65.9018,1.4526,48.7307,-0.1069,54.4441,14.5000,14000,128000,245,0.8400,900
AFRAMAX-01,AFRAMAX,tanker,2025-01-17 12:00:00,synthetic,14.0419,14.0824,0.9689,0.9753,0.3701,542.5383,8.0718,68.7785,1.9065,53.3172,0.0405,57.2034,14.5000,14000,128000,245,0.8400,900
AFRAMAX-01,AFRAMAX,tanker,2025-01-17 15:00:00,synthetic,13.6630,13.9402,0.9508,0.9755,0.2240,542.6633,9.3745,68.3064,1.8006,60.0081,0.2773,54.6658,14.5000,14000,128000,245,0.8400,900
AFRAMAX-01,AFRAMAX,tanker,2025-01-17 18:00:00,synthetic,13.5858,13.8337,0.9431,0.9749,0.1286,542.7883,9.7687,68.1982,2.0545,78.4390,0.2479,51.7753,14.5000,14000,128000,245,0.8400,900
AFRAMAX-01,AFRAMAX,tanker,2025-01-17 21:00:00,synthetic,13.2547,13.3192,0.9673,0.9728,0.2496,542.9133,9.1469,62.4115,1.6010,59.4343,0.0646,46.4761,14.5000,14000,128000,245,0.8400,900
AFRAMAX-01,AFRAMAX,tanker,2025-01-18 00:00:00,synthetic,13.3638,13.3537,0.9602,0.9743,0.1507,543.0383,7.7984,64.8887,1.7083,40.9289,-0.0101,47.4853,14.5000,14000,128000,245,0.8400,900
AFRAMAX-01,AFRAMAX,tanker,2025-01-18 03:00:00,synthetic,13.2029,13.1794,0.9461,0.9752,0.1013,543.1633,7.4577,81.6693,1.6163,75.4944,-0.0235,44.9964,14.5000,14000,128000,245,0.8400,900
AFRAMAX-01,AFRAMAX,tanker,2025-01-18 06:00:00,synthetic,13.2937,13.3420,0.9598,0.9738,0.1264,543.2883,8.0211,72.0280,1.5736,95.4992,0.0483,46.2901,14.5000,14000,128000,245,0.8400,900
AFRAMAX-01,AFRAMAX,tanker,2025-01-18 09:00:00,synthetic,13.4531,13.6509,0.9577,0.9735,-0.1344,543.4133,6.3973,72.5079,1.5962,74.4423,0.1978,46.5907,14.5000,14000,128000,245,0.8400,900
AFRAMAX-01,AFRAMAX,tanker,2025-01-18 12:00:00,synthetic,13.8241,14.0990,0.9619,0.9725,0.0386,543.5383,7.7857,82.0585,1.5053,27.7218,0.2748,52.0285,14.5000,14000,128000,245,0.8400,900
AFRAMAX-01,AFRAMAX,tanker,2025-01-18 15:00:00,synthetic,13.5096,13.7295,0.9434,0.9706,0.1094,543.6633,7.6604,72.4282,1.4928,79.2578,0.2199,48.1861,14.5000,14000,128000,245,0.8400,900
AFRAMAX-01,AFRAMAX,tanker,2025-01-18 18:00:00,synthetic,13.7532,13.9371,0.9595,0.9687,0.1754,543.7883,4.8178,94.5995,0.9147,80.1053,0.1839,49.1951,14.5000,14000,128000,245,0.8400,900
AFRAMAX-01,AFRAMAX,tanker,2025-01-18 21:00:00,synthetic,14.0615,14.4781,0.9645,0.9677,0.4639,543.9133,5.6781,98.4550,0.7653,105.8073,0.4166,53.9380,14.5000,14000,128000,245,0.8400,900
AFRAMAX-01,AFRAMAX,tanker,2025-01-19 00:00:00,synthetic,14.3526,14.8121,0.9515,0.9645,0.4675,544.0383,5.4241,102.0110,0.8215,99.6857,0.4596,55.0228,14.5000,14000,128000,245,0.8400,900
AFRAMAX-01,AFRAMAX,tanker,2025-01-19 03:00:00,synthetic,14.3064,14.7676,0.9677,0.9627,0.5046,544.1633,6.2621,99.9240,0.8270,128.1460,0.4612,55.2646,14.5000,14000,128000,245,0.8400,900
AFRAMAX-01,AFRAMAX,tanker,2025-01-19 06:00:00,synthetic,14.5895,15.0012,0.9408,0.9646,0.5226,544.2883,5.4348,98.7153,0.7020,63.3015,0.4118,57.8221,14.5000,14000,128000,245,0.8400,900
AFRAMAX-01,AFRAMAX,tanker,2025-01-20 00:00:00,synthetic,12.7057,12.8750,0.0084,0.5250,0.5377,545.0383,8.5418,122.8370,1.3135,145.4630,0.1694,28.1241,14.5000,14000,128000,245,0.8400,900
AFRAMAX-01,AFRAMAX,tanker,2025-01-20 03:00:00,synthetic,12.7591,12.9387,0.0151,0.5235,0.6233,545.1633,8.5987,121.6450,1.2228,114.3209,0.1797,29.9946,14.5000,14000,128000,245,0.8400,900
AFRAMAX-01,AFRAMAX,tanker,2025-01-20 06:00:00,synthetic,12.8927,13.0667,0.0199,0.5239,0.5754,545.2883,6.6311,120.3680,1.0440,137.1005,0.1741,28.7993,14.5000,14000,128000,245,0.8400,900
AFRAMAX-01,AFRAMAX,tanker,2025-01-20 09:00:00,synthetic,12.6479,12.5529,0.0000,0.5248,0.4129,545.4133,5.9169,106.7909,0.8756,78.5175,-0.0950,28.3775,14.5000,14000,128000,245,0.8400,900
AFRAMAX-01,AFRAMAX,tanker,2025-01-20 12:00:00,synthetic,12.6244,12.6833,0.0000,0.5253,0.2780,545.5383,5.1652,99.5346,0.9031,88.8812,0.0589,28.3845,14.5000,14000,128000,245,0.8400,900
AFRAMAX-01,AFRAMAX,tanker,2025-01-20 15:00:00,synthetic,12.4102,12.3352,0.0133,0.5252,0.3410,545.6633,4.9919,110.6500,0.6763,98.6490,-0.0750,27.4191,14.5000,14000,128000,245,0.8400,900
AFRAMAX-01,AFRAMAX,tanker,2025-01-20 18:00:00,synthetic,12.3306,12.4876,0.0000,0.5250,0.5604,545.7883,5.6876,99.4284,0.8518,95.0081,0.1570,27.5584,14.5000,14000,128000,245,0.8400,900
AFRAMAX-01,AFRAMAX,tanker,2025-01-20 21:00:00,synthetic,12.6447,12.7181,0.0135,0.5248,0.6561,545.9133,6.8356,82.2190,0.8763,73.9377,0.0734,31.4485,14.5000,14000,128000,245,0.8400,900
AFRAMAX-01,AFRAMAX,tanker,2025-01-21 00:00:00,synthetic,13.1121,13.2743,0.0032,0.5245,0.7040,546.0383,8.2780,95.2794,1.2199,110.8670,0.1622,30.6766,14.5000,14000,128000,245,0.8400,900
ROPAX-01,ROPAX,pax,2025-01-01 00:00:00,synthetic,13.6335,13.3392,0.8941,0.9753,-0.3499,103.4088,7.9647,147.2538,1.4685,144.4681,-0.2943,29.9868,20.0000,20000,16000,186,0.6000,1500
ROPAX-01,ROPAX,pax,2025-01-01 03:00:00,synthetic,13.6720,13.4884,0.8812,0.9715,-0.2561,103.5338,7.7257,142.2349,1.8886,137.3388,-0.1836,30.3478,20.0000,20000,16000,186,0.6000,1500
ROPAX-01,ROPAX,pax,2025-01-01 06:00:00,synthetic,13.6604,13.6819,0.8858,0.9735,-0.2723,103.6588,8.9829,151.3670,2.1425,132.7704,0.0215,28.7315,20.0000,20000,16000,186,0.6000,1500
ROPAX-01,ROPAX,pax,2025-01-01 09:00:00,synthetic,13.4937,13.4975,0.8789,0.9753,-0.3811,103.7838,7.6402,151.4238,1.9380,180.0000,0.0038,28.2683,20.0000,20000,16000,186,0.6000,1500
ROPAX-01,ROPAX,pax,2025-01-01 12:00:00,synthetic,13.5952,13.5189,0.9058,0.9789,-0.6360,103.9088,7.7196,148.8506,1.6577,152.4287,-0.0762,28.4611,20.0000,20000,16000,186,0.6000,1500
ROPAX-01,ROPAX,pax,2025-01-01 15:00:00,synthetic,13.7814,13.4937,0.8663,0.9754,-0.5415,104.0338,6.6955,137.6514,1.7065,177.1788,-0.2878,29.6697,20.0000,20000,16000,186,0.6000,1500
ROPAX-01,ROPAX,pax,2025-01-02 12:00:00,synthetic,11.5089,11.6427,0.7124,0.9605,-0.4041,104.9088,5.7977,143.7960,1.7410,149.3388,0.1338,20.9755,20.0000,20000,16000,186,0.6000,1500
ROPAX-01,ROPAX,pax,2025-01-02 15:00:00,synthetic,11.6247,11.7409,0.7165,0.9599,-0.7204,105.0338,7.5188,135.7830,1.6922,164.0433,0.1162,22.6105,20.0000,20000,16000,186,0.6000,1500
ROPAX-01,ROPAX,pax,2025-01-02 18:00:00,synthetic,11.2887,11.3419,0.6964,0.9599,-0.7869,105.1588,8.1420,142.3929,1.5216,107.5096,0.0532,20.7923,20.0000,20000,16000,186,0.6000,1500
ROPAX-01,ROPAX,pax,2025-01-02 21:00:00,synthetic,11.2164,11.0055,0.7106,0.9590,-0.9003,105.2838,6.2200,146.6851,1.4155,134.5753,-0.2109,20.0610,20.0000,20000,16000,186,0.6000,1500
ROPAX-01,ROPAX,pax,2025-01-03 00:00:00,synthetic,11.2538,11.0816,0.7005,0.9574,-0.8464,105.4088,5.6228,158.2976,1.3012,157.2111,-0.1722,20.5747,20.0000,20000,16000,186,0.6000,1500
ROPAX-01,ROPAX,pax,2025-01-03 03:00:00,synthetic,11.1682,10.8043,0.6898,0.9578,-0.5847,105.5338,5.1641,163.0263,1.2574,149.3164,-0.3639,20.6914,20.0000,20000,16000,186,0.6000,1500
ROPAX-01,ROPAX,pax,2025-01-03 06:00:00,synthetic,11.0660,10.8455,0.7147,0.9598,-0.7404,105.6588,5.7163,158.9730,1.2569,180.0000,-0.2205,19.4704,20.0000,20000,16000,186,0.6000,1500
ROPAX-01,ROPAX,pax,2025-01-03 09:00:00,synthetic,11.5224,11.4139,0.7025,0.9601,-0.7684,105.7838,4.9277,154.9615,1.2789,180.0000,-0.1084,22.5989,20.0000,20000,16000,186,0.6000,1500
ROPAX-01,ROPAX,pax,2025-01-03 12:00:00,synthetic,11.8164,11.5601,0.7143,0.9596,-0.5134,105.9088,7.1920,142.6861,1.6184,180.0000,-0.2563,22.4221,20.0000,20000,16000,186,0.6000,1500
ROPAX-01,ROPAX,pax,2025-01-04 06:00:00,synthetic,16.0016,15.7153,0.4874,0.9467,-0.6918,106.6588,6.7521,116.9462,1.5973,107.0038,-0.2863,41.7837,20.0000,20000,16000,186,0.6000,1500
ROPAX-01,ROPAX,pax,2025-01-04 09:00:00,synthetic,15.7700,15.4089,0.4819,0.9477,-0.6143,106.7838,6.4912,123.5922,1.6407,106.9031,-0.3611,39.5733,20.0000,20000,16000,186,0.6000,1500
ROPAX-01,ROPAX,pax,2025-01-04 12:00:00,synthetic,15.5358,15.5194,0.4806,0.9470,-0.4189,106.9088,6.3152,126.7678,1.5838,144.5521,-0.0164,39.4550,20.0000,20000,16000,186,0.6000,1500
ROPAX-01,ROPAX,pax,2025-01-04 15:00:00,synthetic,15.8304,15.6751,0.5055,0.9469,-0.6278,107.0338,5.5771,126.0710,1.5143,92.2395,-0.1552,39.9170,20.0000,20000,16000,186,0.6000,1500
ROPAX-01,ROPAX,pax,2025-01-04 18:00:00,synthetic,15.6890,15.4230,0.4928,0.9479,-0.4562,107.1588,6.3846,113.5735,1.3574,86.9451,-0.2660,40.4271,20.0000,20000,16000,186,0.6000,1500
ROPAX-01,ROPAX,pax,2025-01-04 21:00:00,synthetic,15.6579,15.3105,0.4899,0.9495,-0.5642,107.2838,5.6690,116.9753,1.1236,122.1737,-0.3474,39.1944,20.0000,20000,16000,186,0.6000,1500
ROPAX-01,ROPAX,pax,2025-01-05 00:00:00,synthetic,15.9609,15.5767,0.5139,0.9468,-0.8390,107.4088,5.9119,121.1552,1.2644,114.4103,-0.3842,42.6400,20.0000,20000,16000,186,0.6000,1500
ROPAX-01,ROPAX,pax,2025-01-05 03:00:00,synthetic,15.7987,15.4277,0.5087,0.9470,-0.7733,107.5338,6.9192,106.2744,1.3577,102.8170,-0.3711,41.2270,20.0000,20000,16000,186,0.6000,1500
ROPAX-01,ROPAX,pax,2025-01-05 06:00:00,synthetic,15.5241,15.2945,0.4966,0.9469,-0.7843,107.6588,6.1381,104.4011,1.3024,100.3937,-0.2296,40.8933,20.0000,20000,16000,186,0.6000,1500
ROPAX-01,ROPAX,pax,2025-01-05 21:00:00,synthetic,13.2740,13.0412,0.5074,0.9491,-0.8426,108.2838,8.0569,80.6381,1.2623,87.7626,-0.2329,28.2030,20.0000,20000,16000,186,0.6000,1500
ROPAX-01,ROPAX,pax,2025-01-06 00:00:00,synthetic,12.9753,12.8222,0.5006,0.9490,-0.7847,108.4088,5.1815,82.1258,1.2848,24.9036,-0.1531,29.0224,20.0000,20000,16000,186,0.6000,1500
ROPAX-01,ROPAX,pax,2025-01-06 03:00:00,synthetic,13.0530,12.5825,0.4908,0.9483,-0.8867,108.5338,5.4354,93.9921,1.3172,52.8546,-0.4706,29.2162,20.0000,20000,16000,186,0.6000,1500
ROPAX-01,ROPAX,pax,2025-01-06 06:00:00,synthetic,13.0988,12.6587,0.4984,0.9474,-0.7410,108.6588,5.0232,107.1002,1.1562,97.3710,-0.4401,27.0753,20.0000,20000,16000,186,0.6000,1500
ROPAX-01,ROPAX,pax,2025-01-06 09:00:00,synthetic,12.8267,12.6465,0.4806,0.9481,-0.7620,108.7838,6.4004,108.8744,1.4188,102.4317,-0.1802,26.7127,20.0000,20000,16000,186,0.6000,1500
ROPAX-01,ROPAX,pax,2025-01-06 12:00:00,synthetic,12.7883,12.5585,0.4986,0.9466,-0.8148,108.9088,6.3723,109.9981,1.2477,117.9357,-0.2298,27.0797,20.0000,20000,16000,186,0.6000,1500
ROPAX-01,ROPAX,pax,2025-01-06 15:00:00,synthetic,12.7750,12.7193,0.5092,0.9490,-0.6459,109.0338,6.4850,106.4588,1.1150,132.6725,-0.0557,27.6848,20.0000,20000,16000,186,0.6000,1500
ROPAX-01,ROPAX,pax,2025-01-06 18:00:00,synthetic,12.9234,12.9193,0.5171,0.9501,-0.7182,109.1588,7.6647,106.5433,1.4932,81.4351,-0.0041,27.8615,20.0000,20000,16000,186,0.6000,1500
ROPAX-01,ROPAX,pax,2025-01-06 21:00:00,synthetic,13.4072,13.5304,0.5092,0.9515,-0.5948,109.2838,8.5197,103.2532,1.9058,87.1262,0.1232,28.6456,20.0000,20000,16000,186,0.6000,1500
ROPAX-01,ROPAX,pax,2025-01-07 00:00:00,synthetic,13.4660,13.6216,0.5006,0.9526,-0.4972,109.4088,6.9467,116.0519,1.3041,106.7375,0.1555,28.5177,20.0000,20000,16000,186,0.6000,1500
ROPAX-01,ROPAX,pax,2025-01-07 18:00:00,synthetic,15.6638,15.7507,0.5615,0.9603,-0.5148,110.1588,8.5983,83.8178,1.9877,32.4811,0.0869,43.0871,20.0000,20000,16000,186,0.6000,1500
ROPAX-01,ROPAX,pax,2025-01-07 21:00:00,synthetic,15.9362,16.1890,0.5553,0.9602,-0.4067,110.2838,10.3880,89.5513,1.6391,47.8662,0.2528,42.6079,20.0000,20000,16000,186,0.6000,1500
ROPAX-01,ROPAX,pax,2025-01-08 00:00:00,synthetic,15.6565,15.7269,0.5778,0.9616,-0.5370,110.4088,9.5424,93.8156,1.6905,121.2945,0.0704,38.7052,20.0000,20000,16000,186,0.6000,1500
ROPAX-01,ROPAX,pax,2025-01-08 03:00:00,synthetic,15.5436,15.5303,0.5533,0.9611,-0.3315,110.5338,6.8739,97.8616,1.4083,116.1657,-0.0133,40.9101,20.0000,20000,16000,186,0.6000,1500
ROPAX-01,ROPAX,pax,2025-01-08 06:00:00,synthetic,15.2212,14.9297,0.5609,0.9602,-0.4518,110.6588,7.3222,98.4252,1.3459,64.1734,-0.2915,36.8411,20.0000,20000,16000,186,0.6000,1500
ROPAX-01,ROPAX,pax,2025-01-08 09:00:00,synthetic,15.4026,15.0835,0.5727,0.9621,-0.3863,110.7838,6.5794,111.0180,1.5389,97.7307,-0.3191,38.8507,20.0000,20000,16000,186,0.6000,1500
ROPAX-01,ROPAX,pax,2025-01-08 12:00:00,synthetic,15.3029,15.0643,0.5609,0.9606,-0.3552,110.9088,9.9091,108.9913,2.0781,126.8707,-0.2386,39.5493,20.0000,20000,16000,186,0.6000,1500
ROPAX-01,ROPAX,pax,2025-01-08 15:00:00,synthetic,15.4152,15.5321,0.5404,0.9601,-0.3418,111.0338,8.1879,117.1944,1.5361,116.1415,0.1170,38.7970,20.0000,20000,16000,186,0.6000,1500
ROPAX-01,ROPAX,pax,2025-01-08 18:00:00,synthetic,15.4957,15.6871,0.5766,0.9588,-0.5219,111.1588,4.5064,105.0907,1.0499,64.4641,0.1914,38.6178,20.0000,20000,16000,186,0.6000,1500
ROPAX-01,ROPAX,pax,2025-01-08 21:00:00,synthetic,15.8491,16.0963,0.5510,0.9595,-0.7030,111.2838,5.4779,106.6246,1.1796,120.7741,0.2472,42.1160,20.0000,20000,16000,186,0.6000,1500
ROPAX-01,ROPAX,pax,2025-01-09 00:00:00,synthetic,15.4518,15.6122,0.5767,0.9594,-0.8772,111.4088,3.6576,106.6471,0.9212,113.9714,0.1604,39.6372,20.0000,20000,16000,186,0.6000,1500
ROPAX-01,ROPAX,pax,2025-01-09 03:00:00,synthetic,15.5305,15.9058,0.5775,0.9612,-0.9844,111.5338,3.7492,111.3342,0.9065,107.3722,0.3753,39.1977,20.0000,20000,16000,186,0.6000,1500
ROPAX-01,ROPAX,pax,2025-01-10 00:00:00,synthetic,17.5259,17.5569,0.7585,0.9749,-1.0963,112.4088,0.7846,138.2899,0.7040,122.5516,0.0310,49.8574,20.0000,20000,16000,186,0.6000,1500
ROPAX-01,ROPAX,pax,2025-01-10 03:00:00,synthetic,17.6621,17.8502,0.7536,0.9752,-1.2544,112.5338,1.6168,151.4835,0.6089,180.0000,0.1882,53.5580,20.0000,20000,16000,186,0.6000,1500
ROPAX-01,ROPAX,pax,2025-01-10 06:00:00,synthetic,17.7461,17.7310,0.7553,0.9748,-1.1032,112.6588,0.3046,142.6114,0.7107,168.6145,-0.0151,56.5967,20.0000,20000,16000,186,0.6000,1500
ROPAX-01,ROPAX,pax,2025-01-10 09:00:00,synthetic,17.6396,17.6099,0.7529,0.9736,-1.2023,112.7838,2.1658,138.4798,0.6556,102.1004,-0.0297,54.3435,20.0000,20000,16000,186,0.6000,1500
ROPAX-01,ROPAX,pax,2025-01-10 12:00:00,synthetic,17.6753,17.5357,0.7452,0.9747,-1.0056,112.9088,2.3179,143.3875,0.6473,112.6458,-0.1395,53.6246,20.0000,20000,16000,186,0.6000,1500
ROPAX-01,ROPAX,pax,2025-01-10 15:00:00,synthetic,17.8678,17.7364,0.7572,0.9741,-1.0787,113.0338,1.7425,140.3007,0.5409,132.3920,-0.1315,54.8771,20.0000,20000,16000,186,0.6000,1500
ROPAX-01,ROPAX,pax,2025-01-10 18:00:00,synthetic,17.3252,17.1514,0.7576,0.9756,-1.0641,113.1588,3.3345,134.8264,0.4719,131.0867,-0.1738,50.0719,20.0000,20000,16000,186,0.6000,1500
ROPAX-01,ROPAX,pax,2025-01-10 21:00:00,synthetic,17.5668,17.3670,0.7435,0.9762,-1.1402,113.2838,3.1537,120.1058,0.3752,140.3956,-0.1998,50.8087,20.0000,20000,16000,186,0.6000,1500
ROPAX-01,ROPAX,pax,2025-01-11 00:00:00,synthetic,17.5692,17.5250,0.7398,0.9738,-1.1193,113.4088,4.6746,116.9090,0.6454,85.9859,-0.0442,49.5968,20.0000,20000,16000,186,0.6000,1500
ROPAX-01,ROPAX,pax,2025-01-11 03:00:00,synthetic,17.5011,17.1817,0.7615,0.9758,-1.0124,113.5338,5.9263,113.0639,0.7741,118.4873,-0.3194,53.4360,20.0000,20000,16000,186,0.6000,1500
ROPAX-01,ROPAX,pax,2025-01-12 03:00:00,synthetic,11.7388,12.0675,0.9026,0.9871,-1.2350,114.5338,5.1962,158.2355,0.6148,145.2313,0.3287,22.8263,20.0000,20000,16000,186,0.6000,1500
ROPAX-01,ROPAX,pax,2025-01-12 06:00:00,synthetic,11.5364,11.9528,0.9180,0.9880,-1.0737,114.6588,4.2951,151.7261,0.5197,140.7024,0.4164,20.9934,20.0000,20000,16000,186,0.6000,1500
ROPAX-01,ROPAX,pax,2025-01-12 09:00:00,synthetic,11.6129,12.0879,0.9123,0.9866,-0.9755,114.7838,4.7405,163.1502,0.6598,157.6720,0.4750,22.4249,20.0000,20000,16000,186,0.6000,1500
ROPAX-01,ROPAX,pax,2025-01-12 12:00:00,synthetic,11.7116,11.9441,0.8967,0.9857,-0.9016,114.9088,2.8260,176.6664,0.6451,151.0067,0.2325,22.3203,20.0000,20000,16000,186,0.6000,1500
ROPAX-01,ROPAX,pax,2025-01-12 15:00:00,synthetic,11.6899,11.7253,0.8835,0.9846,-0.7965,115.0338,4.3705,177.9992,0.4286,180.0000,0.0354,22.7837,20.0000,20000,16000,186,0.6000,1500
ROPAX-01,ROPAX,pax,2025-01-12 18:00:00,synthetic,11.4819,11.3284,0.9023,0.9860,-0.4899,115.1588,4.4433,179.0930,0.3774,119.6698,-0.1535,21.1005,20.0000,20000,16000,186,0.6000,1500
ROPAX-01,ROPAX,pax,2025-01-12 21:00:00,synthetic,11.5714,11.3730,0.9116,0.9894,-0.4635,115.2838,4.4964,178.0050,0.3886,180.0000,-0.1984,22.4424,20.0000,20000,16000,186,0.6000,1500
ROPAX-01,ROPAX,pax,2025-01-13 00:00:00,synthetic,11.7877,11.4778,0.8884,0.9915,-0.5097,115.4088,3.1514,162.0756,0.2870,134.8386,-0.3099,22.6588,20.0000,20000,16000,186,0.6000,1500
ROPAX-01,ROPAX,pax,2025-01-13 03:00:00,synthetic,12.3090,12.2615,0.8993,0.9913,-0.4576,115.5338,2.3616,179.6892,0.2651,121.9399,-0.0475,25.7325,20.0000,20000,16000,186,0.6000,1500
ROPAX-01,ROPAX,pax,2025-01-13 06:00:00,synthetic,12.3889,12.5960,0.8931,0.9882,-0.2712,115.6588,2.2102,173.8488,0.3459,180.0000,0.2071,25.4777,20.0000,20000,16000,186,0.6000,1500
ROPAX-01,ROPAX,pax,2025-01-13 09:00:00,synthetic,12.4326,12.6625,0.9084,0.9879,-0.3010,115.7838,2.2876,163.8750,0.3233,149.6235,0.2300,25.4510,20.0000,20000,16000,186,0.6000,1500
ROPAX-01,ROPAX,pax,2025-01-13 18:00:00,synthetic,16.7975,17.1233,0.3518,0.9519,-0.4196,116.1588,0.1622,168.7901,0.3265,178.8208,0.3258,48.0820,20.0000,20000,16000,186,0.6000,1500
ROPAX-01,ROPAX,pax,2025-01-13 21:00:00,synthetic,16.6959,17.0636,0.3786,0.9536,-0.5476,116.2838,1.5948,160.8312,0.4483,180.0000,0.3677,46.3537,20.0000,20000,16000,186,0.6000,1500
ROPAX-01,ROPAX,pax,2025-01-14 00:00:00,synthetic,16.7082,16.8670,0.3717,0.9541,-0.5419,116.4088,1.3940,136.8648,0.5086,147.5971,0.1588,46.4570,20.0000,20000,16000,186,0.6000,1500
ROPAX-01,ROPAX,pax,2025-01-14 03:00:00,synthetic,16.7664,16.8212,0.3485,0.9544,-0.5332,116.5338,3.5155,131.8421,0.4471,114.6180,0.0548,46.6022,20.0000,20000,16000,186,0.6000,1500
ROPAX-01,ROPAX,pax,2025-01-14 06:00:00,synthetic,16.7063,16.8220,0.3829,0.9556,-0.7967,116.6588,3.4090,127.2876,0.4445,102.5794,0.1157,44.0028,20.0000,20000,16000,186,0.6000,1500
ROPAX-01,ROPAX,pax,2025-01-14 09:00:00,synthetic,16.2891,16.6211,0.3507,0.9551,-0.9043,116.7838,2.3784,123.5509,0.3862,106.9509,0.3320,43.5942,20.0000,20000,16000,186,0.6000,1500
ROPAX-01,ROPAX,pax,2025-01-14 12:00:00,synthetic,16.3285,16.7257,0.3546,0.9573,-0.9189,116.9088,1.9403,121.7611,0.5818,133.9131,0.3972,43.5201,20.0000,20000,16000,186,0.6000,1500
ROPAX-01,ROPAX,pax,2025-01-15 09:00:00,synthetic,15.3872,15.3792,0.3976,0.9583,-0.5503,117.7838,2.3228,149.8703,0.6841,180.0000,-0.0080,38.9016,20.0000,20000,16000,186,0.6000,1500
ROPAX-01,ROPAX,pax,2025-01-15 12:00:00,synthetic,15.1166,15.4881,0.4104,0.9580,-0.5420,117.9088,3.6230,155.4305,0.7233,98.1096,0.3715,38.6242,20.0000,20000,16000,186,0.6000,1500
ROPAX-01,ROPAX,pax,2025-01-15 15:00:00,synthetic,15.1114,15.2980,0.4023,0.9573,-0.4583,118.0338,2.2350,147.0461,0.6776,160.9816,0.1866,37.0769,20.0000,20000,16000,186,0.6000,1500
ROPAX-01,ROPAX,pax,2025-01-15 18:00:00,synthetic,15.2611,15.5249,0.3992,0.9568,-0.4512,118.1588,3.9044,143.3000,0.8809,139.4775,0.2638,37.6686,20.0000,20000,16000,186,0.6000,1500
ROPAX-01,ROPAX,pax,2025-01-15 21:00:00,synthetic,15.4123,15.6748,0.3837,0.9566,-0.3564,118.2838,4.5175,149.9968,0.8392,180.0000,0.2625,38.2399,20.0000,20000,16000,186,0.6000,1500
ROPAX-01,ROPAX,pax,2025-01-16 00:00:00,synthetic,15.6463,15.7781,0.3705,0.9579,-0.5538,118.4088,4.6463,150.4690,0.9055,147.3146,0.1318,40.5886,20.0000,20000,16000,186,0.6000,1500
ROPAX-01,ROPAX,pax,2025-01-16 03:00:00,synthetic,15.8365,15.9390,0.3912,0.9591,-0.1909,118.5338,6.8669,153.1565,1.1505,180.0000,0.1025,39.6973,20.0000,20000,16000,186,0.6000,1500
ROPAX-01,ROPAX,pax,2025-01-16 06:00:00,synthetic,15.8033,16.1598,0.3824,0.9592,-0.5313,118.6588,6.2282,157.1329,1.0754,171.5418,0.3566,41.0998,20.0000,20000,16000,186,0.6000,1500
ROPAX-01,ROPAX,pax,2025-01-16 09:00:00,synthetic,15.9232,16.4681,0.3879,0.9584,-0.3003,118.7838,5.8341,149.3170,1.0708,105.1609,0.5449,39.1787,20.0000,20000,16000,186,0.6000,1500
ROPAX-01,ROPAX,pax,2025-01-16 12:00:00,synthetic,15.8456,16.3254,0.3728,0.9578,-0.2998,118.9088,7.5431,160.4842,1.4346,174.1580,0.4798,40.4319,20.0000,20000,16000,186,0.6000,1500
ROPAX-01,ROPAX,pax,2025-01-17 03:00:00,synthetic,11.8725,12.2117,0.4202,0.9613,-0.4823,119.5338,9.8476,174.1822,2.8907,167.0143,0.3392,23.3969,20.0000,20000,16000,186,0.6000,1500
ROPAX-01,ROPAX,pax,2025-01-17 06:00:00,synthetic,11.8828,12.3514,0.4468,0.9619,-0.3774,119.6588,12.5203,163.6550,3.0646,164.7695,0.4686,22.0879,20.0000,20000,16000,186,0.6000,1500
ROPAX-01,ROPAX,pax,2025-01-17 09:00:00,synthetic,11.8599,12.2748,0.4276,0.9612,-0.3435,119.7838,12.4191,155.2841,3.1678,115.4420,0.4149,22.2441,20.0000,20000,16000,186,0.6000,1500
ROPAX-01,ROPAX,pax,2025-01-17 12:00:00,synthetic,11.5792,11.8889,0.4334,0.9613,-0.3581,119.9088,9.7210,166.2937,2.3478,179.6073,0.3097,21.3855,20.0000,20000,16000,186,0.6000,1500
ROPAX-01,ROPAX,pax,2025-01-17 15:00:00,synthetic,11.6796,11.9383,0.4348,0.9595,-0.3154,120.0338,10.3972,179.8577,2.0707,180.0000,0.2587,21.2360,20.0000,20000,16000,186,0.6000,1500
ROPAX-01,ROPAX,pax,2025-01-17 18:00:00,synthetic,12.1464,12.3909,0.4490,0.9600,-0.3263,120.1588,8.3973,171.0963,2.1634,154.1494,0.2444,24.1431,20.0000,20000,16000,186,0.6000,1500
ROPAX-01,ROPAX,pax,2025-01-18 12:00:00,synthetic,14.3050,14.2691,0.3545,0.9556,0.1325,120.9088,5.9708,167.9616,1.3019,174.5559,-0.0359,33.0688,20.0000,20000,16000,186,0.6000,1500
ROPAX-01,ROPAX,pax,2025-01-18 15:00:00,synthetic,14.1360,14.1114,0.3515,0.9554,-0.0011,121.0338,9.0895,157.6924,1.6541,132.7613,-0.0246,31.8621,20.0000,20000,16000,186,0.6000,1500
ROPAX-01,ROPAX,pax,2025-01-18 18:00:00,synthetic,14.6080,14.8123,0.3624,0.9539,0.0626,121.1588,12.5994,157.1623,3.0828,180.0000,0.2043,33.8793,20.0000,20000,16000,186,0.6000,1500
ROPAX-01,ROPAX,pax,2025-01-18 21:00:00,synthetic,14.8404,15.0796,0.3482,0.9542,-0.2321,121.2838,12.9183,159.1629,3.5453,150.6983,0.2392,35.3395,20.0000,20000,16000,186,0.6000,1500
ROPAX-01,ROPAX,pax,2025-01-19 00:00:00,synthetic,14.6707,14.8309,0.3519,0.9554,-0.2975,121.4088,12.4498,154.2408,3.6534,160.5146,0.1602,34.8749,20.0000,20000,16000,186,0.6000,1500
ROPAX-01,ROPAX,pax,2025-01-19 03:00:00,synthetic,14.7407,15.0314,0.3616,0.9541,-0.2127,121.5338,12.2200,152.9434,3.1360,159.1935,0.2907,35.6237,20.0000,20000,16000,186,0.6000,1500
ROPAX-01,ROPAX,pax,2025-01-19 06:00:00,synthetic,14.6170,14.7046,0.3821,0.9536,-0.0484,121.6588,12.0904,146.0460,2.7850,166.8551,0.0876,34.6814,20.0000,20000,16000,186,0.6000,1500
ROPAX-01,ROPAX,pax,2025-01-20 18:00:00,synthetic,16.1108,16.0853,0.7882,0.9859,0.1344,123.1588,7.8485,98.8505,1.4603,130.9281,-0.0255,44.0800,20.0000,20000,16000,186,0.6000,1500
ROPAX-01,ROPAX,pax,2025-01-20 21:00:00,synthetic,15.7510,15.9149,0.7763,0.9858,0.0763,123.2838,7.2328,106.1306,1.4129,108.4831,0.1640,40.5483,20.0000,20000,16000,186,0.6000,1500
ROPAX-01,ROPAX,pax,2025-01-21 00:00:00,synthetic,15.9958,15.9344,0.7690,0.9854,-0.0877,123.4088,8.3691,98.6396,1.0870,116.0180,-0.0614,42.0591,20.0000,20000,16000,186,0.6000,1500
ROPAX-01,ROPAX,pax,2025-01-21 03:00:00,synthetic,15.8587,15.8161,0.7621,0.9863,-0.1484,123.5338,8.9290,89.5239,1.6213,59.5320,-0.0427,42.0914,20.0000,20000,16000,186,0.6000,1500
ROPAX-01,ROPAX,pax,2025-01-21 06:00:00,synthetic,16.1621,16.0247,0.7707,0.9863,-0.1285,123.6588,7.8535,98.3918,1.2855,116.2430,-0.1374,43.9209,20.0000,20000,16000,186,0.6000,1500
ROPAX-01,ROPAX,pax,2025-01-21 09:00:00,synthetic,16.0664,16.0931,0.7854,0.9868,-0.1670,123.7838,7.9603,97.5025,1.3431,77.4985,0.0266,45.1686,20.0000,20000,16000,186,0.6000,1500
ROPAX-01,ROPAX,pax,2025-01-22 18:00:00,synthetic,18.0767,18.3226,0.8329,0.9900,0.2516,125.1588,4.2819,121.7809,0.3169,85.2215,0.2459,55.5392,20.0000,20000,16000,186,0.6000,1500
ROPAX-01,ROPAX,pax,2025-01-22 21:00:00,synthetic,17.7200,17.8521,0.8554,0.9903,0.0967,125.2838,2.2654,119.8199,0.2511,131.3149,0.1321,52.6443,20.0000,20000,16000,186,0.6000,1500
ROPAX-01,ROPAX,pax,2025-01-23 00:00:00,synthetic,17.7273,17.8183,0.8294,0.9901,-0.0458,125.4088,2.1948,112.5590,0.2435,74.4485,0.0910,53.7784,20.0000,20000,16000,186,0.6000,1500
ROPAX-01,ROPAX,pax,2025-01-23 03:00:00,synthetic,17.5106,17.7241,0.8671,0.9923,0.1686,125.5338,1.7229,117.2258,0.1246,141.5545,0.2135,54.0043,20.0000,20000,16000,186,0.6000,1500
ROPAX-01,ROPAX,pax,2025-01-23 06:00:00,synthetic,17.5437,17.5633,0.8512,0.9938,0.0931,125.6588,0.1555,123.0677,0.1162,140.6870,0.0196,52.6751,20.0000,20000,16000,186,0.6000,1500
ROPAX-01,ROPAX,pax,2025-01-23 09:00:00,synthetic,17.5735,17.8279,0.8497,0.9958,0.0863,125.7838,1.1437,120.7519,0.2004,132.6334,0.2544,51.8455,20.0000,20000,16000,186,0.6000,1500
ROPAX-01,ROPAX,pax,2025-01-23 21:00:00,synthetic,16.6684,17.0238,0.5201,0.9718,0.1142,126.2838,2.4360,112.8739,0.1454,111.8649,0.3554,43.8532,20.0000,20000,16000,186,0.6000,1500
ROPAX-01,ROPAX,pax,2025-01-24 00:00:00,synthetic,16.5091,16.9231,0.5116,0.9698,0.1147,126.4088,1.9150,116.1819,0.1008,90.3840,0.4140,45.5839,20.0000,20000,16000,186,0.6000,1500
ROPAX-01,ROPAX,pax,2025-01-24 03:00:00,synthetic,16.5124,17.0350,0.5214,0.9703,-0.1102,126.5338,0.3942,130.3156,0.1000,123.1412,0.5226,46.8818,20.0000,20000,16000,186,0.6000,1500
ROPAX-01,ROPAX,pax,2025-01-24 06:00:00,synthetic,16.6283,16.8557,0.5154,0.9691,-0.0754,126.6588,0.0000,128.6651,0.1000,68.3336,0.2274,46.5748,20.0000,20000,16000,186,0.6000,1500
ROPAX-01,ROPAX,pax,2025-01-24 09:00:00,synthetic,16.5042,16.9987,0.5219,0.9684,-0.0414,126.7838,0.0000,131.7655,0.1004,144.5143,0.4945,45.6437,20.0000,20000,16000,186,0.6000,1500
ROPAX-01,ROPAX,pax,2025-01-24 12:00:00,synthetic,16.7344,17.3440,0.5251,0.9694,0.1346,126.9088,0.7585,127.7167,0.1000,136.4371,0.6096,48.3497,20.0000,20000,16000,186,0.6000,1500
ROPAX-01,ROPAX,pax,2025-01-24 15:00:00,synthetic,16.5001,16.8772,0.4950,0.9680,-0.0414,127.0338,1.0025,122.1912,0.1205,116.6323,0.3771,46.2697,20.0000,20000,16000,186,0.6000,1500
ROPAX-01,ROPAX,pax,2025-01-25 06:00:00,synthetic,11.8845,12.0983,0.3550,0.9543,-0.1080,127.6588,0.9435,102.8617,0.1000,96.8086,0.2138,22.9757,20.0000,20000,16000,186,0.6000,1500
ROPAX-01,ROPAX,pax,2025-01-25 09:00:00,synthetic,12.4490,12.7541,0.3484,0.9522,-0.2818,127.7838,0.9720,103.2268,0.1283,106.7563,0.3051,24.3954,20.0000,20000,16000,186,0.6000,1500
ROPAX-01,ROPAX,pax,2025-01-25 12:00:00,synthetic,12.6824,13.1024,0.3524,0.9540,-0.3932,127.9088,0.5639,106.9498,0.1000,107.0291,0.4201,24.5465,20.0000,20000,16000,186,0.6000,1500
ROPAX-01,ROPAX,pax,2025-01-25 15:00:00,synthetic,12.6794,12.9907,0.3777,0.9497,-0.5514,128.0338,0.4270,110.7202,0.1000,79.8598,0.3113,25.8911,20.0000,20000,16000,186,0.6000,1500
ROPAX-01,ROPAX,pax,2025-01-25 18:00:00,synthetic,12.4597,12.6644,0.3688,0.9494,-0.3424,128.1588,1.9105,104.8608,0.1064,110.9623,0.2048,25.1187,20.0000,20000,16000,186,0.6000,1500
ROPAX-01,ROPAX,pax,2025-01-25 21:00:00,synthetic,12.1258,12.3485,0.3677,0.9533,-0.4301,128.2838,0.3316,99.7988,0.1169,130.6559,0.2227,24.5842,20.0000,20000,16000,186,0.6000,1500
ROPAX-01,ROPAX,pax,2025-01-26 00:00:00,synthetic,12.1905,12.5774,0.3671,0.9540,-0.4070,128.4088,1.8634,102.3386,0.1387,105.9460,0.3869,25.0138,20.0000,20000,16000,186,0.6000,1500
ROPAX-01,ROPAX,pax,2025-01-26 03:00:00,synthetic,12.1705,12.6981,0.3623,0.9544,-0.4460,128.5338,2.3209,103.6174,0.3465,127.6496,0.5275,24.2798,20.0000,20000,16000,186,0.6000,1500
ROPAX-01,ROPAX,pax,2025-01-26 06:00:00,synthetic,12.0274,12.4218,0.3491,0.9547,-0.5240,128.6588,3.4492,101.0145,0.3314,127.2318,0.3943,23.1780,20.0000,20000,16000,186,0.6000,1500
ROPAX-01,ROPAX,pax,2025-01-26 09:00:00,synthetic,12.1918,12.6273,0.3640,0.9543,-0.6283,128.7838,6.7496,97.0276,0.6056,69.2584,0.4355,24.6597,20.0000,20000,16000,186,0.6000,1500
ROPAX-01,ROPAX,pax,2025-01-26 12:00:00,synthetic,12.1320,12.8004,0.3660,0.9546,-0.9543,128.9088,6.8937,99.0555,0.9307,52.7825,0.6684,23.9019,20.0000,20000,16000,186,0.6000,1500
ROPAX-01,ROPAX,pax,2025-01-26 15:00:00,synthetic,12.6470,13.0702,0.3608,0.9540,-1.0419,129.0338,6.0009,115.8149,0.7123,125.9506,0.4232,27.4309,20.0000,20000,16000,186,0.6000,1500
ROPAX-01,ROPAX,pax,2025-01-27 15:00:00,synthetic,13.4917,13.6823,0.3578,0.9486,-1.4486,130.0338,2.2789,140.3447,0.1201,159.8074,0.1907,28.3071,20.0000,20000,16000,186,0.6000,1500
ROPAX-01,ROPAX,pax,2025-01-27 18:00:00,synthetic,13.3890,13.6446,0.3603,0.9466,-1.2938,130.1588,3.5911,139.0375,0.1962,125.7960,0.2555,29.7997,20.0000,20000,16000,186,0.6000,1500
ROPAX-01,ROPAX,pax,2025-01-27 21:00:00,synthetic,13.1695,13.5597,0.3726,0.9453,-1.5217,130.2838,3.8906,125.3362,0.3545,118.8894,0.3902,27.7560,20.0000,20000,16000,186,0.6000,1500
ROPAX-01,ROPAX,pax,2025-01-28 00:00:00,synthetic,13.1374,13.2623,0.3572,0.9469,-1.4619,130.4088,2.4878,124.9943,0.2807,144.7221,0.1248,27.6350,20.0000,20000,16000,186,0.6000,1500
ROPAX-01,ROPAX,pax,2025-01-28 03:00:00,synthetic,13.0494,13.1300,0.3735,0.9457,-1.4261,130.5338,4.2255,127.1685,0.3774,130.8450,0.0805,27.7539,20.0000,20000,16000,186,0.6000,1500
ROPAX-01,ROPAX,pax,2025-01-28 06:00:00,synthetic,12.9791,12.9838,0.3618,0.9474,-1.4147,130.6588,6.6917,121.3577,1.1095,106.7941,0.0047,27.5665,20.0000,20000,16000,186,0.6000,1500
ROPAX-01,ROPAX,pax,2025-01-28 09:00:00,synthetic,12.8195,12.6706,0.3692,0.9495,-1.4168,130.7838,8.2104,123.8040,1.1995,130.5041,-0.1488,25.9241,20.0000,20000,16000,186,0.6000,1500
ROPAX-01,ROPAX,pax,2025-01-29 06:00:00,synthetic,17.3254,17.1634,0.7977,0.9860,-1.4178,131.6588,10.4916,144.3673,1.2753,157.0827,-0.1620,49.4936,20.0000,20000,16000,186,0.6000,1500
ROPAX-01,ROPAX,pax,2025-01-29 09:00:00,synthetic,17.1480,16.8805,0.8031,0.9886,-1.3883,131.7838,5.7787,146.0291,0.7705,128.5848,-0.2675,48.4868,20.0000,20000,16000,186,0.6000,1500
ROPAX-01,ROPAX,pax,2025-01-29 12:00:00,synthetic,17.2829,17.1479,0.8307,0.9875,-1.1291,131.9088,5.6921,151.4402,0.6229,177.8288,-0.1350,49.2536,20.0000,20000,16000,186,0.6000,1500
ROPAX-01,ROPAX,pax,2025-01-29 15:00:00,synthetic,17.1990,16.9879,0.8135,0.9869,-1.0050,132.0338,4.4858,146.5965,0.4075,141.3636,-0.2112,51.1663,20.0000,20000,16000,186,0.6000,1500
ROPAX-01,ROPAX,pax,2025-01-29 18:00:00,synthetic,16.8576,16.7860,0.8314,0.9876,-1.0845,132.1588,3.3955,150.4700,0.6336,145.6287,-0.0716,48.3702,20.0000,20000,16000,186,0.6000,1500
ROPAX-01,ROPAX,pax,2025-01-29 21:00:00,synthetic,16.5260,16.8155,0.8371,0.9871,-1.0640,132.2838,3.3576,157.7244,0.2598,151.6110,0.2895,45.5604,20.0000,20000,16000,186,0.6000,1500
ROPAX-01,ROPAX,pax,2025-01-30 21:00:00,synthetic,19.4414,20.7571,0.7874,0.9823,-0.7196,133.2838,5.3829,123.1970,0.9921,118.2239,1.3156,67.5694,20.0000,20000,16000,186,0.6000,1500
ROPAX-01,ROPAX,pax,2025-01-31 00:00:00,synthetic,19.5511,20.8183,0.7992,0.9833,-0.4551,133.4088,4.7245,118.8650,0.9599,103.9143,1.2672,68.5414,20.0000,20000,16000,186,0.6000,1500
ROPAX-01,ROPAX,pax,2025-01-31 03:00:00,synthetic,19.6701,20.6206,0.7788,0.9827,-0.3732,133.5338,5.9201,119.3154,1.0679,70.6596,0.9505,71.2920,20.0000,20000,16000,186,0.6000,1500
ROPAX-01,ROPAX,pax,2025-01-31 06:00:00,synthetic,19.7618,20.8040,0.7786,0.9839,-0.3302,133.6588,6.7960,122.3246,1.2202,132.4858,1.0422,72.6508,20.0000,20000,16000,186,0.6000,1500
ROPAX-01,ROPAX,pax,2025-01-31 09:00:00,synthetic,19.2769,20.5042,0.7927,0.9847,-0.3964,133.7838,6.7592,125.5104,1.1776,141.2120,1.2273,66.8669,20.0000,20000,16000,186,0.6000,1500
ROPAX-01,ROPAX,pax,2025-02-01 06:00:00,synthetic,11.1483,11.4898,0.8494,0.9908,-0.0752,134.6588,8.9389,109.5550,1.3913,77.4102,0.3415,20.7503,20.0000,20000,16000,186,0.6000,1500
ROPAX-01,ROPAX,pax,2025-02-01 09:00:00,synthetic,10.9925,11.5726,0.8456,0.9905,-0.1271,134.7838,7.3603,109.0079,1.1776,80.5964,0.5801,19.4976,20.0000,20000,16000,186,0.6000,1500
ROPAX-01,ROPAX,pax,2025-02-01 12:00:00,synthetic,10.9275,11.3670,0.8294,0.9901,-0.4039,134.9088,7.8123,97.7738,1.4794,114.6681,0.4395,20.2822,20.0000,20000,16000,186,0.6000,1500
ROPAX-01,ROPAX,pax,2025-02-01 15:00:00,synthetic,10.7259,11.2273,0.8483,0.9898,-0.3780,135.0338,8.2272,97.4169,1.5234,52.8054,0.5014,20.5576,20.0000,20000,16000,186,0.6000,1500
ISLAND_ROPAX-01,ISLAND_ROPAX,pax,2025-01-01 00:00:00,synthetic,15.9349,15.4662,0.8095,0.9933,1.1140,266.7093,5.5893,100.4627,1.2691,101.7448,-0.4687,21.2642,16.0000,5000,4500,120,0.5500,500
ISLAND_ROPAX-01,ISLAND_ROPAX,pax,2025-01-01 03:00:00,synthetic,15.9992,15.7376,0.8035,0.9936,1.0248,266.8343,4.8165,113.0910,1.1095,159.9861,-0.2617,20.9077,16.0000,5000,4500,120,0.5500,500
ISLAND_ROPAX-01,ISLAND_ROPAX,pax,2025-01-01 06:00:00,synthetic,16.2339,15.9169,0.7925,0.9922,1.0176,266.9593,3.1497,99.3436,1.2329,125.4908,-0.3170,22.3209,16.0000,5000,4500,120,0.5500,500
ISLAND_ROPAX-01,ISLAND_ROPAX,pax,2025-01-01 09:00:00,synthetic,16.2224,15.8768,0.7995,0.9932,1.0916,267.0843,3.5025,109.3003,1.2426,113.9767,-0.3457,21.9670,16.0000,5000,4500,120,0.5500,500
ISLAND_ROPAX-01,ISLAND_ROPAX,pax,2025-01-01 12:00:00,synthetic,16.2927,16.2031,0.8177,0.9951,0.7395,267.2093,1.8123,108.0467,1.1694,104.3293,-0.0897,23.3931,16.0000,5000,4500,120,0.5500,500
ISLAND_ROPAX-01,ISLAND_ROPAX,pax,2025-01-01 15:00:00,synthetic,16.1795,15.9848,0.8055,0.9930,0.8083,267.3343,4.5304,119.9810,1.2338,129.6323,-0.1947,21.1923,16.0000,5000,4500,120,0.5500,500
ISLAND_ROPAX-01,ISLAND_ROPAX,pax,2025-01-01 18:00:00,synthetic,16.2176,15.9148,0.8013,0.9922,0.7709,267.4593,3.9157,109.6273,1.2726,136.7352,-0.3028,22.6674,16.0000,5000,4500,120,0.5500,500
ISLAND_ROPAX-01,ISLAND_ROPAX,pax,2025-01-01 21:00:00,synthetic,15.9159,15.6470,0.8074,0.9915,0.7386,267.5843,3.3408,111.7366,1.2010,122.7783,-0.2689,22.0782,16.0000,5000,4500,120,0.5500,500
ISLAND_ROPAX-01,ISLAND_ROPAX,pax,2025-01-02 00:00:00,synthetic,15.9700,15.8604,0.7939,0.9911,0.9841,267.7093,5.4432,106.9578,1.3474,115.0080,-0.1095,21.1864,16.0000,5000,4500,120,0.5500,500
ISLAND_ROPAX-01,ISLAND_ROPAX,pax,2025-01-02 03:00:00,synthetic,16.1827,16.0749,0.8098,0.9897,1.0002,267.8343,7.4487,113.8065,1.4642,126.5801,-0.1078,21.5766,16.0000,5000,4500,120,0.5500,500
ISLAND_ROPAX-01,ISLAND_ROPAX,pax,2025-01-02 06:00:00,synthetic,15.6593,15.3550,0.8221,0.9891,1.1223,267.9593,6.2588,112.7700,1.2128,104.4585,-0.3043,19.7074,16.0000,5000,4500,120,0.5500,500
ISLAND_ROPAX-01,ISLAND_ROPAX,pax,2025-01-03 03:00:00,synthetic,15.3665,14.6010,0.4917,0.9705,0.7031,268.8343,3.9890,106.5389,0.8238,113.7738,-0.7654,18.8356,16.0000,5000,4500,120,0.5500,500
ISLAND_ROPAX-01,ISLAND_ROPAX,pax,2025-01-03 06:00:00,synthetic,15.3217,14.5090,0.4562,0.9706,0.8636,268.9593,4.4482,100.0841,0.8269,136.5971,-0.8126,18.1371,16.0000,5000,4500,120,0.5500,500
ISLAND_ROPAX-01,ISLAND_ROPAX,pax,2025-01-03 09:00:00,synthetic,15.6828,14.6465,0.4700,0.9689,1.0308,269.0843,2.5762,103.3796,0.7363,60.0914,-1.0363,18.8220,16.0000,5000,4500,120,0.5500,500
ISLAND_ROPAX-01,ISLAND_ROPAX,pax,2025-01-03 12:00:00,synthetic,15.2577,14.2566,0.4720,0.9685,0.9619,269.2093,3.6089,109.6950,0.6871,126.2475,-1.0011,17.3168,16.0000,5000,4500,120,0.5500,500
ISLAND_ROPAX-01,ISLAND_ROPAX,pax,2025-01-03 15:00:00,synthetic,15.0057,14.3485,0.4755,0.9719,0.9315,269.3343,5.3441,108.5155,0.8713,142.1449,-0.6571,16.7260,16.0000,5000,4500,120,0.5500,500
ISLAND_ROPAX-01,ISLAND_ROPAX,pax,2025-01-03 18:00:00,synthetic,15.3916,14.6503,0.4666,0.9742,1.0262,269.4593,7.2373,105.6580,1.0910,66.4369,-0.7414,18.0148,16.0000,5000,4500,120,0.5500,500
ISLAND_ROPAX-01,ISLAND_ROPAX,pax,2025-01-03 21:00:00,synthetic,15.1613,14.2758,0.4756,0.9740,0.9843,269.5843,7.7672,105.9396,1.6059,92.6866,-0.8855,18.7138,16.0000,5000,4500,120,0.5500,500
ISLAND_ROPAX-01,ISLAND_ROPAX,pax,2025-01-04 00:00:00,synthetic,15.0295,14.3930,0.4603,0.9742,1.0431,269.7093,7.0538,117.5107,1.3719,135.3240,-0.6365,17.6118,16.0000,5000,4500,120,0.5500,500
ISLAND_ROPAX-01,ISLAND_ROPAX,pax,2025-01-04 03:00:00,synthetic,15.0304,14.3526,0.4820,0.9724,1.1607,269.8343,7.2531,125.5663,1.3067,136.2696,-0.6777,16.6966,16.0000,5000,4500,120,0.5500,500
ISLAND_ROPAX-01,ISLAND_ROPAX,pax,2025-01-04 06:00:00,synthetic,14.6936,13.8785,0.4912,0.9746,1.0539,269.9593,4.9197,138.3776,1.1053,143.0510,-0.8151,16.0377,16.0000,5000,4500,120,0.5500,500
ISLAND_ROPAX-01,ISLAND_ROPAX,pax,2025-01-05 09:00:00,synthetic,13.3207,13.0515,0.4318,0.9702,1.0750,271.0843,5.4598,141.6992,1.1908,151.5802,-0.2691,12.6444,16.0000,5000,4500,120,0.5500,500
ISLAND_ROPAX-01,ISLAND_ROPAX,pax,2025-01-05 12:00:00,synthetic,13.2600,12.8394,0.4382,0.9719,1.0714,271.2093,6.7048,145.8251,1.3424,177.5790,-0.4206,12.6092,16.0000,5000,4500,120,0.5500,500
ISLAND_ROPAX-01,ISLAND_ROPAX,pax,2025-01-05 15:00:00,synthetic,13.5781,13.0340,0.4278,0.9701,0.9034,271.3343,6.2308,137.5901,1.2387,103.9459,-0.5442,13.0114,16.0000,5000,4500,120,0.5500,500
ISLAND_ROPAX-01,ISLAND_ROPAX,pax,2025-01-05 18:00:00,synthetic,13.3750,12.8175,0.4204,0.9686,0.8872,271.4593,6.7272,136.1192,1.4839,140.3918,-0.5576,12.9568,16.0000,5000,4500,120,0.5500,500
ISLAND_ROPAX-01,ISLAND_ROPAX,pax,2025-01-05 21:00:00,synthetic,13.4783,12.9173,0.4141,0.9691,0.8173,271.5843,6.3684,121.1497,1.2242,158.0291,-0.5609,12.5639,16.0000,5000,4500,120,0.5500,500
ISLAND_ROPAX-01,ISLAND_ROPAX,pax,2025-01-06 00:00:00,synthetic,13.6249,12.6836,0.4237,0.9677,0.9708,271.7093,6.8780,114.0991,1.3907,99.1567,-0.9413,13.6837,16.0000,5000,4500,120,0.5500,500
ISLAND_ROPAX-01,ISLAND_ROPAX,pax,2025-01-06 03:00:00,synthetic,13.5122,12.9636,0.4252,0.9681,0.9029,271.8343,8.9315,110.1410,1.8231,116.5749,-0.5486,13.7999,16.0000,5000,4500,120,0.5500,500
ISLAND_ROPAX-01,ISLAND_ROPAX,pax,2025-01-06 06:00:00,synthetic,13.3826,12.7870,0.4344,0.9669,1.0893,271.9593,7.6182,117.7900,1.7878,136.1560,-0.5956,13.1733,16.0000,5000,4500,120,0.5500,500
ISLAND_ROPAX-01,ISLAND_ROPAX,pax,2025-01-06 09:00:00,synthetic,13.2354,12.6681,0.4268,0.9669,1.2894,272.0843,8.7840,114.0911,2.1999,139.9644,-0.5673,13.0152,16.0000,5000,4500,120,0.5500,500
ISLAND_ROPAX-01,ISLAND_ROPAX,pax,2025-01-07 03:00:00,synthetic,16.1364,15.6976,0.3852,0.9606,1.7620,272.8343,9.4486,98.1859,2.3639,75.4835,-0.4388,22.5003,16.0000,5000,4500,120,0.5500,500
ISLAND_ROPAX-01,ISLAND_ROPAX,pax,2025-01-07 06:00:00,synthetic,16.1554,15.5947,0.3739,0.9592,1.8319,272.9593,10.4490,88.8252,2.4056,61.4861,-0.5607,21.9864,16.0000,5000,4500,120,0.5500,500
ISLAND_ROPAX-01,ISLAND_ROPAX,pax,2025-01-07 09:00:00,synthetic,16.2852,15.8201,0.3634,0.9596,2.0544,273.0843,10.2397,97.0570,2.0286,120.6548,-0.4650,23.0891,16.0000,5000,4500,120,0.5500,500
ISLAND_ROPAX-01,ISLAND_ROPAX,pax,2025-01-07 12:00:00,synthetic,16.0248,15.3307,0.3788,0.9591,1.9629,273.2093,10.1320,85.9048,2.0339,92.0709,-0.6941,21.9440,16.0000,5000,4500,120,0.5500,500
ISLAND_ROPAX-01,ISLAND_ROPAX,pax,2025-01-07 15:00:00,synthetic,16.0209,15.4165,0.3766,0.9587,1.7198,273.3343,9.8614,90.5808,2.3224,81.0251,-0.6044,21.5232,16.0000,5000,4500,120,0.5500,500
ISLAND_ROPAX-01,ISLAND_ROPAX,pax,2025-01-08 18:00:00,synthetic,12.2663,11.8159,0.5326,0.9720,1.5908,274.4593,9.0404,68.8575,1.8686,107.1320,-0.4505,11.9017,16.0000,5000,4500,120,0.5500,500
ISLAND_ROPAX-01,ISLAND_ROPAX,pax,2025-01-08 21:00:00,synthetic,12.0014,11.8342,0.5241,0.9699,1.3463,274.5843,7.9244,70.4385,1.6898,63.9893,-0.1672,11.4459,16.0000,5000,4500,120,0.5500,500
ISLAND_ROPAX-01,ISLAND_ROPAX,pax,2025-01-09 00:00:00,synthetic,12.1280,12.3742,0.5311,0.9684,1.3397,274.7093,7.2518,75.6114,1.3006,95.8050,0.2462,11.4387,16.0000,5000,4500,120,0.5500,500
ISLAND_ROPAX-01,ISLAND_ROPAX,pax,2025-01-09 03:00:00,synthetic,12.1766,12.6693,0.5396,0.9725,1.4601,274.8343,3.8992,71.7162,0.9111,96.1700,0.4927,11.6854,16.0000,5000,4500,120,0.5500,500
ISLAND_ROPAX-01,ISLAND_ROPAX,pax,2025-01-09 06:00:00,synthetic,11.9406,12.2870,0.5512,0.9711,1.5881,274.9593,4.5110,77.5099,1.0198,83.4656,0.3463,10.8660,16.0000,5000,4500,120,0.5500,500
ISLAND_ROPAX-01,ISLAND_ROPAX,pax,2025-01-09 09:00:00,synthetic,12.1900,12.7963,0.5174,0.9712,1.6378,275.0843,5.4491,74.4342,1.1489,64.4246,0.6062,10.7869,16.0000,5000,4500,120,0.5500,500
ISLAND_ROPAX-01,ISLAND_ROPAX,pax,2025-01-10 03:00:00,synthetic,13.3471,13.6948,0.9695,1.0026,1.6423,275.8343,5.5756,54.4766,1.0969,45.0774,0.3477,13.7439,16.0000,5000,4500,120,0.5500,500
ISLAND_ROPAX-01,ISLAND_ROPAX,pax,2025-01-10 06:00:00,synthetic,13.3823,13.7121,0.9927,1.0040,1.7830,275.9593,7.0203,45.4058,1.3968,34.4564,0.3298,15.0128,16.0000,5000,4500,120,0.5500,500
ISLAND_ROPAX-01,ISLAND_ROPAX,pax,2025-01-10 09:00:00,synthetic,13.1859,13.6535,0.9941,1.0039,1.8568,276.0843,6.3388,50.2216,1.3546,55.4266,0.4677,14.0198,16.0000,5000,4500,120,0.5500,500
ISLAND_ROPAX-01,ISLAND_ROPAX,pax,2025-01-10 12:00:00,synthetic,13.3771,13.8098,0.9960,1.0048,1.9099,276.2093,6.7154,47.7732,1.1967,44.7802,0.4328,14.4815,16.0000,5000,4500,120,0.5500,500
ISLAND_ROPAX-01,ISLAND_ROPAX,pax,2025-01-10 15:00:00,synthetic,13.3510,13.7618,0.9920,1.0059,1.9593,276.3343,6.9437,50.9096,1.3879,30.6960,0.4108,14.5894,16.0000,5000,4500,120,0.5500,500
ISLAND_ROPAX-01,ISLAND_ROPAX,pax,2025-01-12 03:00:00,synthetic,13.0740,13.0453,0.8231,1.0016,1.7569,277.8343,4.2082,12.8861,1.6600,16.6776,-0.0288,14.9470,16.0000,5000,4500,120,0.5500,500
ISLAND_ROPAX-01,ISLAND_ROPAX,pax,2025-01-12 06:00:00,synthetic,13.2609,13.2399,0.8185,1.0011,1.8699,277.9593,2.7022,18.2328,1.5358,11.2963,-0.0211,13.7040,16.0000,5000,4500,120,0.5500,500
ISLAND_ROPAX-01,ISLAND_ROPAX,pax,2025-01-12 09:00:00,synthetic,13.2834,13.6526,0.8327,0.9994,1.8343,278.0843,5.9392,29.9464,1.6686,32.7984,0.3692,14.9905,16.0000,5000,4500,120,0.5500,500
ISLAND_ROPAX-01,ISLAND_ROPAX,pax,2025-01-12 12:00:00,synthetic,13.3759,13.6970,0.8521,0.9964,1.7121,278.2093,5.1259,18.7835,1.7298,0.0000,0.3211,15.1504,16.0000,5000,4500,120,0.5500,500
ISLAND_ROPAX-01,ISLAND_ROPAX,pax,2025-01-12 15:00:00,synthetic,13.5079,13.7803,0.8292,0.9960,1.6754,278.3343,3.4424,32.9227,1.6234,59.8040,0.2724,15.1685,16.0000,5000,4500,120,0.5500,500
ISLAND_ROPAX-01,ISLAND_ROPAX,pax,2025-01-12 18:00:00,synthetic,13.6344,13.8867,0.8432,0.9929,1.5221,278.4593,6.3995,45.1394,1.7879,35.1923,0.2523,15.1312,16.0000,5000,4500,120,0.5500,500
ISLAND_ROPAX-01,ISLAND_ROPAX,pax,2025-01-12 21:00:00,synthetic,13.4944,13.8953,0.8326,0.9911,1.3199,278.5843,11.2574,48.4220,2.3461,63.0259,0.4009,15.4665,16.0000,5000,4500,120,0.5500,500
ISLAND_ROPAX-01,ISLAND_ROPAX,pax,2025-01-13 00:00:00,synthetic,13.1976,14.0417,0.8314,0.9912,1.3787,278.7093,9.3742,38.9167,2.2722,34.2199,0.8440,15.6022,16.0000,5000,4500,120,0.5500,500
ISLAND_ROPAX-01,ISLAND_ROPAX,pax,2025-01-13 03:00:00,synthetic,12.9775,13.9756,0.8296,0.9901,1.6108,278.8343,6.3101,51.8555,2.2778,69.3381,0.9981,13.9715,16.0000,5000,4500,120,0.5500,500
ISLAND_ROPAX-01,ISLAND_ROPAX,pax,2025-01-13 06:00:00,synthetic,13.0831,13.6491,0.8325,0.9899,1.7286,278.9593,7.9337,52.9290,2.1713,60.7902,0.5660,14.6710,16.0000,5000,4500,120,0.5500,500
ISLAND_ROPAX-01,ISLAND_ROPAX,pax,2025-01-14 15:00:00,synthetic,10.0648,11.0063,0.6495,0.9764,2.0148,280.3343,5.9323,54.5259,1.4835,46.1611,0.9415,8.5035,16.0000,5000,4500,120,0.5500,500
ISLAND_ROPAX-01,ISLAND_ROPAX,pax,2025-01-14 18:00:00,synthetic,10.1907,10.9712,0.6124,0.9764,2.0850,280.4593,5.2632,53.2386,1.5122,41.8283,0.7805,8.0572,16.0000,5000,4500,120,0.5500,500
ISLAND_ROPAX-01,ISLAND_ROPAX,pax,2025-01-14 21:00:00,synthetic,10.2504,11.2572,0.6182,0.9760,2.0286,280.5843,7.8038,62.9049,1.7136,50.3361,1.0068,8.8754,16.0000,5000,4500,120,0.5500,500
ISLAND_ROPAX-01,ISLAND_ROPAX,pax,2025-01-15 00:00:00,synthetic,10.2611,11.1217,0.6259,0.9772,1.8804,280.7093,5.6649,57.0167,1.5142,98.2211,0.8606,8.3645,16.0000,5000,4500,120,0.5500,500
ISLAND_ROPAX-01,ISLAND_ROPAX,pax,2025-01-15 03:00:00,synthetic,10.2276,11.1976,0.6338,0.9774,2.1186,280.8343,5.5107,52.2568,1.6532,53.5681,0.9700,8.6232,16.0000,5000,4500,120,0.5500,500
ISLAND_ROPAX-01,ISLAND_ROPAX,pax,2025-01-15 06:00:00,synthetic,9.9063,10.8267,0.6484,0.9774,2.0710,280.9593,6.7574,43.0643,1.6148,60.2140,0.9204,8.2059,16.0000,5000,4500,120,0.5500,500
ISLAND_ROPAX-01,ISLAND_ROPAX,pax,2025-01-16 15:00:00,synthetic,14.2864,14.3583,0.8062,0.9869,1.4786,282.3343,8.1633,2.8053,1.8281,0.0000,0.0719,18.2106,16.0000,5000,4500,120,0.5500,500
ISLAND_ROPAX-01,ISLAND_ROPAX,pax,2025-01-16 18:00:00,synthetic,14.4232,14.2727,0.8135,0.9901,1.5924,282.4593,4.6097,14.2137,1.3269,50.5554,-0.1505,16.7096,16.0000,5000,4500,120,0.5500,500
ISLAND_ROPAX-01,ISLAND_ROPAX,pax,2025-01-16 21:00:00,synthetic,14.3193,14.1207,0.8198,0.9913,1.5897,282.5843,6.1222,31.3084,1.3356,30.5488,-0.1986,16.7137,16.0000,5000,4500,120,0.5500,500
ISLAND_ROPAX-01,ISLAND_ROPAX,pax,2025-01-17 00:00:00,synthetic,13.9327,13.6422,0.8140,0.9928,1.6737,282.7093,5.0202,28.6042,1.2219,51.1392,-0.2905,15.6355,16.0000,5000,4500,120,0.5500,500
ISLAND_ROPAX-01,ISLAND_ROPAX,pax,2025-01-17 03:00:00,synthetic,14.1355,14.0427,0.8089,0.9914,1.7842,282.8343,3.5068,25.7170,1.1328,27.2898,-0.0928,15.8322,16.0000,5000,4500,120,0.5500,500
ISLAND_ROPAX-01,ISLAND_ROPAX,pax,2025-01-17 06:00:00,synthetic,14.1780,13.9666,0.8007,0.9902,1.8327,282.9593,5.6318,27.7480,1.1916,0.0000,-0.2114,17.2593,16.0000,5000,4500,120,0.5500,500
ISLAND_ROPAX-01,ISLAND_ROPAX,pax,2025-01-17 09:00:00,synthetic,14.5070,14.1748,0.8143,0.9916,1.9533,283.0843,6.2349,40.5005,1.5796,48.3954,-0.3321,18.1904,16.0000,5000,4500,120,0.5500,500
ISLAND_ROPAX-01,ISLAND_ROPAX,pax,2025-01-17 12:00:00,synthetic,14.5436,14.3917,0.8117,0.9921,2.0490,283.2093,5.6736,38.4335,1.5268,26.3805,-0.1519,17.6950,16.0000,5000,4500,120,0.5500,500
ISLAND_ROPAX-01,ISLAND_ROPAX,pax,2025-01-17 15:00:00,synthetic,14.5251,14.2946,0.8307,0.9911,1.8886,283.3343,3.8086,36.3870,1.2936,49.6406,-0.2306,17.6557,16.0000,5000,4500,120,0.5500,500
ISLAND_ROPAX-01,ISLAND_ROPAX,pax,2025-01-17 18:00:00,synthetic,14.5280,14.2669,0.8403,0.9916,1.9103,283.4593,4.8412,32.0318,1.1848,8.0717,-0.2611,17.5735,16.0000,5000,4500,120,0.5500,500
ISLAND_ROPAX-01,ISLAND_ROPAX,pax,2025-01-17 21:00:00,synthetic,14.5211,13.8813,0.8051,0.9941,2.1183,283.5843,5.8127,29.9423,1.4208,39.0411,-0.6398,17.3282,16.0000,5000,4500,120,0.5500,500
ISLAND_ROPAX-01,ISLAND_ROPAX,pax,2025-01-18 06:00:00,synthetic,15.4279,14.6027,0.3542,0.9587,1.8838,283.9593,4.7851,40.2708,1.2757,34.8079,-0.8252,20.4227,16.0000,5000,4500,120,0.5500,500
ISLAND_ROPAX-01,ISLAND_ROPAX,pax,2025-01-18 09:00:00,synthetic,15.6085,14.7377,0.3711,0.9573,1.8749,284.0843,6.2548,37.0463,1.5081,46.1123,-0.8708,21.6593,16.0000,5000,4500,120,0.5500,500
ISLAND_ROPAX-01,ISLAND_ROPAX,pax,2025-01-18 12:00:00,synthetic,15.3079,14.2891,0.3497,0.9573,1.8838,284.2093,9.6950,15.9156,1.9289,0.0000,-1.0187,22.2658,16.0000,5000,4500,120,0.5500,500
ISLAND_ROPAX-01,ISLAND_ROPAX,pax,2025-01-18 15:00:00,synthetic,15.4535,14.4907,0.3838,0.9568,1.7369,284.3343,8.3913,14.9088,1.9223,12.2820,-0.9628,22.8687,16.0000,5000,4500,120,0.5500,500
ISLAND_ROPAX-01,ISLAND_ROPAX,pax,2025-01-18 18:00:00,synthetic,15.7973,14.8782,0.3451,0.9575,1.6710,284.4593,7.8259,20.5863,1.8137,42.6265,-0.9191,24.0531,16.0000,5000,4500,120,0.5500,500
ISLAND_ROPAX-01,ISLAND_ROPAX,pax,2025-01-18 21:00:00,synthetic,15.6123,14.7949,0.3614,0.9566,1.5455,284.5843,8.6614,30.9253,2.0430,48.2604,-0.8174,22.7549,16.0000,5000,4500,120,0.5500,500
ISLAND_ROPAX-01,ISLAND_ROPAX,pax,2025-01-19 00:00:00,synthetic,15.6742,14.8624,0.3664,0.9574,1.3611,284.7093,11.4123,20.0348,2.3850,32.5853,-0.8118,25.0506,16.0000,5000,4500,120,0.5500,500
ISLAND_ROPAX-01,ISLAND_ROPAX,pax,2025-01-19 03:00:00,synthetic,15.8248,14.7332,0.3580,0.9576,1.5844,284.8343,8.8050,27.0364,1.8365,22.2187,-1.0916,23.6508,16.0000,5000,4500,120,0.5500,500
ISLAND_ROPAX-01,ISLAND_ROPAX,pax,2025-01-19 06:00:00,synthetic,15.5504,14.2650,0.3675,0.9599,1.5884,284.9593,8.8818,38.3945,1.9216,43.0104,-1.2855,21.4064,16.0000,5000,4500,120,0.5500,500
ISLAND_ROPAX-01,ISLAND_ROPAX,pax,2025-01-19 09:00:00,synthetic,15.3876,14.0613,0.3611,0.9604,1.4031,285.0843,9.1910,24.2951,2.1675,5.8343,-1.3262,22.8488,16.0000,5000,4500,120,0.5500,500
ISLAND_ROPAX-01,ISLAND_ROPAX,pax,2025-01-20 00:00:00,synthetic,16.0676,15.6110,0.7193,0.9888,1.2270,285.7093,9.9454,26.3338,2.4209,28.9721,-0.4566,25.8573,16.0000,5000,4500,120,0.5500,500
ISLAND_ROPAX-01,ISLAND_ROPAX,pax,2025-01-20 03:00:00,synthetic,15.7816,15.5991,0.7041,0.9870,1.3528,285.8343,9.7542,23.1826,1.7494,14.6692,-0.1825,24.0398,16.0000,5000,4500,120,0.5500,500
ISLAND_ROPAX-01,ISLAND_ROPAX,pax,2025-01-20 06:00:00,synthetic,16.0025,15.8836,0.7139,0.9893,1.2558,285.9593,5.8498,24.4199,1.2994,38.5033,-0.1189,23.7725,16.0000,5000,4500,120,0.5500,500
ISLAND_ROPAX-01,ISLAND_ROPAX,pax,2025-01-20 09:00:00,synthetic,16.1799,16.1456,0.7004,0.9894,1.5009,286.0843,7.7818,34.6316,1.3905,11.4830,-0.0342,25.0391,16.0000,5000,4500,120,0.5500,500
ISLAND_ROPAX-01,ISLAND_ROPAX,pax,2025-01-20 12:00:00,synthetic,15.9246,16.1975,0.6921,0.9906,1.6180,286.2093,9.9729,38.2578,1.8143,0.0000,0.2728,25.2317,16.0000,5000,4500,120,0.5500,500
ISLAND_ROPAX-01,ISLAND_ROPAX,pax,2025-01-20 15:00:00,synthetic,16.1614,16.5288,0.7054,0.9914,1.5326,286.3343,8.0850,40.6639,1.7611,48.4512,0.3674,24.6165,16.0000,5000,4500,120,0.5500,500
ISLAND_ROPAX-01,ISLAND_ROPAX,pax,2025-01-20 18:00:00,synthetic,16.5000,16.8324,0.7154,0.9924,1.5713,286.4593,7.4826,35.7723,1.7790,26.0254,0.3324,26.2266,16.0000,5000,4500,120,0.5500,500
ISLAND_ROPAX-01,ISLAND_ROPAX,pax,2025-01-20 21:00:00,synthetic,16.5000,16.7736,0.7017,0.9932,1.4359,286.5843,6.6588,44.2833,1.6384,44.1529,0.2736,26.9430,16.0000,5000,4500,120,0.5500,500
ISLAND_ROPAX-01,ISLAND_ROPAX,pax,2025-01-21 00:00:00,synthetic,16.5000,17.0176,0.7224,0.9926,1.4712,286.7093,9.8261,46.2485,1.6002,73.6168,0.5176,26.7321,16.0000,5000,4500,120,0.5500,500
ISLAND_ROPAX-01,ISLAND_ROPAX,pax,2025-01-21 03:00:00,synthetic,16.5000,16.9322,0.7287,0.9919,1.6291,286.8343,7.1580,40.9321,1.3992,62.3290,0.4322,25.6284,16.0000,5000,4500,120,0.5500,500
ISLAND_ROPAX-01,ISLAND_ROPAX,pax,2025-01-21 06:00:00,synthetic,16.5000,17.2309,0.7171,0.9926,1.7903,286.9593,6.5371,33.6740,1.1541,75.2274,0.7309,27.0356,16.0000,5000,4500,120,0.5500,500
ISLAND_ROPAX-01,ISLAND_ROPAX,pax,2025-01-21 09:00:00,synthetic,16.5000,17.1958,0.7206,0.9915,1.8435,287.0843,4.6384,35.5374,0.9396,41.0353,0.6958,26.4154,16.0000,5000,4500,120,0.5500,500
ISLAND_ROPAX-01,ISLAND_ROPAX,pax,2025-01-22 18:00:00,synthetic,15.1490,15.5552,0.9397,1.0039,1.4775,288.4593,7.2454,54.6231,1.5788,58.0256,0.4062,19.2053,16.0000,5000,4500,120,0.5500,500
ISLAND_ROPAX-01,ISLAND_ROPAX,pax,2025-01-22 21:00:00,synthetic,15.1103,15.5273,0.9465,1.0046,1.5384,288.5843,8.1155,54.0487,1.7788,44.9105,0.4170,20.6183,16.0000,5000,4500,120,0.5500,500
ISLAND_ROPAX-01,ISLAND_ROPAX,pax,2025-01-23 00:00:00,synthetic,14.9076,15.0879,0.9649,1.0042,1.3131,288.7093,7.8978,63.7007,1.3835,59.6936,0.1803,18.1431,16.0000,5000,4500,120,0.5500,500
ISLAND_ROPAX-01,ISLAND_ROPAX,pax,2025-01-23 03:00:00,synthetic,14.8647,14.8688,0.9546,1.0046,1.3652,288.8343,7.7681,65.8660,1.5019,78.8586,0.0041,17.9908,16.0000,5000,4500,120,0.5500,500
ISLAND_ROPAX-01,ISLAND_ROPAX,pax,2025-01-23 06:00:00,synthetic,14.4245,14.3333,0.9650,1.0060,1.0930,288.9593,8.1373,55.6142,1.6190,54.7027,-0.0912,17.0109,16.0000,5000,4500,120,0.5500,500
ISLAND_ROPAX-01,ISLAND_ROPAX,pax,2025-01-24 03:00:00,synthetic,13.7923,13.7945,0.3761,0.9673,0.8783,289.8343,8.7049,36.8989,1.8693,34.5614,0.0023,15.8235,16.0000,5000,4500,120,0.5500,500
ISLAND_ROPAX-01,ISLAND_ROPAX,pax,2025-01-24 06:00:00,synthetic,13.7398,13.7212,0.3532,0.9684,0.9923,289.9593,6.2607,51.1622,1.6297,56.7694,-0.0186,15.1857,16.0000,5000,4500,120,0.5500,500
ISLAND_ROPAX-01,ISLAND_ROPAX,pax,2025-01-24 09:00:00,synthetic,13.7200,13.4665,0.3744,0.9678,1.2349,290.0843,9.2338,45.3650,1.6966,62.2232,-0.2535,15.8552,16.0000,5000,4500,120,0.5500,500
ISLAND_ROPAX-01,ISLAND_ROPAX,pax,2025-01-24 12:00:00,synthetic,13.6623,13.5399,0.3609,0.9666,1.1663,290.2093,6.0374,48.3559,1.1737,38.7985,-0.1225,14.5771,16.0000,5000,4500,120,0.5500,500
ISLAND_ROPAX-01,ISLAND_ROPAX,pax,2025-01-24 15:00:00,synthetic,13.9556,13.8462,0.3962,0.9648,1.0821,290.3343,7.7966,33.6730,1.6244,55.9082,-0.1094,16.3720,16.0000,5000,4500,120,0.5500,500
ISLAND_ROPAX-01,ISLAND_ROPAX,pax,2025-01-25 12:00:00,synthetic,12.8150,12.8263,0.4949,0.9755,1.1921,291.2093,8.9343,40.0469,1.9861,15.5462,0.0113,14.7961,16.0000,5000,4500,120,0.5500,500
ISLAND_ROPAX-01,ISLAND_ROPAX,pax,2025-01-25 15:00:00,synthetic,13.0609,13.2295,0.4881,0.9767,1.4217,291.3343,11.1406,42.0905,2.8405,22.1204,0.1685,16.2517,16.0000,5000,4500,120,0.5500,500
ISLAND_ROPAX-01,ISLAND_ROPAX,pax,2025-01-25 18:00:00,synthetic,12.9292,13.1592,0.5013,0.9767,1.2870,291.4593,11.6698,46.2699,3.4805,27.3491,0.2300,16.5236,16.0000,5000,4500,120,0.5500,500
ISLAND_ROPAX-01,ISLAND_ROPAX,pax,2025-01-25 21:00:00,synthetic,13.1576,13.4156,0.4864,0.9776,1.1166,291.5843,12.8843,43.8681,3.4234,56.2416,0.2580,15.7421,16.0000,5000,4500,120,0.5500,500
ISLAND_ROPAX-01,ISLAND_ROPAX,pax,2025-01-26 00:00:00,synthetic,13.8353,13.9563,0.4906,0.9760,0.9832,291.7093,14.4228,37.8970,4.0057,26.2637,0.1211,19.5759,16.0000,5000,4500,120,0.5500,500
ISLAND_ROPAX-01,ISLAND_ROPAX,pax,2025-01-26 03:00:00,synthetic,13.7033,13.6697,0.5051,0.9770,1.0572,291.8343,12.9081,42.5931,3.6815,77.3450,-0.0336,17.7018,16.0000,5000,4500,120,0.5500,500
ISLAND_ROPAX-01,ISLAND_ROPAX,pax,2025-01-26 06:00:00,synthetic,13.7334,13.7056,0.4849,0.9788,0.9042,291.9593,13.2253,35.6205,3.9117,29.0975,-0.0278,20.1468,16.0000,5000,4500,120,0.5500,500
ISLAND_ROPAX-01,ISLAND_ROPAX,pax,2025-01-26 09:00:00,synthetic,13.9434,14.1013,0.4870,0.9778,0.6239,292.0843,10.0089,37.0761,2.7963,9.7070,0.1579,18.8020,16.0000,5000,4500,120,0.5500,500
ISLAND_ROPAX-01,ISLAND_ROPAX,pax,2025-01-27 06:00:00,synthetic,10.3792,10.0504,0.5016,0.9793,0.1057,292.9593,12.4046,24.2759,2.8971,17.2637,-0.3288,10.5017,16.0000,5000,4500,120,0.5500,500
ISLAND_ROPAX-01,ISLAND_ROPAX,pax,2025-01-27 09:00:00,synthetic,10.5960,10.2244,0.5243,0.9795,0.1793,293.0843,8.2976,37.8824,1.8720,46.9352,-0.3716,9.7946,16.0000,5000,4500,120,0.5500,500
ISLAND_ROPAX-01,ISLAND_ROPAX,pax,2025-01-27 12:00:00,synthetic,10.9151,10.8163,0.5211,0.9788,0.2858,293.2093,11.0326,37.8950,2.0767,85.6105,-0.0989,10.4768,16.0000,5000,4500,120,0.5500,500
ISLAND_ROPAX-01,ISLAND_ROPAX,pax,2025-01-27 15:00:00,synthetic,10.9519,10.9854,0.4992,0.9796,0.3034,293.3343,10.6815,43.2755,2.5873,27.1374,0.0335,11.8354,16.0000,5000,4500,120,0.5500,500
ISLAND_ROPAX-01,ISLAND_ROPAX,pax,2025-01-27 18:00:00,synthetic,10.7425,10.6990,0.5148,0.9806,0.3109,293.4593,10.1024,34.7553,2.4558,59.5882,-0.0435,10.5806,16.0000,5000,4500,120,0.5500,500
ISLAND_ROPAX-01,ISLAND_ROPAX,pax,2025-01-27 21:00:00,synthetic,10.5917,10.4768,0.5052,0.9814,0.2530,293.5843,11.9878,44.3509,3.2941,42.5790,-0.1149,11.3768,16.0000,5000,4500,120,0.5500,500
ISLAND_ROPAX-01,ISLAND_ROPAX,pax,2025-01-28 00:00:00,synthetic,10.7237,10.4848,0.5203,0.9814,0.3335,293.7093,11.9862,41.1311,2.7742,35.0295,-0.2389,11.2428,16.0000,5000,4500,120,0.5500,500
ISLAND_ROPAX-01,ISLAND_ROPAX,pax,2025-01-29 00:00:00,synthetic,15.7698,16.0774,0.3534,0.9666,-0.1609,294.7093,11.2916,70.7948,2.6276,115.7119,0.3076,22.2715,16.0000,5000,4500,120,0.5500,500
ISLAND_ROPAX-01,ISLAND_ROPAX,pax,2025-01-29 03:00:00,synthetic,15.6806,16.2017,0.3531,0.9647,0.0103,294.8343,9.0668,73.5587,2.3570,79.1023,0.5211,21.5269,16.0000,5000,4500,120,0.5500,500
ISLAND_ROPAX-01,ISLAND_ROPAX,pax,2025-01-29 06:00:00,synthetic,15.6152,16.3211,0.3276,0.9649,-0.0221,294.9593,8.9541,93.3358,1.8835,80.7558,0.7059,20.5299,16.0000,5000,4500,120,0.5500,500
ISLAND_ROPAX-01,ISLAND_ROPAX,pax,2025-01-29 09:00:00,synthetic,15.5357,16.1459,0.3483,0.9663,-0.2139,295.0843,6.3523,84.1763,1.3518,81.6811,0.6102,20.0974,16.0000,5000,4500,120,0.5500,500
ISLAND_ROPAX-01,ISLAND_ROPAX,pax,2025-01-29 12:00:00,synthetic,15.4451,16.0291,0.3475,0.9632,-0.2240,295.2093,6.3529,66.1419,1.2952,45.6226,0.5840,20.6173,16.0000,5000,4500,120,0.5500,500
ISLAND_ROPAX-01,ISLAND_ROPAX,pax,2025-01-29 15:00:00,synthetic,15.6949,16.2711,0.3476,0.9635,-0.0350,295.3343,6.8447,65.4762,1.3865,81.9696,0.5762,21.2944,16.0000,5000,4500,120,0.5500,500
ISLAND_ROPAX-01,ISLAND_ROPAX,pax,2025-01-29 18:00:00,synthetic,15.4847,15.6634,0.3599,0.9647,0.0817,295.4593,8.3123,62.4193,1.6562,62.2272,0.1788,21.0376,16.0000,5000,4500,120,0.5500,500
ISLAND_ROPAX-01,ISLAND_ROPAX,pax,2025-01-31 03:00:00,synthetic,13.0203,12.9056,0.8179,1.0089,0.6449,296.8343,5.0206,85.2003,1.2315,84.9113,-0.1148,13.1246,16.0000,5000,4500,120,0.5500,500
ISLAND_ROPAX-01,ISLAND_ROPAX,pax,2025-01-31 06:00:00,synthetic,13.0134,12.8732,0.8388,1.0071,0.9483,296.9593,3.8158,75.5340,1.1597,51.0126,-0.1403,12.9273,16.0000,5000,4500,120,0.5500,500
ISLAND_ROPAX-01,ISLAND_ROPAX,pax,2025-01-31 09:00:00,synthetic,12.5796,12.4562,0.8295,1.0085,1.0274,297.0843,4.0626,75.7915,1.0957,70.5639,-0.1234,12.2976,16.0000,5000,4500,120,0.5500,500
ISLAND_ROPAX-01,ISLAND_ROPAX,pax,2025-01-31 12:00:00,synthetic,12.7127,12.7428,0.8290,1.0117,1.0947,297.2093,3.5916,72.4501,1.0909,98.2512,0.0300,12.4070,16.0000,5000,4500,120,0.5500,500
ISLAND_ROPAX-01,ISLAND_ROPAX,pax,2025-01-31 15:00:00,synthetic,12.6595,12.4710,0.8365,1.0105,0.7633,297.3343,1.9037,60.6585,1.1399,28.2100,-0.1884,12.2694,16.0000,5000,4500,120,0.5500,500
ISLAND_ROPAX-01,ISLAND_ROPAX,pax,2025-01-31 18:00:00,synthetic,12.6627,12.4400,0.8208,1.0109,0.9012,297.4593,2.5224,64.4692,1.0887,59.2048,-0.2227,12.0382,16.0000,5000,4500,120,0.5500,500
ISLAND_ROPAX-01,ISLAND_ROPAX,pax,2025-01-31 21:00:00,synthetic,12.4671,12.2670,0.8392,1.0119,0.7606,297.5843,1.7525,69.3143,0.9788,85.1307,-0.2000,11.6205,16.0000,5000,4500,120,0.5500,500
ISLAND_ROPAX-01,ISLAND_ROPAX,pax,2025-02-01 00:00:00,synthetic,12.5824,12.5548,0.8415,1.0109,0.8613,297.7093,3.5456,69.1876,0.9550,40.7153,-0.0276,11.9348,16.0000,5000,4500,120,0.5500,500
ISLAND_ROPAX-01,ISLAND_ROPAX,pax,2025-02-01 03:00:00,synthetic,12.3062,12.3669,0.8116,1.0098,1.0391,297.8343,4.0856,59.4817,0.9573,49.5196,0.0608,11.3456,16.0000,5000,4500,120,0.5500,500
ISLAND_ROPAX-01,ISLAND_ROPAX,pax,2025-02-02 12:00:00,synthetic,11.6249,12.3753,0.9889,1.0162,0.3717,299.2093,3.9513,53.1660,0.8127,106.4863,0.7505,10.4694,16.0000,5000,4500,120,0.5500,500
ISLAND_ROPAX-01,ISLAND_ROPAX,pax,2025-02-02 15:00:00,synthetic,11.3546,12.0731,0.9826,1.0165,0.3977,299.3343,2.7702,51.5559,0.8185,48.4050,0.7185,10.2965,16.0000,5000,4500,120,0.5500,500
ISLAND_ROPAX-01,ISLAND_ROPAX,pax,2025-02-02 18:00:00,synthetic,11.6573,12.4277,1.0000,1.0169,0.7343,299.4593,3.7951,55.8729,0.7944,87.3033,0.7704,10.4306,16.0000,5000,4500,120,0.5500,500
ISLAND_ROPAX-01,ISLAND_ROPAX,pax,2025-02-02 21:00:00,synthetic,11.6506,12.3737,0.9732,1.0168,0.7964,299.5843,1.0983,56.2365,0.6516,67.7908,0.7232,10.6719,16.0000,5000,4500,120,0.5500,500
ISLAND_ROPAX-01,ISLAND_ROPAX,pax,2025-02-03 00:00:00,synthetic,11.4986,12.0770,0.9928,1.0151,0.9548,299.7093,3.7276,59.7892,0.7803,45.7366,0.5784,10.0226,16.0000,5000,4500,120,0.5500,500
ISLAND_ROPAX-01,ISLAND_ROPAX,pax,2025-02-03 15:00:00,synthetic,8.7859,8.9990,0.9729,1.0163,0.7175,300.3343,5.7950,79.9856,0.6972,69.6285,0.2131,5.9894,16.0000,5000,4500,120,0.5500,500
ISLAND_ROPAX-01,ISLAND_ROPAX,pax,2025-02-03 18:00:00,synthetic,8.7257,8.9613,0.9720,1.0171,0.4998,300.4593,2.7491,71.3130,0.7572,81.3881,0.2356,5.9491,16.0000,5000,4500,120,0.5500,500
ISLAND_ROPAX-01,ISLAND_ROPAX,pax,2025-02-03 21:00:00,synthetic,8.8637,9.1419,0.9699,1.0162,0.5358,300.5843,4.3888,79.9683,0.6889,72.2179,0.2782,6.2259,16.0000,5000,4500,120,0.5500,500
ISLAND_ROPAX-01,ISLAND_ROPAX,pax,2025-02-04 00:00:00,synthetic,8.8098,9.3434,0.9686,1.0163,0.3927,300.7093,4.6724,83.7978,0.6748,47.6587,0.5336,6.1052,16.0000,5000,4500,120,0.5500,500
ISLAND_ROPAX-01,ISLAND_ROPAX,pax,2025-02-04 03:00:00,synthetic,9.2391,9.7121,0.9762,1.0162,0.1871,300.8343,5.4333,93.2799,0.5727,79.7328,0.4730,6.6696,16.0000,5000,4500,120,0.5500,500
ISLAND_ROPAX-01,ISLAND_ROPAX,pax,2025-02-04 06:00:00,synthetic,9.4751,9.8491,0.9799,1.0159,0.1599,300.9593,2.4645,96.3668,0.4574,101.8810,0.3740,6.7943,16.0000,5000,4500,120,0.5500,500
ISLAND_ROPAX-01,ISLAND_ROPAX,pax,2025-02-04 09:00:00,synthetic,9.4998,9.7081,0.9610,1.0167,0.0084,301.0843,0.0000,83.2522,0.3448,124.1198,0.2084,6.9901,16.0000,5000,4500,120,0.5500,500
ISLAND_ROPAX-01,ISLAND_ROPAX,pax,2025-02-04 12:00:00,synthetic,9.1237,9.2862,0.9883,1.0174,-0.2385,301.2093,1.6942,85.6980,0.2943,32.5000,0.1625,6.5092,16.0000,5000,4500,120,0.5500,500
ISLAND_ROPAX-01,ISLAND_ROPAX,pax,2025-02-05 15:00:00,synthetic,13.8625,14.2142,0.8993,1.0102,-0.7910,302.3343,2.9214,102.5008,0.4504,70.5445,0.3517,15.0641,16.0000,5000,4500,120,0.5500,500
